ISO-10303-21;
HEADER;
FILE_DESCRIPTION (( 'STEP AP214' ),
    '1' );
FILE_NAME ('W1-LC-01_Parallel_Flexure_RevB.STEP',
    '2026-09-30T13:56:51',
    ( '' ),
    ( '' ),
    'SwSTEP 2.0',
    'SolidWorks 2023',
    '' );
FILE_SCHEMA (( 'AUTOMOTIVE_DESIGN' ));
ENDSEC;

DATA;
#1 = VERTEX_POINT ( 'NONE', #750 ) ;
#2 = CARTESIAN_POINT ( 'NONE',  ( 13.67497681043829694, 3.000000000000000888, 6.901650394113119980 ) ) ;
#3 = CARTESIAN_POINT ( 'NONE',  ( 16.00000000000000355, 1.189166666666667371, 2.799999999999997602 ) ) ;
#4 = CARTESIAN_POINT ( 'NONE',  ( 11.80000000000000249, 2.160833333333332273, 6.999999999999998224 ) ) ;
#5 = CARTESIAN_POINT ( 'NONE',  ( -14.99030409360841354, 2.999999999999999556, -6.497241718881397787 ) ) ;
#6 = ORIENTED_EDGE ( 'NONE', *, *, #868, .F. ) ;
#7 = CARTESIAN_POINT ( 'NONE',  ( -20.49999999999981526, 3.000000000000000000, 7.300000000000117950 ) ) ;
#8 = AXIS2_PLACEMENT_3D ( 'NONE', #507, #851, #1114 ) ;
#9 = CARTESIAN_POINT ( 'NONE',  ( -15.72702858510661272, 0.3500000000000001443, 5.471913503845794224 ) ) ;
#10 = CARTESIAN_POINT ( 'NONE',  ( 16.00000000000000355, 0.3500000000000000333, -2.800000000000001155 ) ) ;
#11 = CARTESIAN_POINT ( 'NONE',  ( -15.91095115395153847, 2.999999999999999556, -4.604532808576471403 ) ) ;
#12 = EDGE_CURVE ( 'NONE', #1001, #658, #762, .T. ) ;
#13 = ORIENTED_EDGE ( 'NONE', *, *, #926, .T. ) ;
#14 = DIRECTION ( 'NONE',  ( -1.000000000000000000, -0.000000000000000000, -0.000000000000000000 ) ) ;
#15 = AXIS2_PLACEMENT_3D ( 'NONE', #386, #640, #450 ) ;
#16 = CARTESIAN_POINT ( 'NONE',  ( -13.13626828020906068, 0.3500000000000001443, 6.970507305179491020 ) ) ;
#17 = CARTESIAN_POINT ( 'NONE',  ( -15.72175044417008216, 0.3500000000000000333, -5.487686260434488261 ) ) ;
#18 = CARTESIAN_POINT ( 'NONE',  ( 16.00000000000000000, 0.2175000000000001377, -2.800000000000001155 ) ) ;
#19 = ORIENTED_EDGE ( 'NONE', *, *, #493, .T. ) ;
#20 = DIRECTION ( 'NONE',  ( -0.000000000000000000, 1.000000000000000000, -0.000000000000000000 ) ) ;
#21 = CARTESIAN_POINT ( 'NONE',  ( -15.99999999999999645, 2.116666666666666252, -2.800000000000001155 ) ) ;
#22 = CARTESIAN_POINT ( 'NONE',  ( 14.36231149743157509, 0.3500000000000000888, -6.763850443408752966 ) ) ;
#23 = CARTESIAN_POINT ( 'NONE',  ( -15.36828202304266000, 0.3500000000000000888, -6.160580512565320355 ) ) ;
#24 = CARTESIAN_POINT ( 'NONE',  ( 14.38927262835139054, 3.000000000000000444, -6.753363804184489005 ) ) ;
#25 = UNCERTAINTY_MEASURE_WITH_UNIT (LENGTH_MEASURE( 1.000000000000000082E-05 ), #939, 'distance_accuracy_value', 'NONE');
#26 = CARTESIAN_POINT ( 'NONE',  ( 15.91647448547286636, 0.3500000000000000888, -4.560357922815231113 ) ) ;
#27 = DIRECTION ( 'NONE',  ( -0.000000000000000000, -0.000000000000000000, -1.000000000000000000 ) ) ;
#28 = CARTESIAN_POINT ( 'NONE',  ( 15.35586495738329660, 0.3500000000000000888, -6.175191751734843137 ) ) ;
#29 = CARTESIAN_POINT ( 'NONE',  ( -15.76385044340948482, 0.3500000000000000888, -5.362311497431512031 ) ) ;
#30 = CARTESIAN_POINT ( 'NONE',  ( 14.50385133796978998, 3.000000000000000444, 6.716248328706666548 ) ) ;
#31 = CARTESIAN_POINT ( 'NONE',  ( 15.67360525923488446, 3.000000000000000888, -5.620751524366808027 ) ) ;
#32 = FACE_OUTER_BOUND ( 'NONE', #221, .T. ) ;
#33 = CARTESIAN_POINT ( 'NONE',  ( 13.60639857584052237, 0.3499999999999999778, 6.910713468386467717 ) ) ;
#34 = CARTESIAN_POINT ( 'NONE',  ( 14.36213839130626013, 3.000000000000000444, 6.763884793768276005 ) ) ;
#35 = CARTESIAN_POINT ( 'NONE',  ( -11.79999999999999538, 3.000000000000000000, 6.999999999999998224 ) ) ;
#36 = LINE ( 'NONE', #42, #1086 ) ;
#37 = CARTESIAN_POINT ( 'NONE',  ( 14.62086211930295043, 0.3500000000000000333, -6.673544149320338903 ) ) ;
#38 = B_SPLINE_CURVE_WITH_KNOTS ( 'NONE', 3,
 ( #753, #1097, #1000, #1091, #148, #404, #922, #395, #674, #311, #1018, #486, #741, #748, #244, #317, #483, #805, #367, #118, #621, #196, #715, #629, #23, #886, #1059, #798, #973, #708, #205, #544, #17, #29, #530, #459, #284, #373, #534, #720, #873, #105, #361, #879, #792 ),
 .UNSPECIFIED., .F., .F.,
 ( 4, 1, 1, 1, 1, 1, 1, 2, 2, 1, 1, 1, 1, 1, 2, 2, 2, 2, 1, 1, 1, 1, 1, 2, 2, 1, 1, 1, 1, 1, 2, 2, 4 ),
 ( 0.000000000000000000, 0.1249999999999942268, 0.1874999999999909794, 0.2187499999999893696, 0.2343749999999885925, 0.2421874999999882039, 0.2460937499999875655, 0.2480468749999867328, 0.2499999999999859279, 0.3124999999999696354, 0.3437499999999611977, 0.3593749999999574229, 0.3671874999999554801, 0.3710937499999548694, 0.3730468749999545919, 0.3749999999999542588, 0.4374999999999441558, 0.4999999999999340528, 0.5624999999999233946, 0.5937499999999177325, 0.6093749999999150679, 0.6171874999999136246, 0.6210937499999131806, 0.6230468749999128475, 0.6249999999999125144, 0.6874999999999191758, 0.7187499999999227285, 0.7343749999999243938, 0.7421874999999249489, 0.7460937499999255040, 0.7480468749999258371, 0.7499999999999261702, 1.000000000000000000 ),
 .UNSPECIFIED. ) ;
#39 = CARTESIAN_POINT ( 'NONE',  ( 16.00000000000000355, 2.160833333333332718, -7.000000000000000888 ) ) ;
#40 = CARTESIAN_POINT ( 'NONE',  ( -25.99999999999981171, 3.000000000000000000, 9.000000000000119016 ) ) ;
#41 = EDGE_CURVE ( 'NONE', #258, #233, #686, .T. ) ;
#42 = CARTESIAN_POINT ( 'NONE',  ( -15.99999999999999645, 3.000000000000000000, -7.000000000000001776 ) ) ;
#43 = CARTESIAN_POINT ( 'NONE',  ( 14.99055688203390346, 0.3500000000000000333, -6.497102039076714242 ) ) ;
#44 = ORIENTED_EDGE ( 'NONE', *, *, #498, .T. ) ;
#45 = DIRECTION ( 'NONE',  ( -0.000000000000000000, 1.000000000000000000, -0.000000000000000000 ) ) ;
#46 = ORIENTED_EDGE ( 'NONE', *, *, #96, .T. ) ;
#47 = AXIS2_PLACEMENT_3D ( 'NONE', #1052, #278, #965 ) ;
#48 = ORIENTED_EDGE ( 'NONE', *, *, #385, .T. ) ;
#49 = CARTESIAN_POINT ( 'NONE',  ( -25.99999999999981526, 3.000000000000000000, -8.999999999999896971 ) ) ;
#50 = EDGE_LOOP ( 'NONE', ( #956, #430, #834, #949 ) ) ;
#51 = PRODUCT_DEFINITION_FORMATION_WITH_SPECIFIED_SOURCE ( 'ANY', '', #1074, .NOT_KNOWN. ) ;
#52 = CARTESIAN_POINT ( 'NONE',  ( -15.90665070412090110, 3.000000000000000444, 4.637686823623328181 ) ) ;
#53 = ORIENTED_EDGE ( 'NONE', *, *, #59, .T. ) ;
#54 = CIRCLE ( 'NONE', #1024, 1.299999999999999156 ) ;
#55 = B_SPLINE_CURVE_WITH_KNOTS ( 'NONE', 3,
 ( #190, #428, #174, #10 ),
 .UNSPECIFIED., .F., .F.,
 ( 4, 4 ),
 ( 0.000000000000000000, 1.000000000000000000 ),
 .UNSPECIFIED. ) ;
#56 = PRESENTATION_LAYER_ASSIGNMENT (  '', '', ( #635 ) ) ;
#57 = ORIENTED_EDGE ( 'NONE', *, *, #385, .F. ) ;
#58 = CARTESIAN_POINT ( 'NONE',  ( 15.72175044417006085, 0.3499999999999999778, 5.487686260434608165 ) ) ;
#59 = EDGE_CURVE ( 'NONE', #149, #783, #1122, .T. ) ;
#60 = APPLICATION_PROTOCOL_DEFINITION ( 'draft international standard', 'automotive_design', 1998, #577 ) ;
#61 = CARTESIAN_POINT ( 'NONE',  ( -15.91014397283954729, 3.000000000000000444, 4.610838967650591869 ) ) ;
#62 = VERTEX_POINT ( 'NONE', #85 ) ;
#63 = ORIENTED_EDGE ( 'NONE', *, *, #644, .F. ) ;
#64 = CARTESIAN_POINT ( 'NONE',  ( 26.00000000000018474, 0.000000000000000000, 9.000000000000119016 ) ) ;
#65 = CARTESIAN_POINT ( 'NONE',  ( -15.86893746367140601, 3.000000000000000000, 4.891378798993601507 ) ) ;
#66 = VERTEX_POINT ( 'NONE', #330 ) ;
#67 = VECTOR ( 'NONE', #1057, 1000.000000000000000 ) ;
#68 = EDGE_LOOP ( 'NONE', ( #648, #655, #1020, #881 ) ) ;
#69 = CARTESIAN_POINT ( 'NONE',  ( 20.50000000000018474, 3.000000000000000000, 6.000000000000119016 ) ) ;
#70 = CARTESIAN_POINT ( 'NONE',  ( -25.99999999999981171, 0.000000000000000000, 9.000000000000119016 ) ) ;
#71 = ORIENTED_EDGE ( 'NONE', *, *, #733, .T. ) ;
#72 = CARTESIAN_POINT ( 'NONE',  ( 15.71623854644353990, 0.3500000000000000888, 5.503869041623580038 ) ) ;
#73 = CARTESIAN_POINT ( 'NONE',  ( -15.99999999999999645, 1.233333333333333171, 2.799999999999998046 ) ) ;
#74 = DIRECTION ( 'NONE',  ( 0.000000000000000000, 1.000000000000000000, -0.000000000000000000 ) ) ;
#75 = ADVANCED_FACE ( 'NONE', ( #1124, #440, #262, #788, #181 ), #1042, .F. ) ;
#76 = MANIFOLD_SOLID_BREP ( 'Ø2.6 (2.6) Diameter Hole1', #976 ) ;
#77 = EDGE_CURVE ( 'NONE', #783, #747, #465, .T. ) ;
#78 = DIRECTION ( 'NONE',  ( -0.000000000000000000, 1.000000000000000000, -0.000000000000000000 ) ) ;
#79 = CARTESIAN_POINT ( 'NONE',  ( -15.44440080258644699, 0.3500000000000001443, 6.061121778378379510 ) ) ;
#80 = CARTESIAN_POINT ( 'NONE',  ( -15.99999999999999822, 3.132499999999999396, -7.000000000000002665 ) ) ;
#81 = CARTESIAN_POINT ( 'NONE',  ( -11.79999999999999538, 3.000000000000000000, -7.000000000000001776 ) ) ;
#82 = FACE_OUTER_BOUND ( 'NONE', #390, .T. ) ;
#83 = CARTESIAN_POINT ( 'NONE',  ( -14.16064989989499878, 0.3500000000000001443, 6.818030588899763877 ) ) ;
#84 = DIRECTION ( 'NONE',  ( -0.000000000000000000, 1.000000000000000000, -0.000000000000000000 ) ) ;
#85 = CARTESIAN_POINT ( 'NONE',  ( 11.80000000000000071, 3.000000000000000000, 6.999999999999998224 ) ) ;
#86 = CIRCLE ( 'NONE', #249, 1.299999999999999156 ) ;
#87 = EDGE_LOOP ( 'NONE', ( #1013, #929, #158, #357 ) ) ;
#88 = CARTESIAN_POINT ( 'NONE',  ( 16.00000000000000355, 1.233333333333333171, 2.799999999999998046 ) ) ;
#89 = CARTESIAN_POINT ( 'NONE',  ( 16.00000000000000355, 3.132499999999999840, 2.799999999999997602 ) ) ;
#90 = EDGE_CURVE ( 'NONE', #487, #1119, #680, .T. ) ;
#91 = PLANE ( 'NONE',  #163 ) ;
#92 = SURFACE_STYLE_FILL_AREA ( #1023 ) ;
#93 = ORIENTED_EDGE ( 'NONE', *, *, #90, .F. ) ;
#94 = LINE ( 'NONE', #1038, #400 ) ;
#95 = CARTESIAN_POINT ( 'NONE',  ( -15.91327069688740892, 0.3500000000000000333, 4.586207570541001033 ) ) ;
#96 = EDGE_CURVE ( 'NONE', #66, #1, #446, .T. ) ;
#97 = DIRECTION ( 'NONE',  ( 0.000000000000000000, 0.000000000000000000, 1.000000000000000000 ) ) ;
#98 = CARTESIAN_POINT ( 'NONE',  ( -13.74850850802042501, 2.999999999999999112, -6.891262478326822816 ) ) ;
#99 = ORIENTED_EDGE ( 'NONE', *, *, #358, .T. ) ;
#100 = B_SPLINE_CURVE_WITH_KNOTS ( 'NONE', 3,
 ( #703, #958, #523, #444, #360, #1028, #423, #95, #189, #866, #1050, #512, #689, #780, #598, #785, #9, #773, #610, #696, #528, #254, #79, #1040, #277, #872, #353, #333, #941, #791, #856, #951, #616, #173, #83, #184, #270, #683, #1044, #427, #1121, #103, #16, #707, #620 ),
 .UNSPECIFIED., .F., .F.,
 ( 4, 1, 1, 1, 1, 1, 1, 2, 2, 1, 1, 1, 1, 1, 2, 2, 2, 2, 1, 1, 1, 1, 1, 2, 2, 1, 1, 1, 1, 1, 2, 2, 4 ),
 ( 0.000000000000000000, 0.1249999999999978906, 0.1874999999999969191, 0.2187499999999964195, 0.2343749999999964750, 0.2421874999999963085, 0.2460937499999960865, 0.2480468749999958644, 0.2499999999999956424, 0.3124999999999862887, 0.3437499999999817923, 0.3593749999999797384, 0.3671874999999791278, 0.3710937499999790168, 0.3730468749999787392, 0.3749999999999784062, 0.4374999999999735767, 0.4999999999999687472, 0.5624999999999639178, 0.5937499999999619194, 0.6093749999999610312, 0.6171874999999609201, 0.6210937499999609201, 0.6230468749999604761, 0.6249999999999601430, 0.6874999999999488187, 0.7187499999999427125, 0.7343749999999396039, 0.7421874999999381606, 0.7460937499999374944, 0.7480468749999370504, 0.7499999999999367173, 1.000000000000000000 ),
 .UNSPECIFIED. ) ;
#101 = CARTESIAN_POINT ( 'NONE',  ( 16.00000000000000355, 3.000000000000000000, 2.799999999999997602 ) ) ;
#102 = CIRCLE ( 'NONE', #986, 1.299999999999999156 ) ;
#103 = CARTESIAN_POINT ( 'NONE',  ( -13.60367068592199402, 0.3500000000000000333, 6.911061092181900456 ) ) ;
#104 = AXIS2_PLACEMENT_3D ( 'NONE', #1043, #766, #183 ) ;
#105 = CARTESIAN_POINT ( 'NONE',  ( -15.91106109218190134, 0.3500000000000000333, -4.603670685922153893 ) ) ;
#106 = CARTESIAN_POINT ( 'NONE',  ( 15.78664198196929469, 3.000000000000000000, 5.274079922034963452 ) ) ;
#107 = EDGE_LOOP ( 'NONE', ( #140, #915, #1003, #761 ) ) ;
#108 = DIRECTION ( 'NONE',  ( -0.000000000000000000, 1.000000000000000000, -0.000000000000000000 ) ) ;
#109 = CARTESIAN_POINT ( 'NONE',  ( -25.99999999999981526, 0.000000000000000000, -8.999999999999896971 ) ) ;
#110 = CARTESIAN_POINT ( 'NONE',  ( 16.00000000000000355, 0.3500000000000000333, -2.800000000000001155 ) ) ;
#111 = VECTOR ( 'NONE', #470, 1000.000000000000000 ) ;
#112 = CARTESIAN_POINT ( 'NONE',  ( 15.91095115395154913, 3.000000000000000000, 4.604532808576469627 ) ) ;
#113 = CARTESIAN_POINT ( 'NONE',  ( 13.58622174687377360, 3.000000000000000000, -6.913270696887415134 ) ) ;
#114 = ORIENTED_EDGE ( 'NONE', *, *, #614, .T. ) ;
#115 = CARTESIAN_POINT ( 'NONE',  ( 15.91188116800949715, 0.3499999999999999778, -4.597210340884004154 ) ) ;
#116 = LINE ( 'NONE', #1076, #1067 ) ;
#117 = CARTESIAN_POINT ( 'NONE',  ( 12.17082872250463232, 0.3499999999999999778, 6.999999999999997335 ) ) ;
#118 = CARTESIAN_POINT ( 'NONE',  ( -14.49379642197718532, 0.3500000000000000333, -6.719685208436699142 ) ) ;
#119 = CARTESIAN_POINT ( 'NONE',  ( 14.51874441449010256, 3.000000000000000000, 6.711110039739709876 ) ) ;
#120 = DIRECTION ( 'NONE',  ( 0.000000000000000000, 0.000000000000000000, 1.000000000000000000 ) ) ;
#121 = CARTESIAN_POINT ( 'NONE',  ( 15.98875195596057708, 0.3500000000000000888, -3.675427997181482720 ) ) ;
#122 =( BOUNDED_SURFACE ( )  B_SPLINE_SURFACE ( 2, 3, ( 
 ( #704, #1110, #781, #867 ),
 ( #80, #1022, #342, #424 ),
 ( #960, #786, #697, #617 ) ),
 .UNSPECIFIED., .F., .F., .F. ) 
 B_SPLINE_SURFACE_WITH_KNOTS ( ( 3, 3 ),
 ( 4, 4 ),
 ( 0.000000000000000000, 1.000000000000000000 ),
 ( -0.002782499999999999817, 0.0001324999999999999952 ),
 .UNSPECIFIED. ) 
 GEOMETRIC_REPRESENTATION_ITEM ( )  RATIONAL_B_SPLINE_SURFACE ( (
 ( 1.000000000000000000, 1.000000000000000000, 1.000000000000000000, 1.000000000000000000),
 ( 1.857142857142857428, 1.857142857142857428, 1.857142857142857428, 1.857142857142857428),
 ( 1.000000000000000000, 1.000000000000000000, 1.000000000000000000, 1.000000000000000000) ) ) 
 REPRESENTATION_ITEM ( '' )  SURFACE ( )  );
#123 = CARTESIAN_POINT ( 'NONE',  ( -25.99999999999981171, 3.000000000000000000, 9.000000000000119016 ) ) ;
#124 = VECTOR ( 'NONE', #594, 1000.000000000000000 ) ;
#125 = CARTESIAN_POINT ( 'NONE',  ( 13.61084970225894963, 0.3499999999999999223, -6.910141842714719651 ) ) ;
#126 = CARTESIAN_POINT ( 'NONE',  ( 15.91327069688741602, 3.000000000000000000, 4.586221746873766492 ) ) ;
#127 = CARTESIAN_POINT ( 'NONE',  ( 15.81809070202935885, 3.000000000000000000, -5.160346964175353435 ) ) ;
#128 = PRODUCT_DEFINITION_SHAPE ( 'NONE', 'NONE',  #562 ) ;
#129 = CARTESIAN_POINT ( 'NONE',  ( 26.00000000000018829, 3.000000000000000000, -8.999999999999896971 ) ) ;
#130 = CARTESIAN_POINT ( 'NONE',  ( 15.73594824662075098, 0.3499999999999999778, -5.444673519064587630 ) ) ;
#131 = CARTESIAN_POINT ( 'NONE',  ( 14.55317429411861596, 3.000000000000000444, 6.698901161997372178 ) ) ;
#132 = CARTESIAN_POINT ( 'NONE',  ( 13.17392330131919742, 2.999999999999999112, -6.955945160845582897 ) ) ;
#133 = PLANE ( 'NONE',  #15 ) ;
#134 = CARTESIAN_POINT ( 'NONE',  ( 14.48347477696324326, 0.3499999999999999778, 6.723163350488760237 ) ) ;
#135 = ADVANCED_FACE ( 'NONE', ( #618 ), #1007, .T. ) ;
#136 = ORIENTED_EDGE ( 'NONE', *, *, #510, .F. ) ;
#137 = CARTESIAN_POINT ( 'NONE',  ( 13.40041837202124420, 3.000000000000000000, -6.934620744020842054 ) ) ;
#138 = ORIENTED_EDGE ( 'NONE', *, *, #529, .F. ) ;
#139 = CARTESIAN_POINT ( 'NONE',  ( -15.99999999999999645, 1.189166666666667371, 2.799999999999997602 ) ) ;
#140 = ORIENTED_EDGE ( 'NONE', *, *, #700, .T. ) ;
#141 = LINE ( 'NONE', #49, #630 ) ;
#142 = ORIENTED_EDGE ( 'NONE', *, *, #576, .T. ) ;
#143 = CARTESIAN_POINT ( 'NONE',  ( -15.71111003973971521, 3.000000000000000444, 5.518744414490099892 ) ) ;
#144 = ORIENTED_EDGE ( 'NONE', *, *, #652, .T. ) ;
#145 = EDGE_CURVE ( 'NONE', #264, #62, #690, .T. ) ;
#146 = AXIS2_PLACEMENT_3D ( 'NONE', #202, #20, #711 ) ;
#147 = EDGE_LOOP ( 'NONE', ( #53, #397 ) ) ;
#148 = CARTESIAN_POINT ( 'NONE',  ( -13.40031756254816209, 0.3499999999999999778, -6.934620744020842054 ) ) ;
#149 = VERTEX_POINT ( 'NONE', #790 ) ;
#150 = VECTOR ( 'NONE', #578, 1000.000000000000000 ) ;
#151 = CARTESIAN_POINT ( 'NONE',  ( -15.76388479376826446, 3.000000000000000000, 5.362138391306266350 ) ) ;
#152 = VERTEX_POINT ( 'NONE', #527 ) ;
#153 =( LENGTH_UNIT ( ) NAMED_UNIT ( * ) SI_UNIT ( .MILLI., .METRE. ) );
#154 = ORIENTED_EDGE ( 'NONE', *, *, #396, .F. ) ;
#155 = CARTESIAN_POINT ( 'NONE',  ( 15.71964799682481306, 0.3500000000000000333, 5.493901041510230954 ) ) ;
#156 = B_SPLINE_CURVE_WITH_KNOTS ( 'NONE', 3,
 ( #501, #1098, #656, #1093 ),
 .UNSPECIFIED., .F., .F.,
 ( 4, 4 ),
 ( 0.000000000000000000, 1.000000000000000000 ),
 .UNSPECIFIED. ) ;
#157 = CARTESIAN_POINT ( 'NONE',  ( -13.58622174687375939, 3.000000000000000000, 6.913270696887413358 ) ) ;
#158 = ORIENTED_EDGE ( 'NONE', *, *, #678, .F. ) ;
#159 = VERTEX_POINT ( 'NONE', #682 ) ;
#160 = CARTESIAN_POINT ( 'NONE',  ( 15.90163630509900550, 0.3500000000000000333, 4.675047810995828890 ) ) ;
#161 = CARTESIAN_POINT ( 'NONE',  ( -15.36836184007531969, 3.000000000000000444, 6.160436062035037352 ) ) ;
#162 = ORIENTED_EDGE ( 'NONE', *, *, #904, .T. ) ;
#163 = AXIS2_PLACEMENT_3D ( 'NONE', #250, #691, #508 ) ;
#164 = CARTESIAN_POINT ( 'NONE',  ( 15.71109312538833436, 0.3500000000000000333, 5.518775025588683825 ) ) ;
#165 = EDGE_CURVE ( 'NONE', #778, #737, #94, .T. ) ;
#166 = CARTESIAN_POINT ( 'NONE',  ( -25.99999999999981526, 3.000000000000000000, -8.999999999999896971 ) ) ;
#167 = CARTESIAN_POINT ( 'NONE',  ( -15.78664198196929114, 3.000000000000000000, -5.274079922034982992 ) ) ;
#168 = EDGE_CURVE ( 'NONE', #859, #152, #541, .T. ) ;
#169 = COLOUR_RGB ( '',0.7921568627450980005, 0.8196078431372548767, 0.9333333333333333481 ) ;
#170 = DIRECTION ( 'NONE',  ( -1.927470528863117076E-16, 0.000000000000000000, -1.000000000000000000 ) ) ;
#171 = LINE ( 'NONE', #861, #299 ) ;
#172 = DIRECTION ( 'NONE',  ( 0.000000000000000000, 0.000000000000000000, 1.000000000000000000 ) ) ;
#173 = CARTESIAN_POINT ( 'NONE',  ( -14.36231149743176339, 0.3500000000000001443, 6.763850443408508717 ) ) ;
#174 = CARTESIAN_POINT ( 'NONE',  ( 16.00000000000000355, 1.233333333333333171, -2.800000000000001155 ) ) ;
#175 = CARTESIAN_POINT ( 'NONE',  ( -13.61083896765057766, 3.000000000000000000, -6.910143972839552617 ) ) ;
#176 = EDGE_LOOP ( 'NONE', ( #436, #770 ) ) ;
#177 = EDGE_CURVE ( 'NONE', #859, #233, #615, .T. ) ;
#178 = LINE ( 'NONE', #860, #575 ) ;
#179 = CARTESIAN_POINT ( 'NONE',  ( -20.49999999999981526, 3.000000000000000000, 6.000000000000119016 ) ) ;
#180 = CARTESIAN_POINT ( 'NONE',  ( -15.99999999999999645, 2.116666666666666252, 2.799999999999998934 ) ) ;
#181 = FACE_OUTER_BOUND ( 'NONE', #502, .T. ) ;
#182 = EDGE_LOOP ( 'NONE', ( #268, #6, #476, #407 ) ) ;
#183 = DIRECTION ( 'NONE',  ( 0.000000000000000000, 0.000000000000000000, 1.000000000000000000 ) ) ;
#184 = CARTESIAN_POINT ( 'NONE',  ( -13.89160600078331420, 0.3499999999999999778, 6.868892378824224210 ) ) ;
#185 = CARTESIAN_POINT ( 'NONE',  ( 16.00000000000000355, 2.160833333333332718, 6.999999999999999112 ) ) ;
#186 = PRESENTATION_STYLE_ASSIGNMENT (( #849 ) ) ;
#187 = EDGE_LOOP ( 'NONE', ( #739, #908 ) ) ;
#188 = DIRECTION ( 'NONE',  ( -0.000000000000000000, 1.000000000000000000, -0.000000000000000000 ) ) ;
#189 = CARTESIAN_POINT ( 'NONE',  ( -15.91188116800949715, 0.3500000000000001443, 4.597210340883977508 ) ) ;
#190 = CARTESIAN_POINT ( 'NONE',  ( 16.00000000000000355, 3.000000000000000000, -2.800000000000001155 ) ) ;
#191 = ADVANCED_FACE ( 'NONE', ( #82 ), #855, .F. ) ;
#192 = DIRECTION ( 'NONE',  ( -0.000000000000000000, 1.000000000000000000, -0.000000000000000000 ) ) ;
#193 = EDGE_LOOP ( 'NONE', ( #1105, #200, #670, #243 ) ) ;
#194 = DIRECTION ( 'NONE',  ( 0.000000000000000000, 0.000000000000000000, 1.000000000000000000 ) ) ;
#195 = DIRECTION ( 'NONE',  ( 0.000000000000000000, 0.000000000000000000, 1.000000000000000000 ) ) ;
#196 = CARTESIAN_POINT ( 'NONE',  ( -14.80347678730762340, 0.3500000000000000333, -6.597652101341686226 ) ) ;
#197 =( NAMED_UNIT ( * ) SI_UNIT ( $, .STERADIAN. ) SOLID_ANGLE_UNIT ( ) );
#198 = CARTESIAN_POINT ( 'NONE',  ( 15.89126247832682637, 3.000000000000000444, -4.748508508020430341 ) ) ;
#199 = VECTOR ( 'NONE', #449, 1000.000000000000000 ) ;
#200 = ORIENTED_EDGE ( 'NONE', *, *, #297, .F. ) ;
#201 = ADVANCED_FACE ( 'NONE', ( #609 ), #437, .F. ) ;
#202 = CARTESIAN_POINT ( 'NONE',  ( 20.50000000000018474, 0.000000000000000000, -5.999999999999880984 ) ) ;
#203 = CARTESIAN_POINT ( 'NONE',  ( -15.99999999999999645, 3.132499999999999840, 2.799999999999997602 ) ) ;
#204 = FACE_BOUND ( 'NONE', #1100, .T. ) ;
#205 = CARTESIAN_POINT ( 'NONE',  ( -15.71623854644339424, 0.3500000000000000888, -5.503869041623651093 ) ) ;
#206 = AXIS2_PLACEMENT_3D ( 'NONE', #940, #78, #695 ) ;
#207 = CARTESIAN_POINT ( 'NONE',  ( 15.95594516084558201, 3.000000000000000000, 4.173923301319184098 ) ) ;
#208 = CARTESIAN_POINT ( 'NONE',  ( 15.76388479376826801, 3.000000000000000000, -5.362138391306253915 ) ) ;
#209 = CARTESIAN_POINT ( 'NONE',  ( 15.75339069260644287, 0.3499999999999999778, -5.389138826134193927 ) ) ;
#210 = LINE ( 'NONE', #129, #814 ) ;
#211 = CARTESIAN_POINT ( 'NONE',  ( 14.55323354140583980, 0.3500000000000000333, -6.698868424543152678 ) ) ;
#212 = CARTESIAN_POINT ( 'NONE',  ( 15.16043606203504091, 3.000000000000001332, 6.368361840075332125 ) ) ;
#213 = CARTESIAN_POINT ( 'NONE',  ( -11.79999999999999538, 3.000000000000000000, 6.999999999999998224 ) ) ;
#214 = DIRECTION ( 'NONE',  ( -1.000000000000000000, 0.000000000000000000, 0.000000000000000000 ) ) ;
#215 = CARTESIAN_POINT ( 'NONE',  ( -25.99999999999981171, 3.000000000000000000, 9.000000000000119016 ) ) ;
#216 = CARTESIAN_POINT ( 'NONE',  ( 15.72702114277545249, 3.000000000000000000, 5.471950538388545837 ) ) ;
#217 = CARTESIAN_POINT ( 'NONE',  ( 20.50000000000018474, 0.000000000000000000, 6.000000000000119016 ) ) ;
#218 = EDGE_CURVE ( 'NONE', #613, #264, #431, .T. ) ;
#219 = LINE ( 'NONE', #109, #952 ) ;
#220 = CARTESIAN_POINT ( 'NONE',  ( 14.38913882613304196, 0.3500000000000000333, 6.753390692606709322 ) ) ;
#221 = EDGE_LOOP ( 'NONE', ( #583, #57, #46, #142 ) ) ;
#222 = CARTESIAN_POINT ( 'NONE',  ( 14.44474519882379759, 3.000000000000000000, -6.735933842108983605 ) ) ;
#223 = CARTESIAN_POINT ( 'NONE',  ( -15.99999999999999645, 0.2175000000000001377, 2.799999999999997602 ) ) ;
#224 = ORIENTED_EDGE ( 'NONE', *, *, #12, .T. ) ;
#225 = PLANE ( 'NONE',  #916 ) ;
#226 = EDGE_LOOP ( 'NONE', ( #495, #566, #836, #162 ) ) ;
#227 = CARTESIAN_POINT ( 'NONE',  ( -15.07848698201771498, 3.000000000000000888, 6.453796080850696448 ) ) ;
#228 = ORIENTED_EDGE ( 'NONE', *, *, #868, .T. ) ;
#229 = ORIENTED_EDGE ( 'NONE', *, *, #218, .F. ) ;
#230 = CARTESIAN_POINT ( 'NONE',  ( 15.06112177837740163, 0.3500000000000000888, 6.444400802586228494 ) ) ;
#231 = ORIENTED_EDGE ( 'NONE', *, *, #145, .T. ) ;
#232 = CARTESIAN_POINT ( 'NONE',  ( -15.69890116199737484, 3.000000000000000444, 5.553174294118615073 ) ) ;
#233 = VERTEX_POINT ( 'NONE', #7 ) ;
#234 = DIRECTION ( 'NONE',  ( 1.000000000000000000, 0.000000000000000000, 0.000000000000000000 ) ) ;
#235 = VECTOR ( 'NONE', #593, 1000.000000000000000 ) ;
#236 = ORIENTED_EDGE ( 'NONE', *, *, #558, .T. ) ;
#237 = CARTESIAN_POINT ( 'NONE',  ( 15.97050730517949724, 0.3499999999999999778, 4.136268280188001967 ) ) ;
#238 = CARTESIAN_POINT ( 'NONE',  ( -13.78554179326544116, 3.000000000000000000, 6.887650265652885295 ) ) ;
#239 = EDGE_LOOP ( 'NONE', ( #584, #246, #44, #516 ) ) ;
#240 = EDGE_LOOP ( 'NONE', ( #154, #911, #63, #687 ) ) ;
#241 = CARTESIAN_POINT ( 'NONE',  ( 14.49115717991363184, 0.3500000000000000333, 6.720577077956796153 ) ) ;
#242 = LINE ( 'NONE', #494, #698 ) ;
#243 = ORIENTED_EDGE ( 'NONE', *, *, #909, .T. ) ;
#244 = CARTESIAN_POINT ( 'NONE',  ( -14.38913882613665862, 0.3500000000000000888, -6.753390692605747425 ) ) ;
#245 = CARTESIAN_POINT ( 'NONE',  ( -15.81809070202933398, 2.999999999999999112, 5.160346964175379192 ) ) ;
#246 = ORIENTED_EDGE ( 'NONE', *, *, #1115, .T. ) ;
#247 = CARTESIAN_POINT ( 'NONE',  ( 15.90664342479695570, 0.3500000000000000888, 4.637723507244722043 ) ) ;
#248 = EDGE_CURVE ( 'NONE', #323, #1, #933, .T. ) ;
#249 = AXIS2_PLACEMENT_3D ( 'NONE', #69, #585, #581 ) ;
#250 = CARTESIAN_POINT ( 'NONE',  ( 0.000000000000000000, 0.3500000000000000333, 0.000000000000000000 ) ) ;
#251 = CARTESIAN_POINT ( 'NONE',  ( -15.75336380418448279, 3.000000000000000888, -5.389272628351397643 ) ) ;
#252 = AXIS2_PLACEMENT_3D ( 'NONE', #1117, #74, #520 ) ;
#253 = CARTESIAN_POINT ( 'NONE',  ( 11.80000000000000071, 3.000000000000000000, 6.999999999999998224 ) ) ;
#254 = CARTESIAN_POINT ( 'NONE',  ( -15.59765210134349367, 0.3500000000000000333, 5.803476787306004248 ) ) ;
#255 = DIRECTION ( 'NONE',  ( 1.000000000000000000, 0.000000000000000000, 0.000000000000000000 ) ) ;
#256 = CARTESIAN_POINT ( 'NONE',  ( -13.60367271972710057, 3.000000000000000444, -6.911061092181904897 ) ) ;
#257 = EDGE_CURVE ( 'NONE', #845, #1119, #351, .T. ) ;
#258 = VERTEX_POINT ( 'NONE', #957 ) ;
#259 = CYLINDRICAL_SURFACE ( 'NONE', #391, 1.299999999999999156 ) ;
#260 = FACE_OUTER_BOUND ( 'NONE', #676, .T. ) ;
#261 = DIRECTION ( 'NONE',  ( 0.000000000000000000, 0.000000000000000000, 1.000000000000000000 ) ) ;
#262 = FACE_BOUND ( 'NONE', #913, .T. ) ;
#263 = CIRCLE ( 'NONE', #500, 1.299999999999999156 ) ;
#264 = VERTEX_POINT ( 'NONE', #101 ) ;
#265 = CARTESIAN_POINT ( 'NONE',  ( 12.53599214933437267, 3.000000000000000000, 6.999999999999999112 ) ) ;
#266 = CARTESIAN_POINT ( 'NONE',  ( 16.00000000000000355, 2.160833333333332273, 2.799999999999997602 ) ) ;
#267 = CARTESIAN_POINT ( 'NONE',  ( 11.80000000000000249, 3.132499999999999840, 6.999999999999998224 ) ) ;
#268 = ORIENTED_EDGE ( 'NONE', *, *, #890, .F. ) ;
#269 = CARTESIAN_POINT ( 'NONE',  ( 13.13600795315407588, 3.000000000000000888, 6.970507305179490132 ) ) ;
#270 = CARTESIAN_POINT ( 'NONE',  ( -13.74864104239777518, 0.3500000000000001443, 6.891236178832627957 ) ) ;
#271 = DIRECTION ( 'NONE',  ( 0.000000000000000000, 0.000000000000000000, 1.000000000000000000 ) ) ;
#272 = CARTESIAN_POINT ( 'NONE',  ( -15.72702114277544183, 3.000000000000000000, -5.471950538388556495 ) ) ;
#273 = ORIENTED_EDGE ( 'NONE', *, *, #728, .F. ) ;
#274 = DIRECTION ( 'NONE',  ( -0.000000000000000000, 1.000000000000000000, -0.000000000000000000 ) ) ;
#275 = ADVANCED_FACE ( 'NONE', ( #779 ), #517, .F. ) ;
#276 =( BOUNDED_SURFACE ( )  B_SPLINE_SURFACE ( 2, 3, ( 
 ( #203, #884, #139, #223 ),
 ( #1004, #402, #490, #824 ),
 ( #569, #478, #746, #1095 ) ),
 .UNSPECIFIED., .F., .F., .F. ) 
 B_SPLINE_SURFACE_WITH_KNOTS ( ( 3, 3 ),
 ( 4, 4 ),
 ( 0.000000000000000000, 1.000000000000000000 ),
 ( -0.002782499999999999817, 0.0001324999999999999952 ),
 .UNSPECIFIED. ) 
 GEOMETRIC_REPRESENTATION_ITEM ( )  RATIONAL_B_SPLINE_SURFACE ( (
 ( 1.000000000000000000, 1.000000000000000000, 1.000000000000000000, 1.000000000000000000),
 ( 1.857142857142857428, 1.857142857142857428, 1.857142857142857428, 1.857142857142857428),
 ( 1.000000000000000000, 1.000000000000000000, 1.000000000000000000, 1.000000000000000000) ) ) 
 REPRESENTATION_ITEM ( '' )  SURFACE ( )  );
#277 = CARTESIAN_POINT ( 'NONE',  ( -15.16058051256335126, 0.3500000000000000888, 6.368282023044494977 ) ) ;
#278 = DIRECTION ( 'NONE',  ( -0.000000000000000000, 1.000000000000000000, -0.000000000000000000 ) ) ;
#279 = CARTESIAN_POINT ( 'NONE',  ( 16.00000000000000000, 1.189166666666667371, -2.800000000000001155 ) ) ;
#280 = CARTESIAN_POINT ( 'NONE',  ( 13.59721848986437998, 2.999999999999999112, -6.911881168009495369 ) ) ;
#281 = CARTESIAN_POINT ( 'NONE',  ( 15.92272828079165414, 0.3500000000000000888, -4.507952559661283942 ) ) ;
#282 = CARTESIAN_POINT ( 'NONE',  ( 11.80000000000000071, 2.116666666666666252, 6.999999999999998224 ) ) ;
#283 = CARTESIAN_POINT ( 'NONE',  ( 14.49390104151018654, 0.3500000000000000888, -6.719647996824826386 ) ) ;
#284 = CARTESIAN_POINT ( 'NONE',  ( -15.89123617883336692, 0.3500000000000000333, -4.748641042397585998 ) ) ;
#285 =( NAMED_UNIT ( * ) PLANE_ANGLE_UNIT ( ) SI_UNIT ( $, .RADIAN. ) );
#286 = DIRECTION ( 'NONE',  ( -0.000000000000000000, 1.000000000000000000, -0.000000000000000000 ) ) ;
#287 = AXIS2_PLACEMENT_3D ( 'NONE', #384, #732, #376 ) ;
#288 = CARTESIAN_POINT ( 'NONE',  ( 15.91095115395154913, 0.3499999999999999778, -4.604528709976873024 ) ) ;
#289 = FACE_OUTER_BOUND ( 'NONE', #344, .T. ) ;
#290 = DIRECTION ( 'NONE',  ( 0.000000000000000000, 1.000000000000000000, -0.000000000000000000 ) ) ;
#291 = CARTESIAN_POINT ( 'NONE',  ( 15.45379608085068668, 3.000000000000000444, 6.078486982017737184 ) ) ;
#292 = CARTESIAN_POINT ( 'NONE',  ( 14.81944129734744919, 2.999999999999999556, -6.608464913722261080 ) ) ;
#293 = EDGE_CURVE ( 'NONE', #1119, #801, #1120, .T. ) ;
#294 = CARTESIAN_POINT ( 'NONE',  ( -20.49999999999981526, 0.000000000000000000, -5.999999999999880984 ) ) ;
#295 = CARTESIAN_POINT ( 'NONE',  ( 15.72702858510653279, 0.3500000000000000333, -5.471913503846292492 ) ) ;
#296 = CARTESIAN_POINT ( 'NONE',  ( 15.36836184007532680, 3.000000000000000000, -6.160436062035042681 ) ) ;
#297 = EDGE_CURVE ( 'NONE', #1009, #841, #54, .T. ) ;
#298 = PLANE ( 'NONE',  #394 ) ;
#299 = VECTOR ( 'NONE', #767, 1000.000000000000000 ) ;
#300 = CARTESIAN_POINT ( 'NONE',  ( 13.13626828020444748, 0.3499999999999999778, -6.970507305179491020 ) ) ;
#301 = ORIENTED_EDGE ( 'NONE', *, *, #41, .F. ) ;
#302 = CARTESIAN_POINT ( 'NONE',  ( 12.67565841884349176, 3.000000000000000000, -6.988751955960576190 ) ) ;
#303 = CYLINDRICAL_SURFACE ( 'NONE', #633, 1.299999999999999156 ) ;
#304 = CARTESIAN_POINT ( 'NONE',  ( 12.53625247638474072, 0.3499999999999999778, -7.000000000000000888 ) ) ;
#305 = EDGE_LOOP ( 'NONE', ( #320, #417, #968, #496 ) ) ;
#306 = CARTESIAN_POINT ( 'NONE',  ( -15.90875219814880737, 2.999999999999999112, 4.621593085411796586 ) ) ;
#307 = ORIENTED_EDGE ( 'NONE', *, *, #996, .T. ) ;
#308 = PRODUCT_DEFINITION_CONTEXT ( 'detailed design', #577, 'design' ) ;
#309 = CARTESIAN_POINT ( 'NONE',  ( 26.00000000000018829, 0.000000000000000000, -8.999999999999896971 ) ) ;
#310 = EDGE_LOOP ( 'NONE', ( #273, #624 ) ) ;
#311 = CARTESIAN_POINT ( 'NONE',  ( -13.60452870997703556, 0.3500000000000000333, -6.910951153951553572 ) ) ;
#312 = EDGE_LOOP ( 'NONE', ( #1055, #906 ) ) ;
#313 = CARTESIAN_POINT ( 'NONE',  ( -13.50800656473830763, 3.000000000000000444, 6.922728280791655919 ) ) ;
#314 = EDGE_LOOP ( 'NONE', ( #406, #1088, #601, #572, #13, #743, #870, #485 ) ) ;
#315 = LINE ( 'NONE', #664, #651 ) ;
#316 = ORIENTED_EDGE ( 'NONE', *, *, #996, .F. ) ;
#317 = CARTESIAN_POINT ( 'NONE',  ( -14.44467351906591013, 0.3500000000000000888, -6.735948246620371727 ) ) ;
#318 = CARTESIAN_POINT ( 'NONE',  ( -15.67360525923487380, 2.999999999999999556, 5.620751524366805363 ) ) ;
#319 = CARTESIAN_POINT ( 'NONE',  ( -15.99999999999999289, 3.000000000000000444, -3.170960392027268426 ) ) ;
#320 = ORIENTED_EDGE ( 'NONE', *, *, #1081, .F. ) ;
#321 = PLANE ( 'NONE',  #484 ) ;
#322 = LINE ( 'NONE', #166, #441 ) ;
#323 = VERTEX_POINT ( 'NONE', #522 ) ;
#324 = CARTESIAN_POINT ( 'NONE',  ( -25.99999999999981526, 3.000000000000000000, -8.999999999999896971 ) ) ;
#325 = DIRECTION ( 'NONE',  ( -0.000000000000000000, 1.000000000000000000, -0.000000000000000000 ) ) ;
#326 = VERTEX_POINT ( 'NONE', #706 ) ;
#327 = ADVANCED_FACE ( 'NONE', ( #1034 ), #259, .F. ) ;
#328 = CARTESIAN_POINT ( 'NONE',  ( -11.79999999999999538, 2.116666666666666252, -7.000000000000001776 ) ) ;
#329 = CARTESIAN_POINT ( 'NONE',  ( 11.80000000000000249, 1.189166666666667371, 6.999999999999998224 ) ) ;
#330 = CARTESIAN_POINT ( 'NONE',  ( 20.50000000000018474, 0.000000000000000000, -4.699999999999882050 ) ) ;
#331 = CARTESIAN_POINT ( 'NONE',  ( 13.60367271972711478, 3.000000000000000000, 6.911061092181901344 ) ) ;
#332 = AXIS2_PLACEMENT_3D ( 'NONE', #40, #461, #1073 ) ;
#333 = CARTESIAN_POINT ( 'NONE',  ( -14.62086211930254187, 0.3500000000000000888, 6.673544149320651542 ) ) ;
#334 = EDGE_CURVE ( 'NONE', #579, #323, #178, .T. ) ;
#335 = CARTESIAN_POINT ( 'NONE',  ( -20.49999999999981526, 3.000000000000000000, -5.999999999999880984 ) ) ;
#336 = CARTESIAN_POINT ( 'NONE',  ( -14.62075152436680625, 3.000000000000000444, -6.673605259234890674 ) ) ;
#337 = AXIS2_PLACEMENT_3D ( 'NONE', #371, #627, #718 ) ;
#338 = VERTEX_POINT ( 'NONE', #547 ) ;
#339 = AXIS2_PLACEMENT_3D ( 'NONE', #688, #188, #443 ) ;
#340 = CARTESIAN_POINT ( 'NONE',  ( -25.99999999999981526, 0.000000000000000000, -8.999999999999896971 ) ) ;
#341 = DIRECTION ( 'NONE',  ( 0.000000000000000000, 0.000000000000000000, 1.000000000000000000 ) ) ;
#342 = CARTESIAN_POINT ( 'NONE',  ( -15.99999999999999822, 1.189166666666666927, -7.000000000000002665 ) ) ;
#343 = CARTESIAN_POINT ( 'NONE',  ( -13.89137879899358374, 3.000000000000000000, -6.868937463671419330 ) ) ;
#344 = EDGE_LOOP ( 'NONE', ( #99, #830, #673, #994 ) ) ;
#345 = CARTESIAN_POINT ( 'NONE',  ( 13.62159308541180103, 3.000000000000000444, 6.908752198148822465 ) ) ;
#346 = CARTESIAN_POINT ( 'NONE',  ( 16.00000000000000355, 0.2175000000000001377, 2.799999999999997602 ) ) ;
#347 = CARTESIAN_POINT ( 'NONE',  ( -20.49999999999981526, 0.000000000000000000, -7.299999999999880806 ) ) ;
#348 = CARTESIAN_POINT ( 'NONE',  ( -14.75077586882781766, 3.000000000000000444, -6.619500864598691692 ) ) ;
#349 = AXIS2_PLACEMENT_3D ( 'NONE', #335, #84, #261 ) ;
#350 = EDGE_LOOP ( 'NONE', ( #1005, #1096, #745, #229 ) ) ;
#351 = LINE ( 'NONE', #602, #548 ) ;
#352 = B_SPLINE_CURVE_WITH_KNOTS ( 'NONE', 3,
 ( #938, #180, #73, #519 ),
 .UNSPECIFIED., .F., .F.,
 ( 4, 4 ),
 ( 0.000000000000000000, 1.000000000000000000 ),
 .UNSPECIFIED. ) ;
#353 = CARTESIAN_POINT ( 'NONE',  ( -14.75096546014623300, 0.3500000000000000333, 6.619396104745712606 ) ) ;
#354 = FACE_OUTER_BOUND ( 'NONE', #997, .T. ) ;
#355 = CARTESIAN_POINT ( 'NONE',  ( -12.53599214933435668, 2.999999999999999112, -6.999999999999999112 ) ) ;
#356 = ADVANCED_FACE ( 'NONE', ( #626 ), #462, .F. ) ;
#357 = ORIENTED_EDGE ( 'NONE', *, *, #257, .T. ) ;
#358 = EDGE_CURVE ( 'NONE', #264, #388, #533, .T. ) ;
#359 = DIRECTION ( 'NONE',  ( -0.000000000000000000, 1.000000000000000000, -0.000000000000000000 ) ) ;
#360 = CARTESIAN_POINT ( 'NONE',  ( -15.93462074402084205, 0.3500000000000000888, 4.400317562543818006 ) ) ;
#361 = CARTESIAN_POINT ( 'NONE',  ( -15.97050730517948480, 0.3499999999999999778, -4.136268280189169033 ) ) ;
#362 = CARTESIAN_POINT ( 'NONE',  ( 11.80000000000000071, 3.132499999999999840, -7.000000000000001776 ) ) ;
#363 = CARTESIAN_POINT ( 'NONE',  ( 13.60639311452549016, 3.000000000000000444, -6.910714565873092852 ) ) ;
#364 = CARTESIAN_POINT ( 'NONE',  ( -20.49999999999981526, 3.000000000000000000, -5.999999999999880984 ) ) ;
#365 = CARTESIAN_POINT ( 'NONE',  ( -15.99999999999999645, 3.000000000000000000, -2.800000000000001155 ) ) ;
#366 = CARTESIAN_POINT ( 'NONE',  ( 13.58620757054088912, 0.3500000000000001443, 6.913270696887416022 ) ) ;
#367 = CARTESIAN_POINT ( 'NONE',  ( -14.49115717991391072, 0.3500000000000000888, -6.720577077956721546 ) ) ;
#368 = CARTESIAN_POINT ( 'NONE',  ( 20.50000000000018474, 3.000000000000000000, -4.699999999999882050 ) ) ;
#369 = CARTESIAN_POINT ( 'NONE',  ( 15.49724171888139068, 3.000000000000000000, -5.990304093608430414 ) ) ;
#370 = CARTESIAN_POINT ( 'NONE',  ( 15.88768538522443130, 0.3500000000000001443, -4.785367031185850273 ) ) ;
#371 = CARTESIAN_POINT ( 'NONE',  ( 20.50000000000018474, 3.000000000000000000, -5.999999999999880984 ) ) ;
#372 = CARTESIAN_POINT ( 'NONE',  ( 15.59765210134221824, 0.3500000000000000888, -5.803476787307108253 ) ) ;
#373 = CARTESIAN_POINT ( 'NONE',  ( -15.90163630509876214, 0.3500000000000000333, -4.675047810997478237 ) ) ;
#374 = ADVANCED_FACE ( 'NONE', ( #795 ), #889, .F. ) ;
#375 = CARTESIAN_POINT ( 'NONE',  ( 15.88765026565288530, 3.000000000000000000, 4.785541793265442934 ) ) ;
#376 = DIRECTION ( 'NONE',  ( 0.000000000000000000, 0.000000000000000000, 1.000000000000000000 ) ) ;
#377 = DIRECTION ( 'NONE',  ( -0.000000000000000000, 1.000000000000000000, -0.000000000000000000 ) ) ;
#378 = CARTESIAN_POINT ( 'NONE',  ( 14.02639841427379963, 0.3500000000000000888, 6.846932811324919044 ) ) ;
#379 = CARTESIAN_POINT ( 'NONE',  ( 26.00000000000018829, 0.000000000000000000, -8.999999999999896971 ) ) ;
#380 = CARTESIAN_POINT ( 'NONE',  ( 15.71965294641611699, 2.999999999999999556, -5.493892083884606592 ) ) ;
#381 = DIRECTION ( 'NONE',  ( -1.000000000000000000, -0.000000000000000000, -0.000000000000000000 ) ) ;
#382 = PLANE ( 'NONE',  #721 ) ;
#383 = CARTESIAN_POINT ( 'NONE',  ( 16.00000000000000000, 2.160833333333332273, -2.800000000000001155 ) ) ;
#384 = CARTESIAN_POINT ( 'NONE',  ( -20.49999999999981526, 0.000000000000000000, 6.000000000000119016 ) ) ;
#385 = EDGE_CURVE ( 'NONE', #66, #579, #1118, .T. ) ;
#386 = CARTESIAN_POINT ( 'NONE',  ( -25.99999999999981526, 3.000000000000000000, -8.999999999999896971 ) ) ;
#387 = CARTESIAN_POINT ( 'NONE',  ( 14.75096546014693821, 0.3500000000000000333, -6.619396104745176146 ) ) ;
#388 = VERTEX_POINT ( 'NONE', #963 ) ;
#389 = DIRECTION ( 'NONE',  ( 0.000000000000000000, 0.000000000000000000, 1.000000000000000000 ) ) ;
#390 = EDGE_LOOP ( 'NONE', ( #307, #1033, #136, #19 ) ) ;
#391 = AXIS2_PLACEMENT_3D ( 'NONE', #1049, #274, #936 ) ;
#392 = APPLICATION_PROTOCOL_DEFINITION ( 'draft international standard', 'automotive_design', 1998, #515 ) ;
#393 = ORIENTED_EDGE ( 'NONE', *, *, #896, .F. ) ;
#394 = AXIS2_PLACEMENT_3D ( 'NONE', #646, #468, #557 ) ;
#395 = CARTESIAN_POINT ( 'NONE',  ( -13.58620757054161210, 0.3500000000000000333, -6.913270696887417799 ) ) ;
#396 = EDGE_CURVE ( 'NONE', #568, #778, #1051, .T. ) ;
#397 = ORIENTED_EDGE ( 'NONE', *, *, #1081, .T. ) ;
#398 = VECTOR ( 'NONE', #784, 1000.000000000000000 ) ;
#399 = CARTESIAN_POINT ( 'NONE',  ( -15.97050730517948125, 3.000000000000000444, 4.136007953154021699 ) ) ;
#400 = VECTOR ( 'NONE', #14, 1000.000000000000000 ) ;
#401 = EDGE_LOOP ( 'NONE', ( #526, #114, #666, #412 ) ) ;
#402 = CARTESIAN_POINT ( 'NONE',  ( -15.99999999999999822, 2.160833333333332718, 6.999999999999998224 ) ) ;
#403 = ORIENTED_EDGE ( 'NONE', *, *, #90, .T. ) ;
#404 = CARTESIAN_POINT ( 'NONE',  ( -13.50795255966344577, 0.3499999999999999778, -6.922728280791660360 ) ) ;
#405 = CARTESIAN_POINT ( 'NONE',  ( -11.79999999999999538, 3.000000000000000000, -7.000000000000001776 ) ) ;
#406 = ORIENTED_EDGE ( 'NONE', *, *, #774, .T. ) ;
#407 = ORIENTED_EDGE ( 'NONE', *, *, #614, .F. ) ;
#408 = CARTESIAN_POINT ( 'NONE',  ( -11.79999999999999538, 3.000000000000000000, -7.000000000000001776 ) ) ;
#409 = VECTOR ( 'NONE', #325, 1000.000000000000000 ) ;
#410 = LINE ( 'NONE', #70, #590 ) ;
#411 = ADVANCED_FACE ( 'NONE', ( #993, #719, #637, #473, #204, #654 ), #225, .T. ) ;
#412 = ORIENTED_EDGE ( 'NONE', *, *, #959, .T. ) ;
#413 = ORIENTED_EDGE ( 'NONE', *, *, #896, .T. ) ;
#414 = CARTESIAN_POINT ( 'NONE',  ( 14.80347678730502636, 0.3500000000000000333, 6.597652101343276954 ) ) ;
#415 = CARTESIAN_POINT ( 'NONE',  ( -14.49116801721064540, 3.000000000000000000, 6.720574900131785157 ) ) ;
#416 = ADVANCED_FACE ( 'NONE', ( #885 ), #382, .F. ) ;
#417 = ORIENTED_EDGE ( 'NONE', *, *, #77, .T. ) ;
#418 = CARTESIAN_POINT ( 'NONE',  ( 15.91014184271480048, 0.3500000000000000888, 4.610849702258692062 ) ) ;
#419 = SHAPE_DEFINITION_REPRESENTATION ( #128, #1032 ) ;
#420 = CARTESIAN_POINT ( 'NONE',  ( -25.99999999999981171, 3.000000000000000000, 9.000000000000119016 ) ) ;
#421 = CARTESIAN_POINT ( 'NONE',  ( -15.84687135207411224, 2.999999999999999556, -5.026704247915755097 ) ) ;
#422 = DIRECTION ( 'NONE',  ( 1.000000000000000000, 0.000000000000000000, -1.927470528863117076E-16 ) ) ;
#423 = CARTESIAN_POINT ( 'NONE',  ( -15.91647448547285926, 0.3499999999999999778, 4.560357922815146736 ) ) ;
#424 = CARTESIAN_POINT ( 'NONE',  ( -15.99999999999999822, 0.2175000000000001099, -7.000000000000002665 ) ) ;
#425 = DIRECTION ( 'NONE',  ( -0.000000000000000000, 1.000000000000000000, -0.000000000000000000 ) ) ;
#426 = CARTESIAN_POINT ( 'NONE',  ( -25.99999999999981526, 3.000000000000000000, -8.999999999999896971 ) ) ;
#427 = CARTESIAN_POINT ( 'NONE',  ( -13.62161430105510895, 0.3500000000000000888, 6.908747988217034397 ) ) ;
#428 = CARTESIAN_POINT ( 'NONE',  ( 16.00000000000000355, 2.116666666666666252, -2.800000000000001155 ) ) ;
#429 = CARTESIAN_POINT ( 'NONE',  ( -15.45379608085067957, 3.000000000000000000, -6.078486982017731854 ) ) ;
#430 = ORIENTED_EDGE ( 'NONE', *, *, #334, .T. ) ;
#431 = B_SPLINE_CURVE_WITH_KNOTS ( 'NONE', 3,
 ( #1113, #88, #432, #871 ),
 .UNSPECIFIED., .F., .F.,
 ( 4, 4 ),
 ( 0.000000000000000000, 1.000000000000000000 ),
 .UNSPECIFIED. ) ;
#432 = CARTESIAN_POINT ( 'NONE',  ( 16.00000000000000355, 2.116666666666666252, 2.799999999999998934 ) ) ;
#433 = CARTESIAN_POINT ( 'NONE',  ( 26.00000000000018829, 3.000000000000000000, -8.999999999999896971 ) ) ;
#434 = DIRECTION ( 'NONE',  ( -0.000000000000000000, 1.000000000000000000, -0.000000000000000000 ) ) ;
#435 = CARTESIAN_POINT ( 'NONE',  ( -20.49999999999981526, 3.000000000000000000, 6.000000000000119016 ) ) ;
#436 = ORIENTED_EDGE ( 'NONE', *, *, #297, .T. ) ;
#437 = CYLINDRICAL_SURFACE ( 'NONE', #645, 1.299999999999999156 ) ;
#438 = CARTESIAN_POINT ( 'NONE',  ( 16.00000000000000355, 0.2175000000000001099, 6.999999999999999112 ) ) ;
#439 = CARTESIAN_POINT ( 'NONE',  ( -11.79999999999999538, 0.3500000000000000333, -7.000000000000001776 ) ) ;
#440 = FACE_BOUND ( 'NONE', #312, .T. ) ;
#441 = VECTOR ( 'NONE', #1008, 1000.000000000000000 ) ;
#442 = VERTEX_POINT ( 'NONE', #215 ) ;
#443 = DIRECTION ( 'NONE',  ( 0.000000000000000000, 0.000000000000000000, 1.000000000000000000 ) ) ;
#444 = CARTESIAN_POINT ( 'NONE',  ( -15.95594516084558556, 0.3500000000000001443, 4.173750485072178051 ) ) ;
#445 = CARTESIAN_POINT ( 'NONE',  ( -20.49999999999981526, 3.000000000000000000, -4.699999999999882050 ) ) ;
#446 = LINE ( 'NONE', #368, #882 ) ;
#447 = EDGE_CURVE ( 'NONE', #663, #613, #756, .T. ) ;
#448 = EDGE_LOOP ( 'NONE', ( #701, #301 ) ) ;
#449 = DIRECTION ( 'NONE',  ( -0.000000000000000000, -0.000000000000000000, -1.000000000000000000 ) ) ;
#450 = DIRECTION ( 'NONE',  ( 1.000000000000000000, 0.000000000000000000, -0.000000000000000000 ) ) ;
#451 = CARTESIAN_POINT ( 'NONE',  ( 15.16058051256388595, 0.3500000000000001443, -6.368282023044086415 ) ) ;
#452 = CARTESIAN_POINT ( 'NONE',  ( 20.50000000000018474, 3.000000000000000000, -5.999999999999880984 ) ) ;
#453 = CARTESIAN_POINT ( 'NONE',  ( 15.75336380418449345, 3.000000000000000444, 5.389272628351384320 ) ) ;
#454 = CARTESIAN_POINT ( 'NONE',  ( 14.49379192381022818, 3.000000000000000000, -6.719687751831035172 ) ) ;
#455 = CARTESIAN_POINT ( 'NONE',  ( 15.91071346838648282, 0.3500000000000000333, -4.606398575840470855 ) ) ;
#456 = EDGE_CURVE ( 'NONE', #658, #737, #955, .T. ) ;
#457 = DIRECTION ( 'NONE',  ( -0.000000000000000000, 1.000000000000000000, -0.000000000000000000 ) ) ;
#458 = CARTESIAN_POINT ( 'NONE',  ( 15.72057707795677928, 0.3500000000000000333, -5.491157179913718878 ) ) ;
#459 = CARTESIAN_POINT ( 'NONE',  ( -15.86889237882550141, 0.3500000000000000888, -4.891606000782984687 ) ) ;
#460 = CARTESIAN_POINT ( 'NONE',  ( 15.93462074402084561, 3.000000000000000444, 4.400418372021237978 ) ) ;
#461 = DIRECTION ( 'NONE',  ( 0.000000000000000000, 0.000000000000000000, -1.000000000000000000 ) ) ;
#462 = CYLINDRICAL_SURFACE ( 'NONE', #1063, 1.299999999999999156 ) ;
#463 = DIRECTION ( 'NONE',  ( 0.000000000000000000, 0.000000000000000000, 1.000000000000000000 ) ) ;
#464 = CARTESIAN_POINT ( 'NONE',  ( 13.60367068592203665, 0.3500000000000000888, -6.911061092181904009 ) ) ;
#465 = LINE ( 'NONE', #1068, #111 ) ;
#466 = CARTESIAN_POINT ( 'NONE',  ( 15.99999999999999645, 3.000000000000000000, -3.535992149334373114 ) ) ;
#467 =( GEOMETRIC_REPRESENTATION_CONTEXT ( 3 ) GLOBAL_UNCERTAINTY_ASSIGNED_CONTEXT ( ( #998 ) ) GLOBAL_UNIT_ASSIGNED_CONTEXT ( ( #153, #835, #653 ) ) REPRESENTATION_CONTEXT ( 'NONE', 'WORKASPACE' ) );
#468 = DIRECTION ( 'NONE',  ( 1.000000000000000000, 0.000000000000000000, -0.000000000000000000 ) ) ;
#469 = CARTESIAN_POINT ( 'NONE',  ( 14.50386904162347257, 0.3499999999999999778, -6.716238546443561219 ) ) ;
#470 = DIRECTION ( 'NONE',  ( -0.000000000000000000, 1.000000000000000000, -0.000000000000000000 ) ) ;
#471 = CARTESIAN_POINT ( 'NONE',  ( 14.02670424791574355, 3.000000000000000888, -6.846871352074122896 ) ) ;
#472 = LINE ( 'NONE', #123, #67 ) ;
#473 = FACE_BOUND ( 'NONE', #187, .T. ) ;
#474 = ORIENTED_EDGE ( 'NONE', *, *, #728, .T. ) ;
#475 = CARTESIAN_POINT ( 'NONE',  ( 16.00000000000000355, 0.3500000000000000333, 2.799999999999997602 ) ) ;
#476 = ORIENTED_EDGE ( 'NONE', *, *, #652, .F. ) ;
#477 = ADVANCED_FACE ( 'NONE', ( #1021 ), #321, .F. ) ;
#478 = CARTESIAN_POINT ( 'NONE',  ( -11.79999999999999538, 2.160833333333332273, 6.999999999999998224 ) ) ;
#479 = ORIENTED_EDGE ( 'NONE', *, *, #644, .T. ) ;
#480 = CARTESIAN_POINT ( 'NONE',  ( 15.36828202304387858, 0.3500000000000000333, 6.160580512564791000 ) ) ;
#481 = ORIENTED_EDGE ( 'NONE', *, *, #700, .F. ) ;
#482 = CARTESIAN_POINT ( 'NONE',  ( -15.71965294641610988, 2.999999999999999112, 5.493892083884609256 ) ) ;
#483 = CARTESIAN_POINT ( 'NONE',  ( -14.47191350384696484, 0.3500000000000000888, -6.727028585106337388 ) ) ;
#484 = AXIS2_PLACEMENT_3D ( 'NONE', #837, #826, #931 ) ;
#485 = ORIENTED_EDGE ( 'NONE', *, *, #529, .T. ) ;
#486 = CARTESIAN_POINT ( 'NONE',  ( -13.78536703118906459, 0.3500000000000001443, -6.887685385223514700 ) ) ;
#487 = VERTEX_POINT ( 'NONE', #64 ) ;
#488 = CARTESIAN_POINT ( 'NONE',  ( -13.60453280857646519, 3.000000000000000000, 6.910951153951550907 ) ) ;
#489 = VERTEX_POINT ( 'NONE', #914 ) ;
#490 = CARTESIAN_POINT ( 'NONE',  ( -15.99999999999999822, 1.189166666666666927, 6.999999999999998224 ) ) ;
#491 = ORIENTED_EDGE ( 'NONE', *, *, #693, .F. ) ;
#492 = CARTESIAN_POINT ( 'NONE',  ( 15.86889237882624748, 0.3500000000000000333, 4.891606000777706242 ) ) ;
#493 = EDGE_CURVE ( 'NONE', #521, #801, #497, .T. ) ;
#494 = CARTESIAN_POINT ( 'NONE',  ( -15.99999999999999645, 3.000000000000000000, 6.999999999999998224 ) ) ;
#495 = ORIENTED_EDGE ( 'NONE', *, *, #712, .F. ) ;
#496 = ORIENTED_EDGE ( 'NONE', *, *, #763, .F. ) ;
#497 = LINE ( 'NONE', #671, #235 ) ;
#498 = EDGE_CURVE ( 'NONE', #489, #831, #86, .T. ) ;
#499 = DIRECTION ( 'NONE',  ( 1.000000000000000000, 0.000000000000000000, 0.000000000000000000 ) ) ;
#500 = AXIS2_PLACEMENT_3D ( 'NONE', #179, #1035, #341 ) ;
#501 = CARTESIAN_POINT ( 'NONE',  ( 11.80000000000000071, 0.3500000000000000333, -7.000000000000001776 ) ) ;
#502 = EDGE_LOOP ( 'NONE', ( #93, #481, #316, #1085 ) ) ;
#503 = CARTESIAN_POINT ( 'NONE',  ( 14.49379642197725282, 0.3500000000000000333, 6.719685208436663615 ) ) ;
#504 = CARTESIAN_POINT ( 'NONE',  ( -14.48349619555813028, 3.000000000000000444, 6.723159046283419649 ) ) ;
#505 = SURFACE_SIDE_STYLE ('',( #92 ) ) ;
#506 = CARTESIAN_POINT ( 'NONE',  ( 13.63768682362332996, 3.000000000000000000, 6.906650704120910866 ) ) ;
#507 = CARTESIAN_POINT ( 'NONE',  ( 20.50000000000018474, 3.000000000000000000, 6.000000000000119016 ) ) ;
#508 = DIRECTION ( 'NONE',  ( 0.000000000000000000, -0.000000000000000000, 1.000000000000000000 ) ) ;
#509 = CARTESIAN_POINT ( 'NONE',  ( -13.62159308541178504, 2.999999999999999556, -6.908752198148822465 ) ) ;
#510 = EDGE_CURVE ( 'NONE', #521, #442, #141, .T. ) ;
#511 = CARTESIAN_POINT ( 'NONE',  ( -20.49999999999981526, 3.000000000000000000, 7.300000000000117950 ) ) ;
#512 = CARTESIAN_POINT ( 'NONE',  ( -15.88768538522476703, 0.3500000000000000333, 4.785367031183518804 ) ) ;
#513 = CARTESIAN_POINT ( 'NONE',  ( 26.00000000000018829, 3.000000000000000000, -8.999999999999896971 ) ) ;
#514 = CARTESIAN_POINT ( 'NONE',  ( -15.73593384210898094, 3.000000000000000000, -5.444745198823802923 ) ) ;
#515 = APPLICATION_CONTEXT ( 'automotive_design' ) ;
#516 = ORIENTED_EDGE ( 'NONE', *, *, #848, .F. ) ;
#517 = CYLINDRICAL_SURFACE ( 'NONE', #339, 1.299999999999999156 ) ;
#518 = DIRECTION ( 'NONE',  ( -1.927470528863117076E-16, 0.000000000000000000, 1.000000000000000000 ) ) ;
#519 = CARTESIAN_POINT ( 'NONE',  ( -15.99999999999999645, 0.3500000000000000333, 2.799999999999997602 ) ) ;
#520 = DIRECTION ( 'NONE',  ( 0.000000000000000000, 0.000000000000000000, 1.000000000000000000 ) ) ;
#521 = VERTEX_POINT ( 'NONE', #324 ) ;
#522 = CARTESIAN_POINT ( 'NONE',  ( 20.50000000000018474, 3.000000000000000000, -7.299999999999880806 ) ) ;
#523 = CARTESIAN_POINT ( 'NONE',  ( -15.98875195596057353, 0.3500000000000001443, 3.675427997180802375 ) ) ;
#524 = CARTESIAN_POINT ( 'NONE',  ( 16.00000000000000355, 1.189166666666666927, 6.999999999999999112 ) ) ;
#525 = CARTESIAN_POINT ( 'NONE',  ( -13.67497681043828273, 3.000000000000000000, -6.901650394113115539 ) ) ;
#526 = ORIENTED_EDGE ( 'NONE', *, *, #1112, .F. ) ;
#527 = CARTESIAN_POINT ( 'NONE',  ( -20.49999999999981526, 0.000000000000000000, 4.700000000000120082 ) ) ;
#528 = CARTESIAN_POINT ( 'NONE',  ( -15.66330216110341844, 0.3500000000000000888, 5.658977664416051212 ) ) ;
#529 = EDGE_CURVE ( 'NONE', #737, #592, #38, .T. ) ;
#530 = CARTESIAN_POINT ( 'NONE',  ( -15.81803058890145941, 0.3500000000000000333, -5.160649899894557358 ) ) ;
#531 = CARTESIAN_POINT ( 'NONE',  ( 14.16034696417536409, 3.000000000000000000, 6.818090702029349970 ) ) ;
#532 = ORIENTED_EDGE ( 'NONE', *, *, #1010, .T. ) ;
#533 = LINE ( 'NONE', #808, #199 ) ;
#534 = CARTESIAN_POINT ( 'NONE',  ( -15.90664342479682425, 0.3500000000000001443, -4.637723507245579135 ) ) ;
#535 = CIRCLE ( 'NONE', #47, 1.299999999999999156 ) ;
#536 = CARTESIAN_POINT ( 'NONE',  ( 15.98875195596057353, 3.000000000000000000, 3.675658418843476216 ) ) ;
#537 = CARTESIAN_POINT ( 'NONE',  ( 14.27407992203496967, 3.000000000000000000, -6.786641981969300907 ) ) ;
#538 = CIRCLE ( 'NONE', #1025, 1.299999999999999156 ) ;
#539 = VERTEX_POINT ( 'NONE', #445 ) ;
#540 = CARTESIAN_POINT ( 'NONE',  ( 16.00000000000000355, 0.3500000000000000333, -2.800000000000001155 ) ) ;
#541 = CIRCLE ( 'NONE', #206, 1.299999999999999156 ) ;
#542 = CARTESIAN_POINT ( 'NONE',  ( 20.50000000000018474, 0.000000000000000000, 7.300000000000117950 ) ) ;
#543 = CARTESIAN_POINT ( 'NONE',  ( 0.000000000000000000, 3.000000000000000000, 0.000000000000000000 ) ) ;
#544 = CARTESIAN_POINT ( 'NONE',  ( -15.71964799682474023, 0.3500000000000000888, -5.493901041510268257 ) ) ;
#545 = CARTESIAN_POINT ( 'NONE',  ( 15.71968775183103162, 3.000000000000000888, 5.493791923810225519 ) ) ;
#546 = CARTESIAN_POINT ( 'NONE',  ( 15.90875219814881802, 3.000000000000000000, -4.621593085411794810 ) ) ;
#547 = CARTESIAN_POINT ( 'NONE',  ( -11.79999999999999538, 3.000000000000000000, 6.999999999999998224 ) ) ;
#548 = VECTOR ( 'NONE', #1026, 1000.000000000000000 ) ;
#549 = DIRECTION ( 'NONE',  ( 1.927470528863117076E-16, 0.000000000000000000, 1.000000000000000000 ) ) ;
#550 = CARTESIAN_POINT ( 'NONE',  ( 14.48768626043449004, 0.3500000000000000888, -6.721750444170101702 ) ) ;
#551 = CARTESIAN_POINT ( 'NONE',  ( 15.91188116800948826, 3.000000000000000000, 4.597218489864376423 ) ) ;
#552 = CARTESIAN_POINT ( 'NONE',  ( 14.48349619555814094, 3.000000000000001332, -6.723159046283420537 ) ) ;
#553 = VECTOR ( 'NONE', #97, 1000.000000000000000 ) ;
#554 = DIRECTION ( 'NONE',  ( 0.000000000000000000, 0.000000000000000000, 1.000000000000000000 ) ) ;
#555 = CARTESIAN_POINT ( 'NONE',  ( 13.17375048507072499, 0.3500000000000000333, 6.955945160845585562 ) ) ;
#556 = DIRECTION ( 'NONE',  ( -0.000000000000000000, 1.000000000000000000, -0.000000000000000000 ) ) ;
#557 = DIRECTION ( 'NONE',  ( -0.000000000000000000, 0.000000000000000000, -1.000000000000000000 ) ) ;
#558 = EDGE_CURVE ( 'NONE', #579, #66, #535, .T. ) ;
#559 = CARTESIAN_POINT ( 'NONE',  ( 14.44467351906397035, 0.3500000000000000333, 6.735948246620885094 ) ) ;
#560 = ORIENTED_EDGE ( 'NONE', *, *, #12, .F. ) ;
#561 = CARTESIAN_POINT ( 'NONE',  ( 13.50800656473831651, 2.999999999999999556, -6.922728280791658584 ) ) ;
#562 = PRODUCT_DEFINITION ( 'UNKNOWN', '', #51, #308 ) ;
#563 = LINE ( 'NONE', #920, #150 ) ;
#564 = ORIENTED_EDGE ( 'NONE', *, *, #59, .F. ) ;
#565 = CARTESIAN_POINT ( 'NONE',  ( 12.67542799717885771, 0.3500000000000000333, 6.988751955960573525 ) ) ;
#566 = ORIENTED_EDGE ( 'NONE', *, *, #168, .F. ) ;
#567 = CARTESIAN_POINT ( 'NONE',  ( -14.02670424791572934, 2.999999999999999556, 6.846871352074119343 ) ) ;
#568 = VERTEX_POINT ( 'NONE', #110 ) ;
#569 = CARTESIAN_POINT ( 'NONE',  ( -11.79999999999999538, 3.132499999999999840, 6.999999999999998224 ) ) ;
#570 = ORIENTED_EDGE ( 'NONE', *, *, #662, .T. ) ;
#571 = CARTESIAN_POINT ( 'NONE',  ( -11.79999999999999538, 0.3500000000000000333, -7.000000000000001776 ) ) ;
#572 = ORIENTED_EDGE ( 'NONE', *, *, #447, .T. ) ;
#573 = CARTESIAN_POINT ( 'NONE',  ( -12.17096039202727198, 3.000000000000000888, 6.999999999999999112 ) ) ;
#574 = CARTESIAN_POINT ( 'NONE',  ( -15.93462074402083140, 2.999999999999999112, -4.400418372021238866 ) ) ;
#575 = VECTOR ( 'NONE', #619, 1000.000000000000000 ) ;
#576 = EDGE_CURVE ( 'NONE', #1, #323, #681, .T. ) ;
#577 = APPLICATION_CONTEXT ( 'automotive_design' ) ;
#578 = DIRECTION ( 'NONE',  ( -0.000000000000000000, 1.000000000000000000, -0.000000000000000000 ) ) ;
#579 = VERTEX_POINT ( 'NONE', #642 ) ;
#580 = AXIS2_PLACEMENT_3D ( 'NONE', #759, #589, #499 ) ;
#581 = DIRECTION ( 'NONE',  ( 0.000000000000000000, 0.000000000000000000, 1.000000000000000000 ) ) ;
#582 = CARTESIAN_POINT ( 'NONE',  ( -14.49379192381021930, 3.000000000000000444, 6.719687751831032507 ) ) ;
#583 = ORIENTED_EDGE ( 'NONE', *, *, #334, .F. ) ;
#584 = ORIENTED_EDGE ( 'NONE', *, *, #608, .F. ) ;
#585 = DIRECTION ( 'NONE',  ( -0.000000000000000000, 1.000000000000000000, -0.000000000000000000 ) ) ;
#586 = CARTESIAN_POINT ( 'NONE',  ( -20.49999999999981526, 3.000000000000000000, 4.700000000000120082 ) ) ;
#587 = ORIENTED_EDGE ( 'NONE', *, *, #1099, .T. ) ;
#588 = CARTESIAN_POINT ( 'NONE',  ( 15.91106109218190490, 0.3500000000000000333, 4.603670685922158334 ) ) ;
#589 = DIRECTION ( 'NONE',  ( 0.000000000000000000, 0.000000000000000000, 1.000000000000000000 ) ) ;
#590 = VECTOR ( 'NONE', #760, 1000.000000000000000 ) ;
#591 = CARTESIAN_POINT ( 'NONE',  ( -15.99999999999999645, 3.000000000000000000, 2.799999999999997602 ) ) ;
#592 = VERTEX_POINT ( 'NONE', #639 ) ;
#593 = DIRECTION ( 'NONE',  ( -0.000000000000000000, -1.000000000000000000, -0.000000000000000000 ) ) ;
#594 = DIRECTION ( 'NONE',  ( -0.000000000000000000, 1.000000000000000000, -0.000000000000000000 ) ) ;
#595 = MECHANICAL_DESIGN_GEOMETRIC_PRESENTATION_REPRESENTATION (  '', ( #635 ), #777 ) ;
#596 = ADVANCED_FACE ( 'NONE', ( #649 ), #987, .F. ) ;
#597 = CARTESIAN_POINT ( 'NONE',  ( 13.61083896765059009, 3.000000000000000444, 6.910143972839553506 ) ) ;
#598 = CARTESIAN_POINT ( 'NONE',  ( -15.75339069260670399, 0.3500000000000000888, 5.389138826132412241 ) ) ;
#599 = CARTESIAN_POINT ( 'NONE',  ( -25.99999999999981526, 0.000000000000000000, -8.999999999999896971 ) ) ;
#600 = CARTESIAN_POINT ( 'NONE',  ( -13.63768682362332108, 3.000000000000000444, -6.906650704120913531 ) ) ;
#601 = ORIENTED_EDGE ( 'NONE', *, *, #1112, .T. ) ;
#602 = CARTESIAN_POINT ( 'NONE',  ( 26.00000000000018829, 3.000000000000000000, -8.999999999999896971 ) ) ;
#603 = PLANE ( 'NONE',  #930 ) ;
#604 = CARTESIAN_POINT ( 'NONE',  ( 20.50000000000018474, 0.000000000000000000, 4.700000000000120082 ) ) ;
#605 = CARTESIAN_POINT ( 'NONE',  ( -14.50385133796979176, 3.000000000000001776, -6.716248328706675430 ) ) ;
#606 = ORIENTED_EDGE ( 'NONE', *, *, #456, .T. ) ;
#607 = EDGE_CURVE ( 'NONE', #152, #859, #969, .T. ) ;
#608 = EDGE_CURVE ( 'NONE', #841, #1009, #894, .T. ) ;
#609 = FACE_OUTER_BOUND ( 'NONE', #68, .T. ) ;
#610 = CARTESIAN_POINT ( 'NONE',  ( -15.72057707795679704, 0.3499999999999999778, 5.491157179913569664 ) ) ;
#611 = CARTESIAN_POINT ( 'NONE',  ( 11.80000000000000249, 0.2175000000000001377, 6.999999999999998224 ) ) ;
#612 = CARTESIAN_POINT ( 'NONE',  ( -15.91071456587308397, 2.999999999999999112, -4.606393114525484833 ) ) ;
#613 = VERTEX_POINT ( 'NONE', #475 ) ;
#614 = EDGE_CURVE ( 'NONE', #990, #338, #650, .T. ) ;
#615 = LINE ( 'NONE', #511, #398 ) ;
#616 = CARTESIAN_POINT ( 'NONE',  ( -14.48768626043447227, 0.3499999999999999778, 6.721750444170104366 ) ) ;
#617 = CARTESIAN_POINT ( 'NONE',  ( -15.99999999999999645, 0.2175000000000001377, -2.800000000000001155 ) ) ;
#618 = FACE_OUTER_BOUND ( 'NONE', #240, .T. ) ;
#619 = DIRECTION ( 'NONE',  ( -0.000000000000000000, 1.000000000000000000, -0.000000000000000000 ) ) ;
#620 = CARTESIAN_POINT ( 'NONE',  ( -11.79999999999999538, 0.3500000000000000333, 6.999999999999998224 ) ) ;
#621 = CARTESIAN_POINT ( 'NONE',  ( -14.65897766441712413, 0.3500000000000000333, -6.663302161102215848 ) ) ;
#622 = CARTESIAN_POINT ( 'NONE',  ( 16.00000000000000355, 3.132499999999999396, -7.000000000000000888 ) ) ;
#623 = CARTESIAN_POINT ( 'NONE',  ( 15.72174937072136380, 3.000000000000000444, -5.487691670000898192 ) ) ;
#624 = ORIENTED_EDGE ( 'NONE', *, *, #794, .F. ) ;
#625 = B_SPLINE_CURVE_WITH_KNOTS ( 'NONE', 3,
 ( #979, #796, #21, #365 ),
 .UNSPECIFIED., .F., .F.,
 ( 4, 4 ),
 ( 0.000000000000000000, 1.000000000000000000 ),
 .UNSPECIFIED. ) ;
#626 = FACE_OUTER_BOUND ( 'NONE', #305, .T. ) ;
#627 = DIRECTION ( 'NONE',  ( -0.000000000000000000, 1.000000000000000000, -0.000000000000000000 ) ) ;
#628 = CARTESIAN_POINT ( 'NONE',  ( 14.51877502558850175, 0.3500000000000000333, -6.711093125388365443 ) ) ;
#629 = CARTESIAN_POINT ( 'NONE',  ( -15.17519175173624646, 0.3499999999999999778, -6.355864957381867519 ) ) ;
#630 = VECTOR ( 'NONE', #1106, 1000.000000000000000 ) ;
#631 = DIRECTION ( 'NONE',  ( 1.927470528863117076E-16, -0.000000000000000000, -1.000000000000000000 ) ) ;
#632 = CARTESIAN_POINT ( 'NONE',  ( 14.47195053838854761, 2.999999999999999556, -6.727021142775456042 ) ) ;
#633 = AXIS2_PLACEMENT_3D ( 'NONE', #964, #457, #463 ) ;
#634 = CARTESIAN_POINT ( 'NONE',  ( 15.78668807640694638, 0.3500000000000000333, -5.273850546805500805 ) ) ;
#635 = STYLED_ITEM ( 'NONE', ( #186 ), #76 ) ;
#636 = DIRECTION ( 'NONE',  ( -0.000000000000000000, -1.000000000000000000, -0.000000000000000000 ) ) ;
#637 = FACE_BOUND ( 'NONE', #903, .T. ) ;
#638 = CARTESIAN_POINT ( 'NONE',  ( 14.49389208388461547, 3.000000000000000000, 6.719652946416117878 ) ) ;
#639 = CARTESIAN_POINT ( 'NONE',  ( -15.99999999999999645, 0.3500000000000000333, -2.800000000000001155 ) ) ;
#640 = DIRECTION ( 'NONE',  ( 0.000000000000000000, 0.000000000000000000, 1.000000000000000000 ) ) ;
#641 = CARTESIAN_POINT ( 'NONE',  ( 14.16064989989466483, 0.3500000000000000333, -6.818030588900190203 ) ) ;
#642 = CARTESIAN_POINT ( 'NONE',  ( 20.50000000000018474, 0.000000000000000000, -7.299999999999880806 ) ) ;
#643 = AXIS2_PLACEMENT_3D ( 'NONE', #684, #1123, #271 ) ;
#644 = EDGE_CURVE ( 'NONE', #1090, #388, #1012, .T. ) ;
#645 = AXIS2_PLACEMENT_3D ( 'NONE', #865, #772, #172 ) ;
#646 = CARTESIAN_POINT ( 'NONE',  ( 16.00000000000000355, 0.3500000000000000333, -7.000000000000001776 ) ) ;
#647 = CARTESIAN_POINT ( 'NONE',  ( 14.27385054680351573, 0.3500000000000000888, 6.786688076407394021 ) ) ;
#648 = ORIENTED_EDGE ( 'NONE', *, *, #607, .F. ) ;
#649 = FACE_OUTER_BOUND ( 'NONE', #107, .T. ) ;
#650 = B_SPLINE_CURVE_WITH_KNOTS ( 'NONE', 3,
 ( #900, #895, #1080, #213 ),
 .UNSPECIFIED., .F., .F.,
 ( 4, 4 ),
 ( 0.000000000000000000, 1.000000000000000000 ),
 .UNSPECIFIED. ) ;
#651 = VECTOR ( 'NONE', #234, 1000.000000000000000 ) ;
#652 = EDGE_CURVE ( 'NONE', #338, #944, #665, .T. ) ;
#653 =( NAMED_UNIT ( * ) SI_UNIT ( $, .STERADIAN. ) SOLID_ANGLE_UNIT ( ) );
#654 = FACE_OUTER_BOUND ( 'NONE', #1108, .T. ) ;
#655 = ORIENTED_EDGE ( 'NONE', *, *, #712, .T. ) ;
#656 = CARTESIAN_POINT ( 'NONE',  ( 11.80000000000000071, 2.116666666666666252, -7.000000000000001776 ) ) ;
#657 = ORIENTED_EDGE ( 'NONE', *, *, #977, .F. ) ;
#658 = VERTEX_POINT ( 'NONE', #405 ) ;
#659 = CARTESIAN_POINT ( 'NONE',  ( 15.89123617883380923, 0.3500000000000000333, 4.748641042394503131 ) ) ;
#660 = ORIENTED_EDGE ( 'NONE', *, *, #576, .F. ) ;
#661 = CARTESIAN_POINT ( 'NONE',  ( -13.59721848986437465, 3.000000000000000888, 6.911881168009498921 ) ) ;
#662 = EDGE_CURVE ( 'NONE', #778, #1090, #156, .T. ) ;
#663 = VERTEX_POINT ( 'NONE', #749 ) ;
#664 = CARTESIAN_POINT ( 'NONE',  ( -15.99999999999999645, 0.3500000000000000333, 6.999999999999998224 ) ) ;
#665 = B_SPLINE_CURVE_WITH_KNOTS ( 'NONE', 3,
 ( #35, #573, #672, #843, #923, #313, #744, #157, #661, #488, #833, #238, #567, #1107, #1002, #928, #1015, #504, #415, #582, #1019, #227, #161, #675, #910, #318, #232, #143, #995, #482, #917, #151, #245, #65, #829, #668, #52, #306, #61, #754, #399, #1087, #591 ),
 .UNSPECIFIED., .F., .F.,
 ( 4, 1, 1, 1, 1, 1, 1, 2, 2, 1, 1, 1, 1, 1, 2, 2, 2, 1, 1, 1, 1, 1, 2, 2, 1, 1, 1, 1, 1, 2, 2, 4 ),
 ( 0.000000000000000000, 0.1250000000000186795, 0.1875000000000280331, 0.2187500000000326961, 0.2343750000000354716, 0.2421875000000364153, 0.2460937500000368872, 0.2480468750000371370, 0.2500000000000374145, 0.3125000000000576761, 0.3437500000000677791, 0.3593750000000728861, 0.3671875000000758282, 0.3710937500000773825, 0.3730468750000776601, 0.3750000000000779932, 0.5000000000000713873, 0.5625000000000686118, 0.5937500000000671685, 0.6093750000000667244, 0.6171875000000665024, 0.6210937500000661693, 0.6230468750000657252, 0.6250000000000651701, 0.6875000000000537348, 0.7187500000000482947, 0.7343750000000457412, 0.7421875000000445199, 0.7460937500000437428, 0.7480468750000435207, 0.7500000000000431877, 1.000000000000000000 ),
 .UNSPECIFIED. ) ;
#666 = ORIENTED_EDGE ( 'NONE', *, *, #693, .T. ) ;
#667 = CARTESIAN_POINT ( 'NONE',  ( 15.69886842454307185, 0.3500000000000001998, 5.553233541406207507 ) ) ;
#668 = CARTESIAN_POINT ( 'NONE',  ( -15.90165039411310310, 3.000000000000000000, 4.674976810438296937 ) ) ;
#669 = CARTESIAN_POINT ( 'NONE',  ( -15.98875195596056642, 3.000000000000000000, -3.675658418843480657 ) ) ;
#670 = ORIENTED_EDGE ( 'NONE', *, *, #848, .T. ) ;
#671 = CARTESIAN_POINT ( 'NONE',  ( -25.99999999999981526, 3.000000000000000000, -8.999999999999896971 ) ) ;
#672 = CARTESIAN_POINT ( 'NONE',  ( -12.67565841884348465, 3.000000000000000000, 6.988751955960572637 ) ) ;
#673 = ORIENTED_EDGE ( 'NONE', *, *, #926, .F. ) ;
#674 = CARTESIAN_POINT ( 'NONE',  ( -13.59721034088433100, 0.3500000000000000888, -6.911881168009502474 ) ) ;
#675 = CARTESIAN_POINT ( 'NONE',  ( -15.49724171888138358, 3.000000000000000000, 5.990304093608421532 ) ) ;
#676 = EDGE_LOOP ( 'NONE', ( #403, #999, #789, #532 ) ) ;
#677 = CARTESIAN_POINT ( 'NONE',  ( -11.79999999999999538, 1.233333333333333171, -7.000000000000001776 ) ) ;
#678 = EDGE_CURVE ( 'NONE', #845, #521, #322, .T. ) ;
#679 = CARTESIAN_POINT ( 'NONE',  ( -15.99999999999999645, 0.3500000000000000333, -7.000000000000001776 ) ) ;
#680 = LINE ( 'NONE', #379, #742 ) ;
#681 = CIRCLE ( 'NONE', #771, 1.299999999999999156 ) ;
#682 = CARTESIAN_POINT ( 'NONE',  ( -25.99999999999981171, 0.000000000000000000, 9.000000000000119016 ) ) ;
#683 = CARTESIAN_POINT ( 'NONE',  ( -13.67504781099758659, 0.3500000000000000333, 6.901636305098369562 ) ) ;
#684 = CARTESIAN_POINT ( 'NONE',  ( -20.49999999999981526, 3.000000000000000000, -5.999999999999880984 ) ) ;
#685 = CARTESIAN_POINT ( 'NONE',  ( -14.51874441449009190, 2.999999999999999556, -6.711110039739718758 ) ) ;
#686 = CIRCLE ( 'NONE', #1029, 1.299999999999999156 ) ;
#687 = ORIENTED_EDGE ( 'NONE', *, *, #662, .F. ) ;
#688 = CARTESIAN_POINT ( 'NONE',  ( 20.50000000000018474, 3.000000000000000000, 6.000000000000119016 ) ) ;
#689 = CARTESIAN_POINT ( 'NONE',  ( -15.84693281132491194, 0.3500000000000000888, 5.026398414272374993 ) ) ;
#690 = B_SPLINE_CURVE_WITH_KNOTS ( 'NONE', 3,
 ( #793, #726, #536, #207, #460, #887, #709, #126, #551, #112, #966, #375, #806, #106, #453, #722, #216, #981, #985, #545, #812, #291, #212, #961, #799, #899, #131, #119, #30, #638, #893, #34, #531, #875, #850, #2, #506, #345, #597, #331, #269, #265, #253 ),
 .UNSPECIFIED., .F., .F.,
 ( 4, 1, 1, 1, 1, 1, 1, 2, 2, 1, 1, 1, 1, 1, 2, 2, 2, 1, 1, 1, 1, 1, 2, 2, 1, 1, 1, 1, 1, 2, 2, 4 ),
 ( 0.000000000000000000, 0.1250000000000181799, 0.1875000000000270894, 0.2187500000000314193, 0.2343750000000332789, 0.2421875000000340006, 0.2460937500000344724, 0.2480468750000348055, 0.2500000000000351386, 0.3125000000000437983, 0.3437500000000482947, 0.3593750000000507372, 0.3671875000000516809, 0.3710937500000521805, 0.3730468750000522360, 0.3750000000000522915, 0.5000000000000551781, 0.5625000000000565104, 0.5937500000000575096, 0.6093750000000580647, 0.6171875000000587308, 0.6210937500000592859, 0.6230468750000593969, 0.6250000000000596190, 0.6875000000000524025, 0.7187500000000484057, 0.7343750000000460743, 0.7421875000000448530, 0.7460937500000439648, 0.7480468750000438538, 0.7500000000000436318, 1.000000000000000000 ),
 .UNSPECIFIED. ) ;
#691 = DIRECTION ( 'NONE',  ( 0.000000000000000000, 1.000000000000000000, 0.000000000000000000 ) ) ;
#692 = CARTESIAN_POINT ( 'NONE',  ( -15.91188116800948116, 3.000000000000000000, -4.597218489864379087 ) ) ;
#693 = EDGE_CURVE ( 'NONE', #338, #62, #242, .T. ) ;
#694 = ORIENTED_EDGE ( 'NONE', *, *, #1011, .T. ) ;
#695 = DIRECTION ( 'NONE',  ( 0.000000000000000000, 0.000000000000000000, 1.000000000000000000 ) ) ;
#696 = CARTESIAN_POINT ( 'NONE',  ( -15.71968520843666006, 0.3500000000000000888, 5.493796421977218181 ) ) ;
#697 = CARTESIAN_POINT ( 'NONE',  ( -15.99999999999999645, 1.189166666666667371, -2.800000000000001155 ) ) ;
#698 = VECTOR ( 'NONE', #838, 1000.000000000000000 ) ;
#699 = CARTESIAN_POINT ( 'NONE',  ( -14.55317429411861418, 3.000000000000000444, -6.698901161997376619 ) ) ;
#700 = EDGE_CURVE ( 'NONE', #159, #487, #410, .T. ) ;
#701 = ORIENTED_EDGE ( 'NONE', *, *, #904, .F. ) ;
#702 = DIRECTION ( 'NONE',  ( 0.000000000000000000, 0.000000000000000000, 1.000000000000000000 ) ) ;
#703 = CARTESIAN_POINT ( 'NONE',  ( -15.99999999999999645, 0.3500000000000000333, 2.799999999999997602 ) ) ;
#704 = CARTESIAN_POINT ( 'NONE',  ( -11.79999999999999538, 3.132499999999999840, -7.000000000000001776 ) ) ;
#705 = CARTESIAN_POINT ( 'NONE',  ( -14.48769167000090086, 3.000000000000001332, -6.721749370721370909 ) ) ;
#706 = CARTESIAN_POINT ( 'NONE',  ( 26.00000000000018474, 3.000000000000000000, 9.000000000000119016 ) ) ;
#707 = CARTESIAN_POINT ( 'NONE',  ( -12.53625247638935747, 0.3500000000000000333, 6.999999999999998224 ) ) ;
#708 = CARTESIAN_POINT ( 'NONE',  ( -15.71109312538806613, 0.3500000000000000333, -5.518775025588803729 ) ) ;
#709 = CARTESIAN_POINT ( 'NONE',  ( 15.91647448547285926, 3.000000000000000000, 4.560385825438364904 ) ) ;
#710 = CARTESIAN_POINT ( 'NONE',  ( 15.71624832870666388, 3.000000000000000444, -5.503851337969788204 ) ) ;
#711 = DIRECTION ( 'NONE',  ( 0.000000000000000000, 0.000000000000000000, 1.000000000000000000 ) ) ;
#712 = EDGE_CURVE ( 'NONE', #152, #258, #1103, .T. ) ;
#713 = CARTESIAN_POINT ( 'NONE',  ( -11.79999999999999538, 0.3500000000000000333, 6.999999999999998224 ) ) ;
#714 = CARTESIAN_POINT ( 'NONE',  ( 13.60452870997682595, 0.3499999999999998668, 6.910951153951550019 ) ) ;
#715 = CARTESIAN_POINT ( 'NONE',  ( -15.06112177837999866, 0.3500000000000000333, -6.444400802584636878 ) ) ;
#716 = CARTESIAN_POINT ( 'NONE',  ( 15.61950086459868459, 2.999999999999999112, -5.750775868827826542 ) ) ;
#717 = CARTESIAN_POINT ( 'NONE',  ( -20.49999999999981526, 3.000000000000000000, 6.000000000000119016 ) ) ;
#718 = DIRECTION ( 'NONE',  ( 0.000000000000000000, 0.000000000000000000, 1.000000000000000000 ) ) ;
#719 = FACE_BOUND ( 'NONE', #448, .T. ) ;
#720 = CARTESIAN_POINT ( 'NONE',  ( -15.90874798821714364, 0.3500000000000000333, -4.621614301055080531 ) ) ;
#721 = AXIS2_PLACEMENT_3D ( 'NONE', #804, #898, #984 ) ;
#722 = CARTESIAN_POINT ( 'NONE',  ( 15.73593384210898094, 3.000000000000000000, 5.444745198823793153 ) ) ;
#723 = CARTESIAN_POINT ( 'NONE',  ( 11.80000000000000071, 3.000000000000000000, -7.000000000000001776 ) ) ;
#724 = CARTESIAN_POINT ( 'NONE',  ( 11.80000000000000071, 3.000000000000000000, -7.000000000000001776 ) ) ;
#725 = CARTESIAN_POINT ( 'NONE',  ( 13.67504781099751021, 0.3500000000000000333, -6.901636305098467261 ) ) ;
#726 = CARTESIAN_POINT ( 'NONE',  ( 16.00000000000000000, 3.000000000000000000, 3.170960392027265318 ) ) ;
#727 = CARTESIAN_POINT ( 'NONE',  ( 15.91014397283954729, 3.000000000000000888, -4.610838967650590092 ) ) ;
#728 = EDGE_CURVE ( 'NONE', #539, #747, #102, .T. ) ;
#729 = CARTESIAN_POINT ( 'NONE',  ( -15.99999999999999645, 3.000000000000000000, -2.800000000000001155 ) ) ;
#730 = CARTESIAN_POINT ( 'NONE',  ( 15.66330216110256934, 0.3500000000000001998, -5.658977664416790176 ) ) ;
#731 = CARTESIAN_POINT ( 'NONE',  ( 16.00000000000000355, 1.189166666666666927, -7.000000000000000888 ) ) ;
#732 = DIRECTION ( 'NONE',  ( -0.000000000000000000, 1.000000000000000000, -0.000000000000000000 ) ) ;
#733 = EDGE_CURVE ( 'NONE', #442, #326, #738, .T. ) ;
#734 = CIRCLE ( 'NONE', #643, 1.299999999999999156 ) ;
#735 = PLANE ( 'NONE',  #757 ) ;
#736 = CARTESIAN_POINT ( 'NONE',  ( 13.89160600078306729, 0.3500000000000000333, -6.868892378824544842 ) ) ;
#737 = VERTEX_POINT ( 'NONE', #439 ) ;
#738 = LINE ( 'NONE', #420, #840 ) ;
#739 = ORIENTED_EDGE ( 'NONE', *, *, #909, .F. ) ;
#740 = ORIENTED_EDGE ( 'NONE', *, *, #678, .T. ) ;
#741 = CARTESIAN_POINT ( 'NONE',  ( -14.02639841428208101, 0.3500000000000000333, -6.846932811322714585 ) ) ;
#742 = VECTOR ( 'NONE', #631, 1000.000000000000000 ) ;
#743 = ORIENTED_EDGE ( 'NONE', *, *, #396, .T. ) ;
#744 = CARTESIAN_POINT ( 'NONE',  ( -13.56038582543835602, 3.000000000000000000, 6.916474485472863698 ) ) ;
#745 = ORIENTED_EDGE ( 'NONE', *, *, #145, .F. ) ;
#746 = CARTESIAN_POINT ( 'NONE',  ( -11.79999999999999538, 1.189166666666667371, 6.999999999999998224 ) ) ;
#747 = VERTEX_POINT ( 'NONE', #852 ) ;
#748 = CARTESIAN_POINT ( 'NONE',  ( -14.27385054680972587, 0.3500000000000000333, -6.786688076405743786 ) ) ;
#749 = CARTESIAN_POINT ( 'NONE',  ( 11.80000000000000071, 0.3500000000000000333, 6.999999999999998224 ) ) ;
#750 = CARTESIAN_POINT ( 'NONE',  ( 20.50000000000018474, 3.000000000000000000, -4.699999999999882050 ) ) ;
#751 = AXIS2_PLACEMENT_3D ( 'NONE', #217, #556, #1054 ) ;
#752 = ORIENTED_EDGE ( 'NONE', *, *, #1099, .F. ) ;
#753 = CARTESIAN_POINT ( 'NONE',  ( -11.79999999999999538, 0.3500000000000000333, -7.000000000000001776 ) ) ;
#754 = CARTESIAN_POINT ( 'NONE',  ( -15.91106109218189069, 3.000000000000000000, 4.603672719727113005 ) ) ;
#755 = ORIENTED_EDGE ( 'NONE', *, *, #77, .F. ) ;
#756 = B_SPLINE_CURVE_WITH_KNOTS ( 'NONE', 3,
 ( #820, #117, #565, #555, #907, #797, #980, #366, #816, #714, #33, #1058, #378, #647, #220, #559, #902, #134, #241, #503, #927, #414, #230, #1109, #480, #846, #842, #1102, #667, #164, #72, #155, #58, #1006, #1014, #492, #659, #160, #247, #832, #418, #588, #237, #758, #764 ),
 .UNSPECIFIED., .F., .F.,
 ( 4, 1, 1, 1, 1, 1, 1, 2, 2, 1, 1, 1, 1, 1, 2, 2, 2, 2, 1, 1, 1, 1, 1, 2, 2, 1, 1, 1, 1, 1, 2, 2, 4 ),
 ( 0.000000000000000000, 0.1249999999999931721, 0.1874999999999901190, 0.2187499999999889810, 0.2343749999999884259, 0.2421874999999876765, 0.2460937499999878153, 0.2480468749999874545, 0.2499999999999870659, 0.3124999999999788503, 0.3437499999999747424, 0.3593749999999726885, 0.3671874999999716338, 0.3710937499999707456, 0.3730468749999702460, 0.3749999999999697464, 0.4374999999999649170, 0.4999999999999600320, 0.5624999999999551470, 0.5937499999999529265, 0.6093749999999515943, 0.6171874999999507061, 0.6210937499999501510, 0.6230468749999500400, 0.6249999999999500400, 0.6874999999999565903, 0.7187499999999599209, 0.7343749999999616973, 0.7421874999999626965, 0.7460937499999633626, 0.7480468749999636957, 0.7499999999999640288, 1.000000000000000000 ),
 .UNSPECIFIED. ) ;
#757 = AXIS2_PLACEMENT_3D ( 'NONE', #1065, #214, #554 ) ;
#758 = CARTESIAN_POINT ( 'NONE',  ( 16.00000000000000355, 0.3500000000000000333, 3.536252476368298314 ) ) ;
#759 = CARTESIAN_POINT ( 'NONE',  ( 0.000000000000000000, 0.000000000000000000, 0.000000000000000000 ) ) ;
#760 = DIRECTION ( 'NONE',  ( 1.000000000000000000, 0.000000000000000000, 0.000000000000000000 ) ) ;
#761 = ORIENTED_EDGE ( 'NONE', *, *, #932, .T. ) ;
#762 = B_SPLINE_CURVE_WITH_KNOTS ( 'NONE', 3,
 ( #1094, #319, #669, #918, #574, #839, #1016, #769, #692, #11, #612, #765, #421, #167, #251, #514, #272, #943, #1046, #869, #782, #429, #954, #5, #348, #336, #699, #685, #605, #1031, #705, #853, #935, #343, #98, #525, #600, #509, #175, #256, #776, #355, #81 ),
 .UNSPECIFIED., .F., .F.,
 ( 4, 1, 1, 1, 1, 1, 1, 2, 2, 1, 1, 1, 1, 1, 2, 2, 2, 1, 1, 1, 1, 1, 2, 2, 1, 1, 1, 1, 1, 2, 2, 4 ),
 ( 0.000000000000000000, 0.1250000000000152378, 0.1875000000000230371, 0.2187500000000272005, 0.2343750000000289491, 0.2421875000000298650, 0.2460937500000299760, 0.2480468750000296707, 0.2500000000000293654, 0.3125000000000211497, 0.3437500000000170419, 0.3593750000000149325, 0.3671875000000143219, 0.3710937500000142664, 0.3730468750000142109, 0.3750000000000141553, 0.5000000000000064393, 0.5625000000000023315, 0.5937500000000004441, 0.6093749999999998890, 0.6171875000000000000, 0.6210937499999996669, 0.6230468749999992228, 0.6249999999999987788, 0.6874999999999886757, 0.7187499999999835687, 0.7343749999999810152, 0.7421874999999794609, 0.7460937499999789058, 0.7480468749999783507, 0.7499999999999777955, 1.000000000000000000 ),
 .UNSPECIFIED. ) ;
#763 = EDGE_CURVE ( 'NONE', #149, #539, #1036, .T. ) ;
#764 = CARTESIAN_POINT ( 'NONE',  ( 16.00000000000000355, 0.3500000000000000333, 2.799999999999997602 ) ) ;
#765 = CARTESIAN_POINT ( 'NONE',  ( -15.88765026565287108, 3.000000000000000000, -4.785541793265454480 ) ) ;
#766 = DIRECTION ( 'NONE',  ( -0.000000000000000000, 1.000000000000000000, -0.000000000000000000 ) ) ;
#767 = DIRECTION ( 'NONE',  ( 0.000000000000000000, 0.000000000000000000, 1.000000000000000000 ) ) ;
#768 = CARTESIAN_POINT ( 'NONE',  ( 20.50000000000018474, 3.000000000000000000, 7.300000000000117950 ) ) ;
#769 = CARTESIAN_POINT ( 'NONE',  ( -15.91327069688740181, 3.000000000000000444, -4.586221746873769156 ) ) ;
#770 = ORIENTED_EDGE ( 'NONE', *, *, #608, .T. ) ;
#771 = AXIS2_PLACEMENT_3D ( 'NONE', #452, #286, #120 ) ;
#772 = DIRECTION ( 'NONE',  ( -0.000000000000000000, 1.000000000000000000, -0.000000000000000000 ) ) ;
#773 = CARTESIAN_POINT ( 'NONE',  ( -15.72316335048876113, 0.3500000000000000888, 5.483474776963127795 ) ) ;
#774 = EDGE_CURVE ( 'NONE', #592, #1047, #1045, .T. ) ;
#775 = FACE_OUTER_BOUND ( 'NONE', #1092, .T. ) ;
#776 = CARTESIAN_POINT ( 'NONE',  ( -13.13600795315405811, 3.000000000000000000, -6.970507305179491908 ) ) ;
#777 =( GEOMETRIC_REPRESENTATION_CONTEXT ( 3 ) GLOBAL_UNCERTAINTY_ASSIGNED_CONTEXT ( ( #25 ) ) GLOBAL_UNIT_ASSIGNED_CONTEXT ( ( #939, #285, #197 ) ) REPRESENTATION_CONTEXT ( 'NONE', 'WORKASPACE' ) );
#778 = VERTEX_POINT ( 'NONE', #1030 ) ;
#779 = FACE_OUTER_BOUND ( 'NONE', #193, .T. ) ;
#780 = CARTESIAN_POINT ( 'NONE',  ( -15.78668807640739757, 0.3500000000000000888, 5.273850546802441031 ) ) ;
#781 = CARTESIAN_POINT ( 'NONE',  ( -11.79999999999999538, 1.189166666666667371, -7.000000000000001776 ) ) ;
#782 = CARTESIAN_POINT ( 'NONE',  ( -15.60846491372225486, 3.000000000000000000, -5.819441297347446529 ) ) ;
#783 = VERTEX_POINT ( 'NONE', #347 ) ;
#784 = DIRECTION ( 'NONE',  ( -0.000000000000000000, 1.000000000000000000, -0.000000000000000000 ) ) ;
#785 = CARTESIAN_POINT ( 'NONE',  ( -15.73594824662088598, 0.3500000000000000333, 5.444673519063624845 ) ) ;
#786 = CARTESIAN_POINT ( 'NONE',  ( -15.99999999999999645, 2.160833333333332273, -2.800000000000001155 ) ) ;
#787 = VECTOR ( 'NONE', #434, 1000.000000000000000 ) ;
#788 = FACE_BOUND ( 'NONE', #176, .T. ) ;
#789 = ORIENTED_EDGE ( 'NONE', *, *, #1011, .F. ) ;
#790 = CARTESIAN_POINT ( 'NONE',  ( -20.49999999999981526, 0.000000000000000000, -4.699999999999882050 ) ) ;
#791 = CARTESIAN_POINT ( 'NONE',  ( -14.51877502558838096, 0.3500000000000000888, 6.711093125388449820 ) ) ;
#792 = CARTESIAN_POINT ( 'NONE',  ( -15.99999999999999645, 0.3500000000000000333, -2.800000000000001155 ) ) ;
#793 = CARTESIAN_POINT ( 'NONE',  ( 16.00000000000000355, 3.000000000000000000, 2.799999999999997602 ) ) ;
#794 = EDGE_CURVE ( 'NONE', #747, #539, #734, .T. ) ;
#795 = FACE_OUTER_BOUND ( 'NONE', #226, .T. ) ;
#796 = CARTESIAN_POINT ( 'NONE',  ( -15.99999999999999645, 1.233333333333333171, -2.800000000000001155 ) ) ;
#797 = CARTESIAN_POINT ( 'NONE',  ( 13.50795255966067288, 0.3500000000000001443, 6.922728280791658584 ) ) ;
#798 = CARTESIAN_POINT ( 'NONE',  ( -15.67354414931925177, 0.3500000000000000333, -5.620862119304051774 ) ) ;
#799 = CARTESIAN_POINT ( 'NONE',  ( 14.75077586882783010, 3.000000000000000000, 6.619500864598682810 ) ) ;
#800 = CARTESIAN_POINT ( 'NONE',  ( 15.69890116199737484, 3.000000000000000000, -5.553174294118615073 ) ) ;
#801 = VERTEX_POINT ( 'NONE', #599 ) ;
#802 = CARTESIAN_POINT ( 'NONE',  ( 16.00000000000000355, 0.3500000000000000333, -3.170828722506127573 ) ) ;
#803 = CARTESIAN_POINT ( 'NONE',  ( 16.00000000000000355, 0.3500000000000000333, -7.000000000000001776 ) ) ;
#804 = CARTESIAN_POINT ( 'NONE',  ( -15.99999999999999645, 0.3500000000000000333, 6.999999999999998224 ) ) ;
#805 = CARTESIAN_POINT ( 'NONE',  ( -14.48347477696381524, 0.3500000000000000333, -6.723163350488609247 ) ) ;
#806 = CARTESIAN_POINT ( 'NONE',  ( 15.84687135207412112, 3.000000000000000000, 5.026704247915738222 ) ) ;
#807 = CARTESIAN_POINT ( 'NONE',  ( 15.07848698201773807, 3.000000000000000444, -6.453796080850688455 ) ) ;
#808 = CARTESIAN_POINT ( 'NONE',  ( 16.00000000000000355, 3.000000000000000000, -7.000000000000001776 ) ) ;
#809 = CARTESIAN_POINT ( 'NONE',  ( 11.80000000000000071, 3.000000000000000000, 6.999999999999998224 ) ) ;
#810 = DIRECTION ( 'NONE',  ( 0.000000000000000000, 0.000000000000000000, 1.000000000000000000 ) ) ;
#811 = ADVANCED_FACE ( 'NONE', ( #354 ), #122, .T. ) ;
#812 = CARTESIAN_POINT ( 'NONE',  ( 15.60846491372225486, 3.000000000000000444, 5.819441297347450082 ) ) ;
#813 = CARTESIAN_POINT ( 'NONE',  ( 16.00000000000000355, 3.000000000000000000, -2.800000000000001155 ) ) ;
#814 = VECTOR ( 'NONE', #891, 1000.000000000000000 ) ;
#815 = CARTESIAN_POINT ( 'NONE',  ( 11.80000000000000071, 0.3500000000000000333, 6.999999999999998224 ) ) ;
#816 = CARTESIAN_POINT ( 'NONE',  ( 13.59721034088391889, 0.3500000000000001443, 6.911881168009501586 ) ) ;
#817 = EDGE_CURVE ( 'NONE', #388, #568, #55, .T. ) ;
#818 = CARTESIAN_POINT ( 'NONE',  ( 14.49116801721065073, 2.999999999999999556, -6.720574900131788709 ) ) ;
#819 = CARTESIAN_POINT ( 'NONE',  ( -15.99999999999999645, 3.000000000000000000, 2.799999999999997602 ) ) ;
#820 = CARTESIAN_POINT ( 'NONE',  ( 11.80000000000000071, 0.3500000000000000333, 6.999999999999998224 ) ) ;
#821 = ORIENTED_EDGE ( 'NONE', *, *, #456, .F. ) ;
#822 = CARTESIAN_POINT ( 'NONE',  ( 12.17096039202727553, 2.999999999999999556, -7.000000000000002665 ) ) ;
#823 = ORIENTED_EDGE ( 'NONE', *, *, #763, .T. ) ;
#824 = CARTESIAN_POINT ( 'NONE',  ( -15.99999999999999822, 0.2175000000000001099, 6.999999999999998224 ) ) ;
#825 = EDGE_LOOP ( 'NONE', ( #413, #228, #925, #587 ) ) ;
#826 = DIRECTION ( 'NONE',  ( 0.000000000000000000, 0.000000000000000000, -1.000000000000000000 ) ) ;
#827 = ORIENTED_EDGE ( 'NONE', *, *, #165, .F. ) ;
#828 = AXIS2_PLACEMENT_3D ( 'NONE', #717, #970, #877 ) ;
#829 = CARTESIAN_POINT ( 'NONE',  ( -15.89126247832681571, 3.000000000000000000, 4.748508508020441887 ) ) ;
#830 = ORIENTED_EDGE ( 'NONE', *, *, #817, .T. ) ;
#831 = VERTEX_POINT ( 'NONE', #768 ) ;
#832 = CARTESIAN_POINT ( 'NONE',  ( 15.90874798821722003, 0.3499999999999999778, 4.621614301054582263 ) ) ;
#833 = CARTESIAN_POINT ( 'NONE',  ( -13.60639311452547418, 2.999999999999999112, 6.910714565873089299 ) ) ;
#834 = ORIENTED_EDGE ( 'NONE', *, *, #248, .T. ) ;
#835 =( NAMED_UNIT ( * ) PLANE_ANGLE_UNIT ( ) SI_UNIT ( $, .RADIAN. ) );
#836 = ORIENTED_EDGE ( 'NONE', *, *, #177, .T. ) ;
#837 = CARTESIAN_POINT ( 'NONE',  ( -15.99999999999999645, 0.3500000000000000333, -7.000000000000001776 ) ) ;
#838 = DIRECTION ( 'NONE',  ( 1.000000000000000000, 0.000000000000000000, 0.000000000000000000 ) ) ;
#839 = CARTESIAN_POINT ( 'NONE',  ( -15.92272828079164348, 3.000000000000000000, -4.508006564738315625 ) ) ;
#840 = VECTOR ( 'NONE', #255, 1000.000000000000000 ) ;
#841 = VERTEX_POINT ( 'NONE', #604 ) ;
#842 = CARTESIAN_POINT ( 'NONE',  ( 15.61939610474490259, 0.3500000000000000333, 5.750965460148122155 ) ) ;
#843 = CARTESIAN_POINT ( 'NONE',  ( -13.17392330131918321, 3.000000000000000000, 6.955945160845582897 ) ) ;
#844 = ADVANCED_FACE ( 'NONE', ( #1116 ), #91, .T. ) ;
#845 = VERTEX_POINT ( 'NONE', #513 ) ;
#846 = CARTESIAN_POINT ( 'NONE',  ( 15.49710203907635453, 0.3500000000000000333, 5.990556882035487085 ) ) ;
#847 = CARTESIAN_POINT ( 'NONE',  ( 20.50000000000018474, 3.000000000000000000, 7.300000000000117950 ) ) ;
#848 = EDGE_CURVE ( 'NONE', #1009, #831, #942, .T. ) ;
#849 = SURFACE_STYLE_USAGE ( .BOTH. , #505 ) ;
#850 = CARTESIAN_POINT ( 'NONE',  ( 13.74850850802043212, 3.000000000000000000, 6.891262478326821928 ) ) ;
#851 = DIRECTION ( 'NONE',  ( -0.000000000000000000, 1.000000000000000000, -0.000000000000000000 ) ) ;
#852 = CARTESIAN_POINT ( 'NONE',  ( -20.49999999999981526, 3.000000000000000000, -7.299999999999880806 ) ) ;
#853 = CARTESIAN_POINT ( 'NONE',  ( -14.36213839130625658, 3.000000000000000000, -6.763884793768276893 ) ) ;
#854 = ADVANCED_FACE ( 'NONE', ( #775 ), #857, .F. ) ;
#855 = PLANE ( 'NONE',  #1027 ) ;
#856 = CARTESIAN_POINT ( 'NONE',  ( -14.50386904162340684, 0.3500000000000001443, 6.716238546443609181 ) ) ;
#857 = CYLINDRICAL_SURFACE ( 'NONE', #349, 1.299999999999999156 ) ;
#858 = DIRECTION ( 'NONE',  ( 0.000000000000000000, 0.000000000000000000, 1.000000000000000000 ) ) ;
#859 = VERTEX_POINT ( 'NONE', #1041 ) ;
#860 = CARTESIAN_POINT ( 'NONE',  ( 20.50000000000018474, 3.000000000000000000, -7.299999999999880806 ) ) ;
#861 = CARTESIAN_POINT ( 'NONE',  ( -15.99999999999999645, 3.000000000000000000, -7.000000000000001776 ) ) ;
#862 = CARTESIAN_POINT ( 'NONE',  ( -20.49999999999981526, 3.000000000000000000, -4.699999999999882050 ) ) ;
#863 = FILL_AREA_STYLE_COLOUR ( '', #169 ) ;
#864 = ORIENTED_EDGE ( 'NONE', *, *, #358, .F. ) ;
#865 = CARTESIAN_POINT ( 'NONE',  ( -20.49999999999981526, 3.000000000000000000, 6.000000000000119016 ) ) ;
#866 = CARTESIAN_POINT ( 'NONE',  ( -15.91095115395154913, 0.3499999999999999778, 4.604528709976857925 ) ) ;
#867 = CARTESIAN_POINT ( 'NONE',  ( -11.79999999999999538, 0.2175000000000001377, -7.000000000000001776 ) ) ;
#868 = EDGE_CURVE ( 'NONE', #944, #1047, #352, .T. ) ;
#869 = CARTESIAN_POINT ( 'NONE',  ( -15.71968775183102807, 2.999999999999999556, -5.493791923810231737 ) ) ;
#870 = ORIENTED_EDGE ( 'NONE', *, *, #165, .T. ) ;
#871 = CARTESIAN_POINT ( 'NONE',  ( 16.00000000000000355, 3.000000000000000000, 2.799999999999997602 ) ) ;
#872 = CARTESIAN_POINT ( 'NONE',  ( -14.99055688203297088, 0.3500000000000000333, 6.497102039077435442 ) ) ;
#873 = CARTESIAN_POINT ( 'NONE',  ( -15.91014184271475784, 0.3499999999999999778, -4.610849702258945193 ) ) ;
#874 = ADVANCED_FACE ( 'NONE', ( #947 ), #1125, .T. ) ;
#875 = CARTESIAN_POINT ( 'NONE',  ( 13.89137879899358730, 3.000000000000000444, 6.868937463671419330 ) ) ;
#876 = ORIENTED_EDGE ( 'NONE', *, *, #977, .T. ) ;
#877 = DIRECTION ( 'NONE',  ( 0.000000000000000000, 0.000000000000000000, 1.000000000000000000 ) ) ;
#878 = FACE_OUTER_BOUND ( 'NONE', #825, .T. ) ;
#879 = CARTESIAN_POINT ( 'NONE',  ( -15.99999999999999289, 0.3499999999999999778, -3.536252476369469377 ) ) ;
#880 = CARTESIAN_POINT ( 'NONE',  ( 15.90165039411312087, 3.000000000000000000, -4.674976810438288943 ) ) ;
#881 = ORIENTED_EDGE ( 'NONE', *, *, #177, .F. ) ;
#882 = VECTOR ( 'NONE', #192, 1000.000000000000000 ) ;
#883 = CARTESIAN_POINT ( 'NONE',  ( 15.95594516084558201, 0.3499999999999999223, -4.173750485072686978 ) ) ;
#884 = CARTESIAN_POINT ( 'NONE',  ( -15.99999999999999645, 2.160833333333332273, 2.799999999999997602 ) ) ;
#885 = FACE_OUTER_BOUND ( 'NONE', #401, .T. ) ;
#886 = CARTESIAN_POINT ( 'NONE',  ( -15.49710203907423889, 0.3500000000000000888, -5.990556882036411679 ) ) ;
#887 = CARTESIAN_POINT ( 'NONE',  ( 15.92272828079164704, 3.000000000000000000, 4.508006564738313848 ) ) ;
#888 = CARTESIAN_POINT ( 'NONE',  ( 15.91106109218190845, 3.000000000000000000, -4.603672719727111229 ) ) ;
#889 = CYLINDRICAL_SURFACE ( 'NONE', #828, 1.299999999999999156 ) ;
#890 = EDGE_CURVE ( 'NONE', #1047, #990, #100, .T. ) ;
#891 = DIRECTION ( 'NONE',  ( 1.927470528863117076E-16, -0.000000000000000000, -1.000000000000000000 ) ) ;
#892 = CARTESIAN_POINT ( 'NONE',  ( 15.44440080258516446, 0.3500000000000002554, -6.061121778379483516 ) ) ;
#893 = CARTESIAN_POINT ( 'NONE',  ( 14.48769167000090441, 3.000000000000000000, 6.721749370721362915 ) ) ;
#894 = CIRCLE ( 'NONE', #751, 1.299999999999999156 ) ;
#895 = CARTESIAN_POINT ( 'NONE',  ( -11.79999999999999538, 1.233333333333333171, 6.999999999999998224 ) ) ;
#896 = EDGE_CURVE ( 'NONE', #1001, #944, #171, .T. ) ;
#897 = CARTESIAN_POINT ( 'NONE',  ( 11.80000000000000071, 1.233333333333333171, 6.999999999999998224 ) ) ;
#898 = DIRECTION ( 'NONE',  ( -0.000000000000000000, 0.000000000000000000, 1.000000000000000000 ) ) ;
#899 = CARTESIAN_POINT ( 'NONE',  ( 14.62075152436680625, 3.000000000000000444, 6.673605259234881792 ) ) ;
#900 = CARTESIAN_POINT ( 'NONE',  ( -11.79999999999999538, 0.3500000000000000333, 6.999999999999998224 ) ) ;
#901 = FACE_OUTER_BOUND ( 'NONE', #87, .T. ) ;
#902 = CARTESIAN_POINT ( 'NONE',  ( 14.47191350384598074, 0.3500000000000001443, 6.727028585106602954 ) ) ;
#903 = EDGE_LOOP ( 'NONE', ( #660, #921 ) ) ;
#904 = EDGE_CURVE ( 'NONE', #233, #258, #263, .T. ) ;
#905 = CARTESIAN_POINT ( 'NONE',  ( 15.71111003973971165, 3.000000000000000444, -5.518744414490096339 ) ) ;
#906 = ORIENTED_EDGE ( 'NONE', *, *, #607, .T. ) ;
#907 = CARTESIAN_POINT ( 'NONE',  ( 13.40031756254297335, 0.3500000000000001443, 6.934620744020843830 ) ) ;
#908 = ORIENTED_EDGE ( 'NONE', *, *, #498, .F. ) ;
#909 = EDGE_CURVE ( 'NONE', #831, #489, #1039, .T. ) ;
#910 = CARTESIAN_POINT ( 'NONE',  ( -15.61950086459867926, 3.000000000000000000, 5.750775868827822102 ) ) ;
#911 = ORIENTED_EDGE ( 'NONE', *, *, #817, .F. ) ;
#912 = ADVANCED_FACE ( 'NONE', ( #260 ), #603, .F. ) ;
#913 = EDGE_LOOP ( 'NONE', ( #48, #236 ) ) ;
#914 = CARTESIAN_POINT ( 'NONE',  ( 20.50000000000018474, 3.000000000000000000, 4.700000000000120082 ) ) ;
#915 = ORIENTED_EDGE ( 'NONE', *, *, #1010, .F. ) ;
#916 = AXIS2_PLACEMENT_3D ( 'NONE', #543, #290, #810 ) ;
#917 = CARTESIAN_POINT ( 'NONE',  ( -15.72174937072136025, 3.000000000000000000, 5.487691670000901745 ) ) ;
#918 = CARTESIAN_POINT ( 'NONE',  ( -15.95594516084557846, 3.000000000000000444, -4.173923301319189427 ) ) ;
#919 = VECTOR ( 'NONE', #945, 1000.000000000000000 ) ;
#920 = CARTESIAN_POINT ( 'NONE',  ( 20.50000000000018474, 3.000000000000000000, 4.700000000000120082 ) ) ;
#921 = ORIENTED_EDGE ( 'NONE', *, *, #248, .F. ) ;
#922 = CARTESIAN_POINT ( 'NONE',  ( -13.56035792281634933, 0.3499999999999999778, -6.916474485472864586 ) ) ;
#923 = CARTESIAN_POINT ( 'NONE',  ( -13.40041837202122998, 2.999999999999998668, 6.934620744020834948 ) ) ;
#924 = ORIENTED_EDGE ( 'NONE', *, *, #510, .T. ) ;
#925 = ORIENTED_EDGE ( 'NONE', *, *, #774, .F. ) ;
#926 = EDGE_CURVE ( 'NONE', #613, #568, #983, .T. ) ;
#927 = CARTESIAN_POINT ( 'NONE',  ( 14.65897766441539929, 0.3500000000000000888, 6.663302161103273669 ) ) ;
#928 = CARTESIAN_POINT ( 'NONE',  ( -14.44474519882378871, 2.999999999999999556, 6.735933842108980940 ) ) ;
#929 = ORIENTED_EDGE ( 'NONE', *, *, #493, .F. ) ;
#930 = AXIS2_PLACEMENT_3D ( 'NONE', #433, #946, #518 ) ;
#931 = DIRECTION ( 'NONE',  ( -1.000000000000000000, 0.000000000000000000, -0.000000000000000000 ) ) ;
#932 = EDGE_CURVE ( 'NONE', #442, #159, #472, .T. ) ;
#933 = CIRCLE ( 'NONE', #104, 1.299999999999999156 ) ;
#934 = CARTESIAN_POINT ( 'NONE',  ( -20.49999999999981526, 3.000000000000000000, -5.999999999999880984 ) ) ;
#935 = CARTESIAN_POINT ( 'NONE',  ( -14.16034696417536942, 3.000000000000000444, -6.818090702029352634 ) ) ;
#936 = DIRECTION ( 'NONE',  ( 0.000000000000000000, 0.000000000000000000, 1.000000000000000000 ) ) ;
#937 = PRODUCT_CONTEXT ( 'NONE', #515, 'mechanical' ) ;
#938 = CARTESIAN_POINT ( 'NONE',  ( -15.99999999999999645, 3.000000000000000000, 2.799999999999997602 ) ) ;
#939 =( LENGTH_UNIT ( ) NAMED_UNIT ( * ) SI_UNIT ( .MILLI., .METRE. ) );
#940 = CARTESIAN_POINT ( 'NONE',  ( -20.49999999999981526, 0.000000000000000000, 6.000000000000119016 ) ) ;
#941 = CARTESIAN_POINT ( 'NONE',  ( -14.55323354140562131, 0.3500000000000000888, 6.698868424543317879 ) ) ;
#942 = LINE ( 'NONE', #847, #787 ) ;
#943 = CARTESIAN_POINT ( 'NONE',  ( -15.72315904628340810, 2.999999999999998668, -5.483496195558138275 ) ) ;
#944 = VERTEX_POINT ( 'NONE', #819 ) ;
#945 = DIRECTION ( 'NONE',  ( -1.000000000000000000, -0.000000000000000000, -0.000000000000000000 ) ) ;
#946 = DIRECTION ( 'NONE',  ( -1.000000000000000000, 0.000000000000000000, -1.927470528863117076E-16 ) ) ;
#947 = FACE_OUTER_BOUND ( 'NONE', #350, .T. ) ;
#948 = DIRECTION ( 'NONE',  ( -0.000000000000000000, 1.000000000000000000, -0.000000000000000000 ) ) ;
#949 = ORIENTED_EDGE ( 'NONE', *, *, #96, .F. ) ;
#950 = CARTESIAN_POINT ( 'NONE',  ( 20.50000000000018474, 0.000000000000000000, 6.000000000000119016 ) ) ;
#951 = CARTESIAN_POINT ( 'NONE',  ( -14.49390104151014214, 0.3500000000000000888, 6.719647996824846814 ) ) ;
#952 = VECTOR ( 'NONE', #549, 1000.000000000000000 ) ;
#953 = CARTESIAN_POINT ( 'NONE',  ( 16.00000000000000355, 3.132499999999999396, 6.999999999999999112 ) ) ;
#954 = CARTESIAN_POINT ( 'NONE',  ( -15.16043606203503380, 3.000000000000000000, -6.368361840075332125 ) ) ;
#955 = B_SPLINE_CURVE_WITH_KNOTS ( 'NONE', 3,
 ( #408, #328, #677, #571 ),
 .UNSPECIFIED., .F., .F.,
 ( 4, 4 ),
 ( 0.000000000000000000, 1.000000000000000000 ),
 .UNSPECIFIED. ) ;
#956 = ORIENTED_EDGE ( 'NONE', *, *, #558, .F. ) ;
#957 = CARTESIAN_POINT ( 'NONE',  ( -20.49999999999981526, 3.000000000000000000, 4.700000000000120082 ) ) ;
#958 = CARTESIAN_POINT ( 'NONE',  ( -16.00000000000000000, 0.3500000000000000333, 3.170828722505736330 ) ) ;
#959 = EDGE_CURVE ( 'NONE', #62, #663, #1075, .T. ) ;
#960 = CARTESIAN_POINT ( 'NONE',  ( -15.99999999999999645, 3.132499999999999840, -2.800000000000001155 ) ) ;
#961 = CARTESIAN_POINT ( 'NONE',  ( 14.99030409360842420, 2.999999999999999556, 6.497241718881389794 ) ) ;
#962 = ADVANCED_FACE ( 'NONE', ( #32 ), #971, .F. ) ;
#963 = CARTESIAN_POINT ( 'NONE',  ( 16.00000000000000355, 3.000000000000000000, -2.800000000000001155 ) ) ;
#964 = CARTESIAN_POINT ( 'NONE',  ( 20.50000000000018474, 3.000000000000000000, 6.000000000000119016 ) ) ;
#965 = DIRECTION ( 'NONE',  ( 0.000000000000000000, 0.000000000000000000, 1.000000000000000000 ) ) ;
#966 = CARTESIAN_POINT ( 'NONE',  ( 15.91071456587309108, 2.999999999999999556, 4.606393114525484833 ) ) ;
#967 = CARTESIAN_POINT ( 'NONE',  ( 15.86893746367142022, 3.000000000000000000, -4.891378798993584631 ) ) ;
#968 = ORIENTED_EDGE ( 'NONE', *, *, #794, .T. ) ;
#969 = CIRCLE ( 'NONE', #287, 1.299999999999999156 ) ;
#970 = DIRECTION ( 'NONE',  ( -0.000000000000000000, 1.000000000000000000, -0.000000000000000000 ) ) ;
#971 = CYLINDRICAL_SURFACE ( 'NONE', #337, 1.299999999999999156 ) ;
#972 = CARTESIAN_POINT ( 'NONE',  ( 13.74864104239763307, 0.3500000000000000333, -6.891236178832812698 ) ) ;
#973 = CARTESIAN_POINT ( 'NONE',  ( -15.69886842454257980, 0.3500000000000000888, -5.553233541406425999 ) ) ;
#974 = CARTESIAN_POINT ( 'NONE',  ( 11.80000000000000071, 0.2175000000000001377, -7.000000000000001776 ) ) ;
#975 = CARTESIAN_POINT ( 'NONE',  ( 15.90665070412090465, 3.000000000000000000, -4.637686823623325516 ) ) ;
#976 = CLOSED_SHELL ( 'NONE', ( #356, #201, #327, #1060, #912, #1048, #191, #596, #411, #75, #1017, #416, #992, #477, #844, #1104, #811, #135, #874, #275, #962, #374, #854 ) ) ;
#977 = EDGE_CURVE ( 'NONE', #1090, #658, #36, .T. ) ;
#978 = CARTESIAN_POINT ( 'NONE',  ( 15.91327069688741602, 0.3499999999999999778, -4.586207570541047218 ) ) ;
#979 = CARTESIAN_POINT ( 'NONE',  ( -15.99999999999999645, 0.3500000000000000333, -2.800000000000001155 ) ) ;
#980 = CARTESIAN_POINT ( 'NONE',  ( 13.56035792281491936, 0.3500000000000000333, 6.916474485472863698 ) ) ;
#981 = CARTESIAN_POINT ( 'NONE',  ( 15.72315904628341876, 3.000000000000000888, 5.483496195558132946 ) ) ;
#982 = CARTESIAN_POINT ( 'NONE',  ( 13.60453280857647407, 2.999999999999999556, -6.910951153951552683 ) ) ;
#983 = LINE ( 'NONE', #803, #1079 ) ;
#984 = DIRECTION ( 'NONE',  ( 1.000000000000000000, 0.000000000000000000, 0.000000000000000000 ) ) ;
#985 = CARTESIAN_POINT ( 'NONE',  ( 15.72057490013178693, 3.000000000000000444, 5.491168017210642738 ) ) ;
#986 = AXIS2_PLACEMENT_3D ( 'NONE', #934, #45, #389 ) ;
#987 = PLANE ( 'NONE',  #332 ) ;
#988 = CARTESIAN_POINT ( 'NONE',  ( -15.99999999999999645, 0.3500000000000000333, 2.799999999999997602 ) ) ;
#989 = CARTESIAN_POINT ( 'NONE',  ( 15.71968520843668493, 0.3500000000000000333, -5.493796421977200417 ) ) ;
#990 = VERTEX_POINT ( 'NONE', #713 ) ;
#991 = CARTESIAN_POINT ( 'NONE',  ( 13.78554179326544471, 3.000000000000000888, -6.887650265652886183 ) ) ;
#992 = ADVANCED_FACE ( 'NONE', ( #878 ), #735, .F. ) ;
#993 = FACE_BOUND ( 'NONE', #310, .T. ) ;
#994 = ORIENTED_EDGE ( 'NONE', *, *, #218, .T. ) ;
#995 = CARTESIAN_POINT ( 'NONE',  ( -15.71624832870666388, 3.000000000000000444, 5.503851337969789093 ) ) ;
#996 = EDGE_CURVE ( 'NONE', #801, #159, #219, .T. ) ;
#997 = EDGE_LOOP ( 'NONE', ( #138, #821, #560, #752 ) ) ;
#998 = UNCERTAINTY_MEASURE_WITH_UNIT (LENGTH_MEASURE( 1.000000000000000082E-05 ), #153, 'distance_accuracy_value', 'NONE');
#999 = ORIENTED_EDGE ( 'NONE', *, *, #257, .F. ) ;
#1000 = CARTESIAN_POINT ( 'NONE',  ( -12.67542799719073621, 0.3500000000000000333, -6.988751955960576190 ) ) ;
#1001 = VERTEX_POINT ( 'NONE', #729 ) ;
#1002 = CARTESIAN_POINT ( 'NONE',  ( -14.38927262835138343, 3.000000000000000000, 6.753363804184483676 ) ) ;
#1003 = ORIENTED_EDGE ( 'NONE', *, *, #733, .F. ) ;
#1004 = CARTESIAN_POINT ( 'NONE',  ( -15.99999999999999822, 3.132499999999999396, 6.999999999999998224 ) ) ;
#1005 = ORIENTED_EDGE ( 'NONE', *, *, #447, .F. ) ;
#1006 = CARTESIAN_POINT ( 'NONE',  ( 15.76385044341005504, 0.3499999999999999778, 5.362311497427488582 ) ) ;
#1007 =( BOUNDED_SURFACE ( )  B_SPLINE_SURFACE ( 2, 3, ( 
 ( #1053, #383, #279, #18 ),
 ( #622, #39, #731, #1078 ),
 ( #362, #1061, #1072, #974 ) ),
 .UNSPECIFIED., .F., .F., .F. ) 
 B_SPLINE_SURFACE_WITH_KNOTS ( ( 3, 3 ),
 ( 4, 4 ),
 ( 0.000000000000000000, 1.000000000000000000 ),
 ( -0.002782499999999999817, 0.0001324999999999999952 ),
 .UNSPECIFIED. ) 
 GEOMETRIC_REPRESENTATION_ITEM ( )  RATIONAL_B_SPLINE_SURFACE ( (
 ( 1.000000000000000000, 1.000000000000000000, 1.000000000000000000, 1.000000000000000000),
 ( 1.857142857142857428, 1.857142857142857428, 1.857142857142857428, 1.857142857142857428),
 ( 1.000000000000000000, 1.000000000000000000, 1.000000000000000000, 1.000000000000000000) ) ) 
 REPRESENTATION_ITEM ( '' )  SURFACE ( )  );
#1008 = DIRECTION ( 'NONE',  ( -1.000000000000000000, -0.000000000000000000, -0.000000000000000000 ) ) ;
#1009 = VERTEX_POINT ( 'NONE', #542 ) ;
#1010 = EDGE_CURVE ( 'NONE', #326, #487, #116, .T. ) ;
#1011 = EDGE_CURVE ( 'NONE', #326, #845, #210, .T. ) ;
#1012 = B_SPLINE_CURVE_WITH_KNOTS ( 'NONE', 3,
 ( #723, #822, #302, #132, #137, #561, #1062, #113, #280, #982, #363, #991, #471, #537, #24, #222, #632, #552, #818, #454, #292, #807, #296, #369, #716, #31, #800, #905, #710, #380, #623, #208, #127, #967, #198, #880, #975, #546, #727, #888, #1069, #466, #813 ),
 .UNSPECIFIED., .F., .F.,
 ( 4, 1, 1, 1, 1, 1, 1, 2, 2, 1, 1, 1, 1, 1, 2, 2, 2, 1, 1, 1, 1, 1, 2, 2, 1, 1, 1, 1, 1, 2, 2, 4 ),
 ( 0.000000000000000000, 0.1249999999999781009, 0.1874999999999671374, 0.2187499999999616696, 0.2343749999999593658, 0.2421874999999577283, 0.2460937499999569511, 0.2480468749999565625, 0.2499999999999562017, 0.3124999999999554801, 0.3437499999999547584, 0.3593749999999544809, 0.3671874999999547029, 0.3710937499999549249, 0.3730468749999549805, 0.3749999999999549805, 0.4999999999999331646, 0.5624999999999221734, 0.5937499999999167333, 0.6093749999999144018, 0.6171874999999134026, 0.6210937499999129585, 0.6230468749999130695, 0.6249999999999131806, 0.6874999999999229505, 0.7187499999999282796, 0.7343749999999308331, 0.7421874999999321654, 0.7460937499999329425, 0.7480468749999330536, 0.7499999999999330536, 1.000000000000000000 ),
 .UNSPECIFIED. ) ;
#1013 = ORIENTED_EDGE ( 'NONE', *, *, #293, .T. ) ;
#1014 = CARTESIAN_POINT ( 'NONE',  ( 15.81803058890245772, 0.3500000000000000333, 5.160649899887523873 ) ) ;
#1015 = CARTESIAN_POINT ( 'NONE',  ( -14.47195053838854406, 3.000000000000000888, 6.727021142775456042 ) ) ;
#1016 = CARTESIAN_POINT ( 'NONE',  ( -15.91647448547285570, 3.000000000000000444, -4.560385825438366680 ) ) ;
#1017 = ADVANCED_FACE ( 'NONE', ( #289 ), #298, .F. ) ;
#1018 = CARTESIAN_POINT ( 'NONE',  ( -13.60639857584036427, 0.3499999999999999778, -6.910713468386509462 ) ) ;
#1019 = CARTESIAN_POINT ( 'NONE',  ( -14.81944129734743143, 3.000000000000000444, 6.608464913722262857 ) ) ;
#1020 = ORIENTED_EDGE ( 'NONE', *, *, #41, .T. ) ;
#1021 = FACE_OUTER_BOUND ( 'NONE', #1101, .T. ) ;
#1022 = CARTESIAN_POINT ( 'NONE',  ( -15.99999999999999822, 2.160833333333332718, -7.000000000000002665 ) ) ;
#1023 = FILL_AREA_STYLE ('',( #863 ) ) ;
#1024 = AXIS2_PLACEMENT_3D ( 'NONE', #950, #359, #702 ) ;
#1025 = AXIS2_PLACEMENT_3D ( 'NONE', #294, #377, #195 ) ;
#1026 = DIRECTION ( 'NONE',  ( -0.000000000000000000, -1.000000000000000000, -0.000000000000000000 ) ) ;
#1027 = AXIS2_PLACEMENT_3D ( 'NONE', #426, #422, #170 ) ;
#1028 = CARTESIAN_POINT ( 'NONE',  ( -15.92272828079165770, 0.3500000000000000888, 4.507952559661122294 ) ) ;
#1029 = AXIS2_PLACEMENT_3D ( 'NONE', #435, #948, #858 ) ;
#1030 = CARTESIAN_POINT ( 'NONE',  ( 11.80000000000000071, 0.3500000000000000333, -7.000000000000001776 ) ) ;
#1031 = CARTESIAN_POINT ( 'NONE',  ( -14.49389208388460837, 3.000000000000000444, -6.719652946416124095 ) ) ;
#1032 = ADVANCED_BREP_SHAPE_REPRESENTATION ( 'W1-LC-01_Parallel_Flexure_RevB', ( #76, #580 ), #467 ) ;
#1033 = ORIENTED_EDGE ( 'NONE', *, *, #932, .F. ) ;
#1034 = FACE_OUTER_BOUND ( 'NONE', #50, .T. ) ;
#1035 = DIRECTION ( 'NONE',  ( -0.000000000000000000, 1.000000000000000000, -0.000000000000000000 ) ) ;
#1036 = LINE ( 'NONE', #862, #124 ) ;
#1037 = DIRECTION ( 'NONE',  ( 0.000000000000000000, 0.000000000000000000, 1.000000000000000000 ) ) ;
#1038 = CARTESIAN_POINT ( 'NONE',  ( -15.99999999999999645, 0.3500000000000000333, -7.000000000000001776 ) ) ;
#1039 = CIRCLE ( 'NONE', #8, 1.299999999999999156 ) ;
#1040 = CARTESIAN_POINT ( 'NONE',  ( -15.35586495738382240, 0.3500000000000000333, 6.175191751734430134 ) ) ;
#1041 = CARTESIAN_POINT ( 'NONE',  ( -20.49999999999981526, 0.000000000000000000, 7.300000000000117950 ) ) ;
#1042 = PLANE ( 'NONE',  #252 ) ;
#1043 = CARTESIAN_POINT ( 'NONE',  ( 20.50000000000018474, 3.000000000000000000, -5.999999999999880984 ) ) ;
#1044 = CARTESIAN_POINT ( 'NONE',  ( -13.63772350724562976, 0.3499999999999999778, 6.906643424796625297 ) ) ;
#1045 = LINE ( 'NONE', #679, #553 ) ;
#1046 = CARTESIAN_POINT ( 'NONE',  ( -15.72057490013178338, 3.000000000000000000, -5.491168017210650731 ) ) ;
#1047 = VERTEX_POINT ( 'NONE', #988 ) ;
#1048 = ADVANCED_FACE ( 'NONE', ( #901 ), #133, .F. ) ;
#1049 = CARTESIAN_POINT ( 'NONE',  ( 20.50000000000018474, 3.000000000000000000, -5.999999999999880984 ) ) ;
#1050 = CARTESIAN_POINT ( 'NONE',  ( -15.91071346838646505, 0.3499999999999999778, 4.606398575840540133 ) ) ;
#1051 = B_SPLINE_CURVE_WITH_KNOTS ( 'NONE', 3,
 ( #540, #802, #121, #883, #1056, #281, #26, #978, #115, #288, #455, #370, #1064, #634, #209, #130, #295, #1077, #458, #989, #730, #372, #892, #28, #451, #43, #387, #37, #211, #628, #469, #283, #550, #22, #641, #736, #972, #725, #1071, #1083, #125, #464, #300, #304, #1066 ),
 .UNSPECIFIED., .F., .F.,
 ( 4, 1, 1, 1, 1, 1, 1, 2, 2, 1, 1, 1, 1, 1, 2, 2, 2, 2, 1, 1, 1, 1, 1, 2, 2, 1, 1, 1, 1, 1, 2, 2, 4 ),
 ( 0.000000000000000000, 0.1249999999999838740, 0.1874999999999757416, 0.2187499999999718281, 0.2343749999999696076, 0.2421874999999684697, 0.2460937499999680256, 0.2480468749999679146, 0.2499999999999678035, 0.3124999999999612532, 0.3437499999999579781, 0.3593749999999563682, 0.3671874999999553135, 0.3710937499999552580, 0.3730468749999552580, 0.3749999999999552580, 0.4374999999999646949, 0.4999999999999741318, 0.5624999999999834577, 0.5937499999999880096, 0.6093749999999906741, 0.6171874999999920064, 0.6210937499999923395, 0.6230468749999922284, 0.6249999999999921174, 0.6874999999999983347, 0.7187500000000012212, 0.7343750000000026645, 0.7421875000000036637, 0.7460937500000041078, 0.7480468750000043299, 0.7500000000000044409, 1.000000000000000000 ),
 .UNSPECIFIED. ) ;
#1052 = CARTESIAN_POINT ( 'NONE',  ( 20.50000000000018474, 0.000000000000000000, -5.999999999999880984 ) ) ;
#1053 = CARTESIAN_POINT ( 'NONE',  ( 16.00000000000000000, 3.132499999999999840, -2.800000000000001155 ) ) ;
#1054 = DIRECTION ( 'NONE',  ( 0.000000000000000000, 0.000000000000000000, 1.000000000000000000 ) ) ;
#1055 = ORIENTED_EDGE ( 'NONE', *, *, #168, .T. ) ;
#1056 = CARTESIAN_POINT ( 'NONE',  ( 15.93462074402083850, 0.3500000000000000333, -4.400317562544113770 ) ) ;
#1057 = DIRECTION ( 'NONE',  ( -0.000000000000000000, -1.000000000000000000, -0.000000000000000000 ) ) ;
#1058 = CARTESIAN_POINT ( 'NONE',  ( 13.78536703118433948, 0.3500000000000000888, 6.887685385224773249 ) ) ;
#1059 = CARTESIAN_POINT ( 'NONE',  ( -15.61939610474331452, 0.3500000000000000333, -5.750965460148814046 ) ) ;
#1060 = ADVANCED_FACE ( 'NONE', ( #1082 ), #303, .F. ) ;
#1061 = CARTESIAN_POINT ( 'NONE',  ( 11.80000000000000071, 2.160833333333332273, -7.000000000000001776 ) ) ;
#1062 = CARTESIAN_POINT ( 'NONE',  ( 13.56038582543837023, 3.000000000000000444, -6.916474485472866363 ) ) ;
#1063 = AXIS2_PLACEMENT_3D ( 'NONE', #364, #108, #194 ) ;
#1064 = CARTESIAN_POINT ( 'NONE',  ( 15.84693281132432752, 0.3500000000000000333, -5.026398414276450843 ) ) ;
#1065 = CARTESIAN_POINT ( 'NONE',  ( -15.99999999999999645, 0.3500000000000000333, -7.000000000000001776 ) ) ;
#1066 = CARTESIAN_POINT ( 'NONE',  ( 11.80000000000000071, 0.3500000000000000333, -7.000000000000001776 ) ) ;
#1067 = VECTOR ( 'NONE', #636, 1000.000000000000000 ) ;
#1068 = CARTESIAN_POINT ( 'NONE',  ( -20.49999999999981526, 3.000000000000000000, -7.299999999999880806 ) ) ;
#1069 = CARTESIAN_POINT ( 'NONE',  ( 15.97050730517949191, 3.000000000000000444, -4.136007953154077654 ) ) ;
#1070 = FACE_OUTER_BOUND ( 'NONE', #182, .T. ) ;
#1071 = CARTESIAN_POINT ( 'NONE',  ( 13.63772350724559246, 0.3500000000000000888, -6.906643424796678588 ) ) ;
#1072 = CARTESIAN_POINT ( 'NONE',  ( 11.80000000000000071, 1.189166666666667371, -7.000000000000001776 ) ) ;
#1073 = DIRECTION ( 'NONE',  ( -1.000000000000000000, 0.000000000000000000, -0.000000000000000000 ) ) ;
#1074 = PRODUCT ( 'W1-LC-01_Parallel_Flexure_RevB', 'W1-LC-01_Parallel_Flexure_RevB', '', ( #937 ) ) ;
#1075 = B_SPLINE_CURVE_WITH_KNOTS ( 'NONE', 3,
 ( #809, #282, #897, #815 ),
 .UNSPECIFIED., .F., .F.,
 ( 4, 4 ),
 ( 0.000000000000000000, 1.000000000000000000 ),
 .UNSPECIFIED. ) ;
#1076 = CARTESIAN_POINT ( 'NONE',  ( 26.00000000000018474, 3.000000000000000000, 9.000000000000119016 ) ) ;
#1077 = CARTESIAN_POINT ( 'NONE',  ( 15.72316335048872027, 0.3499999999999999778, -5.483474776963420005 ) ) ;
#1078 = CARTESIAN_POINT ( 'NONE',  ( 16.00000000000000355, 0.2175000000000001099, -7.000000000000000888 ) ) ;
#1079 = VECTOR ( 'NONE', #27, 1000.000000000000000 ) ;
#1080 = CARTESIAN_POINT ( 'NONE',  ( -11.79999999999999538, 2.116666666666666252, 6.999999999999998224 ) ) ;
#1081 = EDGE_CURVE ( 'NONE', #783, #149, #538, .T. ) ;
#1082 = FACE_OUTER_BOUND ( 'NONE', #239, .T. ) ;
#1083 = CARTESIAN_POINT ( 'NONE',  ( 13.62161430105508941, 0.3500000000000001998, -6.908747988217066371 ) ) ;
#1084 = PRODUCT_RELATED_PRODUCT_CATEGORY ( 'part', '', ( #1074 ) ) ;
#1085 = ORIENTED_EDGE ( 'NONE', *, *, #293, .F. ) ;
#1086 = VECTOR ( 'NONE', #381, 1000.000000000000000 ) ;
#1087 = CARTESIAN_POINT ( 'NONE',  ( -15.99999999999999645, 3.000000000000000000, 3.535992149334315382 ) ) ;
#1088 = ORIENTED_EDGE ( 'NONE', *, *, #890, .T. ) ;
#1089 = AXIS2_PLACEMENT_3D ( 'NONE', #1111, #425, #1037 ) ;
#1090 = VERTEX_POINT ( 'NONE', #724 ) ;
#1091 = CARTESIAN_POINT ( 'NONE',  ( -13.17375048507963164, 0.3500000000000000888, -6.955945160845589115 ) ) ;
#1092 = EDGE_LOOP ( 'NONE', ( #755, #564, #823, #474 ) ) ;
#1093 = CARTESIAN_POINT ( 'NONE',  ( 11.80000000000000071, 3.000000000000000000, -7.000000000000001776 ) ) ;
#1094 = CARTESIAN_POINT ( 'NONE',  ( -15.99999999999999645, 3.000000000000000000, -2.800000000000001155 ) ) ;
#1095 = CARTESIAN_POINT ( 'NONE',  ( -11.79999999999999538, 0.2175000000000001377, 6.999999999999998224 ) ) ;
#1096 = ORIENTED_EDGE ( 'NONE', *, *, #959, .F. ) ;
#1097 = CARTESIAN_POINT ( 'NONE',  ( -12.17082872251141623, 0.3500000000000000888, -7.000000000000002665 ) ) ;
#1098 = CARTESIAN_POINT ( 'NONE',  ( 11.80000000000000071, 1.233333333333333171, -7.000000000000001776 ) ) ;
#1099 = EDGE_CURVE ( 'NONE', #592, #1001, #625, .T. ) ;
#1100 = EDGE_LOOP ( 'NONE', ( #864, #231, #491, #144, #393, #224, #657, #479 ) ) ;
#1101 = EDGE_LOOP ( 'NONE', ( #876, #606, #827, #570 ) ) ;
#1102 = CARTESIAN_POINT ( 'NONE',  ( 15.67354414932018258, 0.3500000000000000888, 5.620862119303645876 ) ) ;
#1103 = LINE ( 'NONE', #586, #409 ) ;
#1104 = ADVANCED_FACE ( 'NONE', ( #1070 ), #276, .T. ) ;
#1105 = ORIENTED_EDGE ( 'NONE', *, *, #1115, .F. ) ;
#1106 = DIRECTION ( 'NONE',  ( 1.927470528863117076E-16, 0.000000000000000000, 1.000000000000000000 ) ) ;
#1107 = CARTESIAN_POINT ( 'NONE',  ( -14.27407992203496256, 3.000000000000000444, 6.786641981969299131 ) ) ;
#1108 = EDGE_LOOP ( 'NONE', ( #694, #740, #924, #71 ) ) ;
#1109 = CARTESIAN_POINT ( 'NONE',  ( 15.17519175173505808, 0.3500000000000000333, 6.355864957382389768 ) ) ;
#1110 = CARTESIAN_POINT ( 'NONE',  ( -11.79999999999999538, 2.160833333333332273, -7.000000000000001776 ) ) ;
#1111 = CARTESIAN_POINT ( 'NONE',  ( -20.49999999999981526, 0.000000000000000000, -5.999999999999880984 ) ) ;
#1112 = EDGE_CURVE ( 'NONE', #990, #663, #315, .T. ) ;
#1113 = CARTESIAN_POINT ( 'NONE',  ( 16.00000000000000355, 0.3500000000000000333, 2.799999999999997602 ) ) ;
#1114 = DIRECTION ( 'NONE',  ( 0.000000000000000000, 0.000000000000000000, 1.000000000000000000 ) ) ;
#1115 = EDGE_CURVE ( 'NONE', #841, #489, #563, .T. ) ;
#1116 = FACE_OUTER_BOUND ( 'NONE', #314, .T. ) ;
#1117 = CARTESIAN_POINT ( 'NONE',  ( 0.000000000000000000, 0.000000000000000000, 0.000000000000000000 ) ) ;
#1118 = CIRCLE ( 'NONE', #146, 1.299999999999999156 ) ;
#1119 = VERTEX_POINT ( 'NONE', #309 ) ;
#1120 = LINE ( 'NONE', #340, #919 ) ;
#1121 = CARTESIAN_POINT ( 'NONE',  ( -13.61084970225895852, 0.3499999999999999778, 6.910141842714702776 ) ) ;
#1122 = CIRCLE ( 'NONE', #1089, 1.299999999999999156 ) ;
#1123 = DIRECTION ( 'NONE',  ( -0.000000000000000000, 1.000000000000000000, -0.000000000000000000 ) ) ;
#1124 = FACE_BOUND ( 'NONE', #147, .T. ) ;
#1125 =( BOUNDED_SURFACE ( )  B_SPLINE_SURFACE ( 2, 3, ( 
 ( #267, #4, #329, #611 ),
 ( #953, #185, #524, #438 ),
 ( #89, #266, #3, #346 ) ),
 .UNSPECIFIED., .F., .F., .F. ) 
 B_SPLINE_SURFACE_WITH_KNOTS ( ( 3, 3 ),
 ( 4, 4 ),
 ( 0.000000000000000000, 1.000000000000000000 ),
 ( -0.002782499999999999817, 0.0001324999999999999952 ),
 .UNSPECIFIED. ) 
 GEOMETRIC_REPRESENTATION_ITEM ( )  RATIONAL_B_SPLINE_SURFACE ( (
 ( 1.000000000000000000, 1.000000000000000000, 1.000000000000000000, 1.000000000000000000),
 ( 1.857142857142857428, 1.857142857142857428, 1.857142857142857428, 1.857142857142857428),
 ( 1.000000000000000000, 1.000000000000000000, 1.000000000000000000, 1.000000000000000000) ) ) 
 REPRESENTATION_ITEM ( '' )  SURFACE ( )  );
ENDSEC;
END-ISO-10303-21;
