ISO-10303-21;
HEADER;
FILE_DESCRIPTION (( 'STEP AP214' ),
    '1' );
FILE_NAME ('W1-LC-02_Moving_Slider_RevB.STEP',
    '2026-09-30T13:57:17',
    ( '' ),
    ( '' ),
    'SwSTEP 2.0',
    'SolidWorks 2023',
    '' );
FILE_SCHEMA (( 'AUTOMOTIVE_DESIGN' ));
ENDSEC;

DATA;
#1 = VECTOR ( 'NONE', #2243, 1000.000000000000000 ) ;
#2 = ADVANCED_FACE ( 'NONE', ( #253 ), #2215, .F. ) ;
#3 = EDGE_LOOP ( 'NONE', ( #630, #2110, #631, #1329 ) ) ;
#4 = ORIENTED_EDGE ( 'NONE', *, *, #2198, .F. ) ;
#5 = CARTESIAN_POINT ( 'NONE',  ( -3.000000000000012879, 0.000000000000000000, 17.49999999999999645 ) ) ;
#6 = CLOSED_SHELL ( 'NONE', ( #228, #1453, #1623, #380, #2180, #170, #1695, #304, #350, #1129, #1247, #1715, #519, #692, #239, #491, #1078, #968, #803, #1689, #2000, #1368, #1487, #2274, #700, #1525, #1032, #870, #715, #1681, #2, #1650, #318, #132, #1416, #1543, #453, #271, #1288, #2009, #2059, #1554, #1520, #2135, #1683, #1414, #17, #2213, #278, #379, #558, #1860, #985, #823, #2169, #1204, #443, #96, #2055, #728, #208, #2120, #983, #656, #1720, #1794, #119, #2026, #97, #1472, #312, #1338, #1213, #131, #407, #810, #1278 ) ) ;
#7 = VERTEX_POINT ( 'NONE', #1844 ) ;
#8 = LINE ( 'NONE', #1729, #1677 ) ;
#9 = CIRCLE ( 'NONE', #1685, 2.999999999999997335 ) ;
#10 = DIRECTION ( 'NONE',  ( 0.000000000000000000, 0.000000000000000000, -1.000000000000000000 ) ) ;
#11 = LINE ( 'NONE', #730, #1235 ) ;
#12 = ORIENTED_EDGE ( 'NONE', *, *, #2302, .T. ) ;
#13 = CARTESIAN_POINT ( 'NONE',  ( 0.000000000000000000, 11.50000000000000000, 8.249999999999985789 ) ) ;
#14 = EDGE_LOOP ( 'NONE', ( #542, #1692, #1425, #1189 ) ) ;
#15 = VERTEX_POINT ( 'NONE', #1505 ) ;
#16 = CARTESIAN_POINT ( 'NONE',  ( 3.614007241618348376E-15, 10.30000000000000071, -12.49999999999999822 ) ) ;
#17 = ADVANCED_FACE ( 'NONE', ( #1320 ), #280, .T. ) ;
#18 = DIRECTION ( 'NONE',  ( 0.000000000000000000, 0.000000000000000000, 1.000000000000000000 ) ) ;
#19 = CARTESIAN_POINT ( 'NONE',  ( 2.999999999999989786, 10.30000000000000071, -12.49999999999999822 ) ) ;
#20 = LINE ( 'NONE', #357, #636 ) ;
#21 = ORIENTED_EDGE ( 'NONE', *, *, #1850, .F. ) ;
#22 = DIRECTION ( 'NONE',  ( 0.000000000000000000, 0.000000000000000000, 1.000000000000000000 ) ) ;
#23 = VECTOR ( 'NONE', #344, 1000.000000000000000 ) ;
#24 = EDGE_CURVE ( 'NONE', #367, #1484, #2040, .T. ) ;
#25 = ORIENTED_EDGE ( 'NONE', *, *, #526, .F. ) ;
#26 = ORIENTED_EDGE ( 'NONE', *, *, #436, .F. ) ;
#27 = CARTESIAN_POINT ( 'NONE',  ( -18.50000000000000711, 10.30000000000000071, 6.499999999999998224 ) ) ;
#28 = VECTOR ( 'NONE', #670, 1000.000000000000000 ) ;
#29 = DIRECTION ( 'NONE',  ( -0.000000000000000000, 1.000000000000000000, -0.000000000000000000 ) ) ;
#30 = EDGE_CURVE ( 'NONE', #1402, #46, #596, .T. ) ;
#31 = LINE ( 'NONE', #528, #124 ) ;
#32 = CARTESIAN_POINT ( 'NONE',  ( -29.00000000000000355, 11.50000000000000000, 22.00000000000000000 ) ) ;
#33 = ORIENTED_EDGE ( 'NONE', *, *, #1270, .T. ) ;
#34 = DIRECTION ( 'NONE',  ( -0.000000000000000000, -1.000000000000000000, -0.000000000000000000 ) ) ;
#35 = ORIENTED_EDGE ( 'NONE', *, *, #917, .F. ) ;
#36 = CIRCLE ( 'NONE', #1635, 1.024999999999987699 ) ;
#37 = EDGE_LOOP ( 'NONE', ( #919, #1578, #1413, #1257 ) ) ;
#38 = EDGE_CURVE ( 'NONE', #962, #669, #1929, .T. ) ;
#39 = CYLINDRICAL_SURFACE ( 'NONE', #2222, 1.024999999999989475 ) ;
#40 = VECTOR ( 'NONE', #1405, 1000.000000000000000 ) ;
#41 = DIRECTION ( 'NONE',  ( -1.000000000000000000, 0.000000000000000000, -2.168404344971008868E-16 ) ) ;
#42 = EDGE_CURVE ( 'NONE', #2113, #1419, #1835, .T. ) ;
#43 = DIRECTION ( 'NONE',  ( -0.000000000000000000, 1.000000000000000000, -0.000000000000000000 ) ) ;
#44 = VERTEX_POINT ( 'NONE', #2014 ) ;
#45 = DIRECTION ( 'NONE',  ( 0.000000000000000000, 0.000000000000000000, -1.000000000000000000 ) ) ;
#46 = VERTEX_POINT ( 'NONE', #2175 ) ;
#47 = ORIENTED_EDGE ( 'NONE', *, *, #1952, .F. ) ;
#48 = VECTOR ( 'NONE', #2171, 1000.000000000000000 ) ;
#49 = DIRECTION ( 'NONE',  ( 1.000000000000000000, 0.000000000000000000, 0.000000000000000000 ) ) ;
#50 = AXIS2_PLACEMENT_3D ( 'NONE', #1970, #172, #1407 ) ;
#51 = ORIENTED_EDGE ( 'NONE', *, *, #2010, .T. ) ;
#52 = DIRECTION ( 'NONE',  ( 0.000000000000000000, 0.000000000000000000, -1.000000000000000000 ) ) ;
#53 = DIRECTION ( 'NONE',  ( 0.000000000000000000, -0.000000000000000000, -1.000000000000000000 ) ) ;
#54 = CARTESIAN_POINT ( 'NONE',  ( 17.49999999999998934, 6.349999999999994316, 16.97500000000001208 ) ) ;
#55 = CARTESIAN_POINT ( 'NONE',  ( -16.00000000000001066, 10.30000000000000071, -4.000000000000009770 ) ) ;
#56 = EDGE_LOOP ( 'NONE', ( #1094, #1459, #1394, #969 ) ) ;
#57 = EDGE_CURVE ( 'NONE', #346, #758, #433, .T. ) ;
#58 = ORIENTED_EDGE ( 'NONE', *, *, #1875, .F. ) ;
#59 = AXIS2_PLACEMENT_3D ( 'NONE', #1782, #1460, #22 ) ;
#60 = CARTESIAN_POINT ( 'NONE',  ( -5.999999999999949374, 1.199999999999999734, -2.058249404246464263E-14 ) ) ;
#61 = VERTEX_POINT ( 'NONE', #2028 ) ;
#62 = VECTOR ( 'NONE', #1492, 1000.000000000000000 ) ;
#63 = CARTESIAN_POINT ( 'NONE',  ( 2.999999999999990674, 10.30000000000000071, -15.50000000000000000 ) ) ;
#64 = LINE ( 'NONE', #947, #536 ) ;
#65 = CARTESIAN_POINT ( 'NONE',  ( 9.999999999999987566, 11.50000000000000000, 8.749999999999998224 ) ) ;
#66 = DIRECTION ( 'NONE',  ( -0.000000000000000000, -1.000000000000000000, -0.000000000000000000 ) ) ;
#67 = DIRECTION ( 'NONE',  ( -2.168404344971008868E-16, -0.000000000000000000, 1.000000000000000000 ) ) ;
#68 = ORIENTED_EDGE ( 'NONE', *, *, #1795, .T. ) ;
#69 = EDGE_CURVE ( 'NONE', #1136, #906, #341, .T. ) ;
#70 = CARTESIAN_POINT ( 'NONE',  ( -6.500000000000011546, 1.199999999999999956, 18.50000000000000355 ) ) ;
#71 = CIRCLE ( 'NONE', #559, 2.999999999999995559 ) ;
#72 = ORIENTED_EDGE ( 'NONE', *, *, #1142, .F. ) ;
#73 = ORIENTED_EDGE ( 'NONE', *, *, #86, .T. ) ;
#74 = AXIS2_PLACEMENT_3D ( 'NONE', #980, #2185, #412 ) ;
#75 = FACE_OUTER_BOUND ( 'NONE', #910, .T. ) ;
#76 = AXIS2_PLACEMENT_3D ( 'NONE', #185, #912, #1605 ) ;
#77 = CARTESIAN_POINT ( 'NONE',  ( 17.49999999999998934, -1.429775138004531790E-15, 16.97500000000000853 ) ) ;
#78 = PLANE ( 'NONE',  #588 ) ;
#79 = DIRECTION ( 'NONE',  ( 0.000000000000000000, 0.000000000000000000, -1.000000000000000000 ) ) ;
#80 = CARTESIAN_POINT ( 'NONE',  ( 6.499999999999987566, 1.199999999999999956, 18.50000000000000355 ) ) ;
#81 = VERTEX_POINT ( 'NONE', #2252 ) ;
#82 = CARTESIAN_POINT ( 'NONE',  ( 28.99999999999998934, 11.50000000000000000, -22.00000000000000000 ) ) ;
#83 = CIRCLE ( 'NONE', #924, 2.999999999999999112 ) ;
#84 = ORIENTED_EDGE ( 'NONE', *, *, #42, .F. ) ;
#85 = DIRECTION ( 'NONE',  ( -0.000000000000000000, 1.000000000000000000, -0.000000000000000000 ) ) ;
#86 = EDGE_CURVE ( 'NONE', #697, #333, #1853, .T. ) ;
#87 = PLANE ( 'NONE',  #1431 ) ;
#88 = LINE ( 'NONE', #594, #578 ) ;
#89 = CARTESIAN_POINT ( 'NONE',  ( 2.999999999999987121, 10.30000000000000071, 17.49999999999999645 ) ) ;
#90 = ORIENTED_EDGE ( 'NONE', *, *, #1068, .T. ) ;
#91 = VERTEX_POINT ( 'NONE', #2278 ) ;
#93 = EDGE_CURVE ( 'NONE', #527, #267, #1575, .T. ) ;
#92 = CARTESIAN_POINT ( 'NONE',  ( 0.000000000000000000, 10.30000000000000071, 0.000000000000000000 ) ) ;
#94 = EDGE_LOOP ( 'NONE', ( #855, #901, #1155, #2080 ) ) ;
#95 = DIRECTION ( 'NONE',  ( -0.000000000000000000, -1.000000000000000000, -0.000000000000000000 ) ) ;
#96 = ADVANCED_FACE ( 'NONE', ( #2092 ), #115, .F. ) ;
#97 = ADVANCED_FACE ( 'NONE', ( #293 ), #861, .F. ) ;
#98 = LINE ( 'NONE', #650, #464 ) ;
#99 = EDGE_CURVE ( 'NONE', #2105, #81, #494, .T. ) ;
#100 = ADVANCED_BREP_SHAPE_REPRESENTATION ( 'W1-LC-02_Moving_Slider_RevB', ( #1289, #355 ), #1500 ) ;
#101 = CARTESIAN_POINT ( 'NONE',  ( -12.50000000000001421, 10.30000000000000071, -15.50000000000000178 ) ) ;
#102 = CARTESIAN_POINT ( 'NONE',  ( -10.00000000000001243, 11.50000000000000000, 9.999999999999998224 ) ) ;
#103 = FACE_OUTER_BOUND ( 'NONE', #94, .T. ) ;
#104 = ORIENTED_EDGE ( 'NONE', *, *, #1920, .T. ) ;
#105 = PLANE ( 'NONE',  #492 ) ;
#106 = EDGE_CURVE ( 'NONE', #1994, #1667, #470, .T. ) ;
#107 = CARTESIAN_POINT ( 'NONE',  ( 17.49999999999998934, 6.349999999999994316, -6.000000000000002665 ) ) ;
#108 = ORIENTED_EDGE ( 'NONE', *, *, #520, .T. ) ;
#109 = DIRECTION ( 'NONE',  ( 0.000000000000000000, 0.000000000000000000, -1.000000000000000000 ) ) ;
#110 = VECTOR ( 'NONE', #735, 1000.000000000000000 ) ;
#111 = CARTESIAN_POINT ( 'NONE',  ( 0.000000000000000000, 10.30000000000000071, 4.000000000000005329 ) ) ;
#112 = AXIS2_PLACEMENT_3D ( 'NONE', #507, #342, #1700 ) ;
#113 = CARTESIAN_POINT ( 'NONE',  ( 17.49999999999998934, 6.349999999999994316, -4.975000000000014744 ) ) ;
#114 = DIRECTION ( 'NONE',  ( 0.000000000000000000, 0.000000000000000000, 1.000000000000000000 ) ) ;
#115 = CYLINDRICAL_SURFACE ( 'NONE', #1123, 2.499999999999998668 ) ;
#116 = ORIENTED_EDGE ( 'NONE', *, *, #148, .T. ) ;
#117 = CARTESIAN_POINT ( 'NONE',  ( -3.000000000000009770, 10.30000000000000071, -12.50000000000000000 ) ) ;
#118 = ORIENTED_EDGE ( 'NONE', *, *, #1173, .F. ) ;
#119 = ADVANCED_FACE ( 'NONE', ( #1742 ), #2065, .F. ) ;
#120 = ORIENTED_EDGE ( 'NONE', *, *, #952, .T. ) ;
#121 = LINE ( 'NONE', #1885, #139 ) ;
#122 = VERTEX_POINT ( 'NONE', #665 ) ;
#123 = CYLINDRICAL_SURFACE ( 'NONE', #1380, 1.024999999999991251 ) ;
#124 = VECTOR ( 'NONE', #1273, 1000.000000000000000 ) ;
#125 = VECTOR ( 'NONE', #1490, 1000.000000000000000 ) ;
#126 = DIRECTION ( 'NONE',  ( -0.000000000000000000, 1.000000000000000000, -0.000000000000000000 ) ) ;
#127 = CYLINDRICAL_SURFACE ( 'NONE', #726, 1.024999999999987699 ) ;
#128 = DIRECTION ( 'NONE',  ( -0.000000000000000000, 1.000000000000000000, -0.000000000000000000 ) ) ;
#129 = CARTESIAN_POINT ( 'NONE',  ( 6.000000000000046185, 10.30000000000000071, -17.49999999999999289 ) ) ;
#130 = ORIENTED_EDGE ( 'NONE', *, *, #1110, .T. ) ;
#131 = ADVANCED_FACE ( 'NONE', ( #2053 ), #1398, .F. ) ;
#132 = ADVANCED_FACE ( 'NONE', ( #103 ), #1371, .F. ) ;
#133 = VERTEX_POINT ( 'NONE', #825 ) ;
#134 = AXIS2_PLACEMENT_3D ( 'NONE', #1426, #938, #45 ) ;
#135 = CARTESIAN_POINT ( 'NONE',  ( -6.500000000000010658, 1.199999999999999956, 14.50000000000000178 ) ) ;
#136 = FACE_BOUND ( 'NONE', #862, .T. ) ;
#137 = LINE ( 'NONE', #505, #537 ) ;
#138 = DIRECTION ( 'NONE',  ( 0.000000000000000000, -0.000000000000000000, 1.000000000000000000 ) ) ;
#139 = VECTOR ( 'NONE', #956, 1000.000000000000000 ) ;
#140 = DIRECTION ( 'NONE',  ( 0.000000000000000000, 0.000000000000000000, -1.000000000000000000 ) ) ;
#141 = ORIENTED_EDGE ( 'NONE', *, *, #24, .F. ) ;
#142 = CARTESIAN_POINT ( 'NONE',  ( 2.999999999999990674, 0.000000000000000000, -15.50000000000000000 ) ) ;
#143 = VERTEX_POINT ( 'NONE', #1539 ) ;
#144 = VERTEX_POINT ( 'NONE', #1912 ) ;
#145 = EDGE_CURVE ( 'NONE', #987, #1951, #1183, .T. ) ;
#146 = DIRECTION ( 'NONE',  ( -0.000000000000000000, 1.000000000000000000, -0.000000000000000000 ) ) ;
#147 = EDGE_LOOP ( 'NONE', ( #1913, #1643, #1948, #1898, #254, #1785, #424, #1808 ) ) ;
#148 = EDGE_CURVE ( 'NONE', #1462, #2285, #1788, .T. ) ;
#149 = DIRECTION ( 'NONE',  ( -3.430415673744136424E-15, 0.000000000000000000, 1.000000000000000000 ) ) ;
#150 = DIRECTION ( 'NONE',  ( -0.000000000000000000, -1.000000000000000000, -0.000000000000000000 ) ) ;
#151 = AXIS2_PLACEMENT_3D ( 'NONE', #1816, #2152, #2177 ) ;
#152 = DIRECTION ( 'NONE',  ( 0.000000000000000000, 0.000000000000000000, 1.000000000000000000 ) ) ;
#153 = AXIS2_PLACEMENT_3D ( 'NONE', #531, #878, #1744 ) ;
#154 = DIRECTION ( 'NONE',  ( -0.000000000000000000, 1.000000000000000000, -0.000000000000000000 ) ) ;
#155 = FACE_OUTER_BOUND ( 'NONE', #440, .T. ) ;
#156 = VERTEX_POINT ( 'NONE', #2077 ) ;
#157 = AXIS2_PLACEMENT_3D ( 'NONE', #171, #2072, #857 ) ;
#158 = VERTEX_POINT ( 'NONE', #1722 ) ;
#159 = CARTESIAN_POINT ( 'NONE',  ( -12.50000000000001421, 0.000000000000000000, -15.50000000000000178 ) ) ;
#160 = VERTEX_POINT ( 'NONE', #306 ) ;
#161 = DIRECTION ( 'NONE',  ( 0.000000000000000000, -1.000000000000000000, 0.000000000000000000 ) ) ;
#162 = DIRECTION ( 'NONE',  ( 0.000000000000000000, 0.000000000000000000, 1.000000000000000000 ) ) ;
#163 = EDGE_CURVE ( 'NONE', #257, #543, #1455, .T. ) ;
#164 = VECTOR ( 'NONE', #376, 1000.000000000000000 ) ;
#165 = DIRECTION ( 'NONE',  ( 0.000000000000000000, 0.000000000000000000, -1.000000000000000000 ) ) ;
#166 = FACE_OUTER_BOUND ( 'NONE', #2095, .T. ) ;
#167 = VERTEX_POINT ( 'NONE', #1035 ) ;
#168 = DIRECTION ( 'NONE',  ( -0.000000000000000000, -1.000000000000000000, -0.000000000000000000 ) ) ;
#169 = ORIENTED_EDGE ( 'NONE', *, *, #1039, .T. ) ;
#170 = ADVANCED_FACE ( 'NONE', ( #330 ), #1218, .F. ) ;
#171 = CARTESIAN_POINT ( 'NONE',  ( 17.49999999999998934, -1.429775138004531790E-15, -18.00000000000000355 ) ) ;
#172 = DIRECTION ( 'NONE',  ( -0.000000000000000000, 1.000000000000000000, -0.000000000000000000 ) ) ;
#173 = EDGE_CURVE ( 'NONE', #2105, #697, #1253, .T. ) ;
#174 = CIRCLE ( 'NONE', #1476, 1.249999999999997558 ) ;
#175 = VERTEX_POINT ( 'NONE', #391 ) ;
#176 = PRODUCT_RELATED_PRODUCT_CATEGORY ( 'part', '', ( #285 ) ) ;
#177 = CARTESIAN_POINT ( 'NONE',  ( -18.50000000000000355, 10.30000000000000071, -1.426328191358708126E-14 ) ) ;
#178 = DIRECTION ( 'NONE',  ( -1.000000000000000000, 0.000000000000000000, -3.854941057726239083E-16 ) ) ;
#179 = ORIENTED_EDGE ( 'NONE', *, *, #548, .F. ) ;
#180 = DIRECTION ( 'NONE',  ( 0.000000000000000000, 0.000000000000000000, -1.000000000000000000 ) ) ;
#181 = CIRCLE ( 'NONE', #288, 1.024999999999987699 ) ;
#182 = ORIENTED_EDGE ( 'NONE', *, *, #1174, .F. ) ;
#183 = VERTEX_POINT ( 'NONE', #1791 ) ;
#184 = SURFACE_STYLE_FILL_AREA ( #1568 ) ;
#185 = CARTESIAN_POINT ( 'NONE',  ( 0.000000000000000000, 10.30000000000000071, 12.50000000000000178 ) ) ;
#186 = CARTESIAN_POINT ( 'NONE',  ( -29.00000000000001066, 11.50000000000000000, -22.00000000000000000 ) ) ;
#187 = AXIS2_PLACEMENT_3D ( 'NONE', #1979, #963, #587 ) ;
#188 = DIRECTION ( 'NONE',  ( -0.000000000000000000, -1.000000000000000000, -0.000000000000000000 ) ) ;
#189 = CARTESIAN_POINT ( 'NONE',  ( 2.999999999999987121, 1.199999999999999734, 17.49999999999999645 ) ) ;
#190 = ORIENTED_EDGE ( 'NONE', *, *, #198, .F. ) ;
#191 = DIRECTION ( 'NONE',  ( 0.000000000000000000, 0.000000000000000000, -1.000000000000000000 ) ) ;
#192 = AXIS2_PLACEMENT_3D ( 'NONE', #621, #1702, #1343 ) ;
#193 = ORIENTED_EDGE ( 'NONE', *, *, #1976, .F. ) ;
#194 = ORIENTED_EDGE ( 'NONE', *, *, #586, .T. ) ;
#195 = FACE_OUTER_BOUND ( 'NONE', #1038, .T. ) ;
#196 = VECTOR ( 'NONE', #67, 1000.000000000000000 ) ;
#197 = CARTESIAN_POINT ( 'NONE',  ( 5.828427124746168531, 10.30000000000000071, 18.50000000000000355 ) ) ;
#198 = EDGE_CURVE ( 'NONE', #1634, #826, #561, .T. ) ;
#199 = CARTESIAN_POINT ( 'NONE',  ( 17.49999999999998934, -1.429775138004531790E-15, 7.024999999999988809 ) ) ;
#200 = LINE ( 'NONE', #211, #1058 ) ;
#201 = ORIENTED_EDGE ( 'NONE', *, *, #1508, .F. ) ;
#202 = AXIS2_PLACEMENT_3D ( 'NONE', #374, #29, #18 ) ;
#203 = CARTESIAN_POINT ( 'NONE',  ( -10.00000000000001243, 11.50000000000000000, -10.00000000000000178 ) ) ;
#204 = EDGE_LOOP ( 'NONE', ( #402, #1975, #1727, #1895 ) ) ;
#205 = VERTEX_POINT ( 'NONE', #1446 ) ;
#206 = DIRECTION ( 'NONE',  ( -1.000000000000000000, 0.000000000000000000, -0.000000000000000000 ) ) ;
#207 = EDGE_CURVE ( 'NONE', #2132, #61, #2299, .T. ) ;
#208 = ADVANCED_FACE ( 'NONE', ( #926 ), #2124, .F. ) ;
#209 = AXIS2_PLACEMENT_3D ( 'NONE', #1630, #1651, #420 ) ;
#210 = DIRECTION ( 'NONE',  ( 0.000000000000000000, 0.000000000000000000, -1.000000000000000000 ) ) ;
#211 = CARTESIAN_POINT ( 'NONE',  ( -18.50000000000000355, 0.000000000000000000, -1.426328191358708126E-14 ) ) ;
#212 = ORIENTED_EDGE ( 'NONE', *, *, #1415, .F. ) ;
#213 = DIRECTION ( 'NONE',  ( 0.000000000000000000, 0.000000000000000000, -1.000000000000000000 ) ) ;
#214 = ORIENTED_EDGE ( 'NONE', *, *, #1944, .T. ) ;
#215 = ORIENTED_EDGE ( 'NONE', *, *, #589, .T. ) ;
#216 = PLANE ( 'NONE',  #489 ) ;
#217 = CIRCLE ( 'NONE', #1224, 2.499999999999993339 ) ;
#218 = EDGE_CURVE ( 'NONE', #175, #1276, #200, .T. ) ;
#219 = VERTEX_POINT ( 'NONE', #1458 ) ;
#220 = LINE ( 'NONE', #1131, #234 ) ;
#221 = VERTEX_POINT ( 'NONE', #1314 ) ;
#222 = CARTESIAN_POINT ( 'NONE',  ( -3.000000000000009770, 10.30000000000000071, -15.50000000000000000 ) ) ;
#223 = VERTEX_POINT ( 'NONE', #1628 ) ;
#224 = ORIENTED_EDGE ( 'NONE', *, *, #1203, .T. ) ;
#225 = CARTESIAN_POINT ( 'NONE',  ( 0.000000000000000000, 1.199999999999999956, 0.000000000000000000 ) ) ;
#226 = AXIS2_PLACEMENT_3D ( 'NONE', #477, #1874, #286 ) ;
#227 = DIRECTION ( 'NONE',  ( 0.000000000000000000, 0.000000000000000000, -1.000000000000000000 ) ) ;
#228 = ADVANCED_FACE ( 'NONE', ( #602 ), #2112, .F. ) ;
#229 = CARTESIAN_POINT ( 'NONE',  ( 0.000000000000000000, 10.30000000000000071, 20.49999999999999289 ) ) ;
#230 = CARTESIAN_POINT ( 'NONE',  ( 2.999999999999991118, 10.30000000000000071, -20.49999999999999645 ) ) ;
#231 = DIRECTION ( 'NONE',  ( 0.000000000000000000, 0.000000000000000000, -1.000000000000000000 ) ) ;
#232 = ORIENTED_EDGE ( 'NONE', *, *, #2010, .F. ) ;
#233 = ORIENTED_EDGE ( 'NONE', *, *, #1011, .F. ) ;
#234 = VECTOR ( 'NONE', #1660, 1000.000000000000000 ) ;
#235 = CARTESIAN_POINT ( 'NONE',  ( -16.00000000000001066, 10.30000000000000071, -6.500000000000002665 ) ) ;
#236 = ORIENTED_EDGE ( 'NONE', *, *, #879, .T. ) ;
#237 = PLANE ( 'NONE',  #1364 ) ;
#238 = CARTESIAN_POINT ( 'NONE',  ( -5.828427124746202281, 0.000000000000000000, 14.50000000000000178 ) ) ;
#239 = ADVANCED_FACE ( 'NONE', ( #2287 ), #742, .F. ) ;
#240 = LINE ( 'NONE', #65, #329 ) ;
#241 = EDGE_CURVE ( 'NONE', #1299, #2281, #1947, .T. ) ;
#242 = DIRECTION ( 'NONE',  ( 0.000000000000000000, -1.000000000000000000, 0.000000000000000000 ) ) ;
#243 = ORIENTED_EDGE ( 'NONE', *, *, #737, .F. ) ;
#244 = ORIENTED_EDGE ( 'NONE', *, *, #38, .F. ) ;
#245 = VECTOR ( 'NONE', #1228, 1000.000000000000000 ) ;
#246 = LINE ( 'NONE', #1666, #1376 ) ;
#247 = ORIENTED_EDGE ( 'NONE', *, *, #1920, .F. ) ;
#248 = CIRCLE ( 'NONE', #2022, 1.024999999999991251 ) ;
#249 = CARTESIAN_POINT ( 'NONE',  ( -3.000000000000010214, 10.30000000000000071, -17.50000000000000000 ) ) ;
#250 = DIRECTION ( 'NONE',  ( 1.000000000000000000, 0.000000000000000000, 0.000000000000000000 ) ) ;
#251 = CARTESIAN_POINT ( 'NONE',  ( 2.999999999999986677, 10.30000000000000071, 15.49999999999999467 ) ) ;
#252 = DIRECTION ( 'NONE',  ( -0.000000000000000000, -1.000000000000000000, -0.000000000000000000 ) ) ;
#253 = FACE_OUTER_BOUND ( 'NONE', #1480, .T. ) ;
#254 = ORIENTED_EDGE ( 'NONE', *, *, #241, .F. ) ;
#255 = FACE_OUTER_BOUND ( 'NONE', #643, .T. ) ;
#256 = VECTOR ( 'NONE', #1393, 1000.000000000000000 ) ;
#257 = VERTEX_POINT ( 'NONE', #905 ) ;
#258 = AXIS2_PLACEMENT_3D ( 'NONE', #2094, #1599, #2280 ) ;
#259 = AXIS2_PLACEMENT_3D ( 'NONE', #1881, #1551, #642 ) ;
#260 = CARTESIAN_POINT ( 'NONE',  ( 17.49999999999998934, 6.349999999999994316, 5.999999999999997335 ) ) ;
#261 = AXIS2_PLACEMENT_3D ( 'NONE', #2271, #1057, #688 ) ;
#262 = PLANE ( 'NONE',  #504 ) ;
#263 = EDGE_CURVE ( 'NONE', #449, #937, #20, .T. ) ;
#264 = LINE ( 'NONE', #628, #479 ) ;
#265 = DIRECTION ( 'NONE',  ( 0.000000000000000000, 0.000000000000000000, -1.000000000000000000 ) ) ;
#266 = EDGE_LOOP ( 'NONE', ( #2235, #1222, #1242, #348 ) ) ;
#267 = VERTEX_POINT ( 'NONE', #2146 ) ;
#268 = CARTESIAN_POINT ( 'NONE',  ( 9.999999999999987566, 11.50000000000000000, 11.25000000000000000 ) ) ;
#269 = AXIS2_PLACEMENT_3D ( 'NONE', #356, #1445, #210 ) ;
#270 = EDGE_CURVE ( 'NONE', #156, #1612, #757, .T. ) ;
#271 = ADVANCED_FACE ( 'NONE', ( #166 ), #1102, .F. ) ;
#272 = AXIS2_PLACEMENT_3D ( 'NONE', #2144, #923, #933 ) ;
#273 = ORIENTED_EDGE ( 'NONE', *, *, #2090, .F. ) ;
#274 = EDGE_CURVE ( 'NONE', #398, #167, #1587, .T. ) ;
#275 = CARTESIAN_POINT ( 'NONE',  ( 6.499999999999987566, 1.199999999999999956, 18.50000000000000355 ) ) ;
#276 = DIRECTION ( 'NONE',  ( 0.000000000000000000, -1.000000000000000000, 0.000000000000000000 ) ) ;
#277 = LINE ( 'NONE', #1698, #1007 ) ;
#278 = ADVANCED_FACE ( 'NONE', ( #529 ), #1071, .T. ) ;
#279 = DIRECTION ( 'NONE',  ( 0.000000000000000000, 0.000000000000000000, -1.000000000000000000 ) ) ;
#280 = PLANE ( 'NONE',  #74 ) ;
#281 = ORIENTED_EDGE ( 'NONE', *, *, #1013, .F. ) ;
#282 = CARTESIAN_POINT ( 'NONE',  ( -10.00000000000001243, 11.50000000000000000, 9.999999999999998224 ) ) ;
#283 = FACE_OUTER_BOUND ( 'NONE', #2269, .T. ) ;
#284 = ORIENTED_EDGE ( 'NONE', *, *, #1080, .T. ) ;
#285 = PRODUCT ( 'W1-LC-02_Moving_Slider_RevB', 'W1-LC-02_Moving_Slider_RevB', '', ( #1615 ) ) ;
#286 = DIRECTION ( 'NONE',  ( -1.000000000000000000, 0.000000000000000000, -0.000000000000000000 ) ) ;
#287 = VECTOR ( 'NONE', #552, 1000.000000000000000 ) ;
#288 = AXIS2_PLACEMENT_3D ( 'NONE', #1532, #647, #52 ) ;
#289 = DIRECTION ( 'NONE',  ( 0.000000000000000000, 0.000000000000000000, -1.000000000000000000 ) ) ;
#290 = EDGE_CURVE ( 'NONE', #346, #2113, #11, .T. ) ;
#291 = DIRECTION ( 'NONE',  ( 0.000000000000000000, 0.000000000000000000, -1.000000000000000000 ) ) ;
#292 = DIRECTION ( 'NONE',  ( -0.000000000000000000, 1.000000000000000000, -0.000000000000000000 ) ) ;
#293 = FACE_OUTER_BOUND ( 'NONE', #1882, .T. ) ;
#294 = VERTEX_POINT ( 'NONE', #2138 ) ;
#295 = CARTESIAN_POINT ( 'NONE',  ( 1.010333609296565564E-15, 11.50000000000000000, -8.249999999999992895 ) ) ;
#296 = EDGE_LOOP ( 'NONE', ( #214, #2164, #323, #1812 ) ) ;
#297 = ORIENTED_EDGE ( 'NONE', *, *, #416, .T. ) ;
#298 = DIRECTION ( 'NONE',  ( -0.000000000000000000, -1.000000000000000000, -0.000000000000000000 ) ) ;
#299 = ORIENTED_EDGE ( 'NONE', *, *, #1406, .T. ) ;
#300 = DIRECTION ( 'NONE',  ( 1.000000000000000000, 0.000000000000000000, -0.000000000000000000 ) ) ;
#301 = CIRCLE ( 'NONE', #2153, 1.250000000000001110 ) ;
#302 = CARTESIAN_POINT ( 'NONE',  ( -15.00000000000001421, 10.30000000000000071, 15.50000000000000000 ) ) ;
#303 = AXIS2_PLACEMENT_3D ( 'NONE', #377, #1325, #1848 ) ;
#304 = ADVANCED_FACE ( 'NONE', ( #550 ), #1960, .F. ) ;
#305 = DIRECTION ( 'NONE',  ( 0.000000000000000000, 1.000000000000000000, 0.000000000000000000 ) ) ;
#306 = CARTESIAN_POINT ( 'NONE',  ( 2.999999999999986677, 10.30000000000000071, 12.50000000000000178 ) ) ;
#307 = CARTESIAN_POINT ( 'NONE',  ( -16.00000000000001421, 10.30000000000000071, -17.99999999999999645 ) ) ;
#308 = ORIENTED_EDGE ( 'NONE', *, *, #432, .F. ) ;
#309 = EDGE_LOOP ( 'NONE', ( #658, #332, #1737, #530 ) ) ;
#310 = DIRECTION ( 'NONE',  ( 0.000000000000000000, 0.000000000000000000, -1.000000000000000000 ) ) ;
#311 = AXIS2_PLACEMENT_3D ( 'NONE', #1360, #1903, #469 ) ;
#312 = ADVANCED_FACE ( 'NONE', ( #2019 ), #1022, .F. ) ;
#313 = CARTESIAN_POINT ( 'NONE',  ( -0.000000000000000000, 0.000000000000000000, 18.00000000000000000 ) ) ;
#314 = PRODUCT_DEFINITION_FORMATION_WITH_SPECIFIED_SOURCE ( 'ANY', '', #285, .NOT_KNOWN. ) ;
#315 = CYLINDRICAL_SURFACE ( 'NONE', #1391, 1.249999999999999334 ) ;
#316 = EDGE_CURVE ( 'NONE', #1553, #1994, #438, .T. ) ;
#317 = PLANE ( 'NONE',  #311 ) ;
#318 = ADVANCED_FACE ( 'NONE', ( #1547 ), #1534, .F. ) ;
#319 = DIRECTION ( 'NONE',  ( -0.000000000000000000, 1.000000000000000000, -0.000000000000000000 ) ) ;
#320 = ORIENTED_EDGE ( 'NONE', *, *, #173, .F. ) ;
#321 = EDGE_CURVE ( 'NONE', #15, #2204, #1151, .T. ) ;
#322 = LINE ( 'NONE', #509, #245 ) ;
#323 = ORIENTED_EDGE ( 'NONE', *, *, #627, .F. ) ;
#324 = ORIENTED_EDGE ( 'NONE', *, *, #1107, .T. ) ;
#325 = DIRECTION ( 'NONE',  ( 0.000000000000000000, 0.000000000000000000, 1.000000000000000000 ) ) ;
#326 = DIRECTION ( 'NONE',  ( 0.000000000000000000, -0.000000000000000000, 1.000000000000000000 ) ) ;
#327 = DIRECTION ( 'NONE',  ( 0.000000000000000000, -1.000000000000000000, 0.000000000000000000 ) ) ;
#328 = DIRECTION ( 'NONE',  ( 0.000000000000000000, 0.000000000000000000, 1.000000000000000000 ) ) ;
#329 = VECTOR ( 'NONE', #1318, 1000.000000000000000 ) ;
#330 = FACE_OUTER_BOUND ( 'NONE', #2147, .T. ) ;
#331 = CARTESIAN_POINT ( 'NONE',  ( 0.000000000000000000, 1.199999999999999956, 0.000000000000000000 ) ) ;
#332 = ORIENTED_EDGE ( 'NONE', *, *, #2259, .F. ) ;
#333 = VERTEX_POINT ( 'NONE', #1010 ) ;
#334 = CARTESIAN_POINT ( 'NONE',  ( 17.49999999999998934, -1.429775138004531790E-15, -4.975000000000011191 ) ) ;
#335 = ORIENTED_EDGE ( 'NONE', *, *, #163, .F. ) ;
#336 = EDGE_CURVE ( 'NONE', #987, #367, #954, .T. ) ;
#337 = LINE ( 'NONE', #313, #1161 ) ;
#338 = DIRECTION ( 'NONE',  ( 0.000000000000000000, -1.000000000000000000, 0.000000000000000000 ) ) ;
#339 = EDGE_CURVE ( 'NONE', #877, #160, #661, .T. ) ;
#340 = CARTESIAN_POINT ( 'NONE',  ( 9.999999999999987566, 11.50000000000000000, 9.999999999999998224 ) ) ;
#341 = CIRCLE ( 'NONE', #259, 8.249999999999985789 ) ;
#342 = DIRECTION ( 'NONE',  ( 0.000000000000000000, 0.000000000000000000, -1.000000000000000000 ) ) ;
#343 = ORIENTED_EDGE ( 'NONE', *, *, #2257, .T. ) ;
#344 = DIRECTION ( 'NONE',  ( -0.000000000000000000, -1.000000000000000000, -0.000000000000000000 ) ) ;
#345 = AXIS2_PLACEMENT_3D ( 'NONE', #1066, #1559, #1776 ) ;
#346 = VERTEX_POINT ( 'NONE', #1669 ) ;
#347 =( NAMED_UNIT ( * ) SI_UNIT ( $, .STERADIAN. ) SOLID_ANGLE_UNIT ( ) );
#348 = ORIENTED_EDGE ( 'NONE', *, *, #1916, .F. ) ;
#349 = EDGE_CURVE ( 'NONE', #398, #143, #677, .T. ) ;
#350 = ADVANCED_FACE ( 'NONE', ( #2248 ), #1704, .F. ) ;
#351 = LINE ( 'NONE', #1044, #2228 ) ;
#352 = CARTESIAN_POINT ( 'NONE',  ( -16.00000000000001421, 10.30000000000000071, 4.000000000000005329 ) ) ;
#353 = CIRCLE ( 'NONE', #421, 1.249999999999997558 ) ;
#354 = ORIENTED_EDGE ( 'NONE', *, *, #1861, .T. ) ;
#355 = AXIS2_PLACEMENT_3D ( 'NONE', #1251, #162, #1943 ) ;
#356 = CARTESIAN_POINT ( 'NONE',  ( 17.49999999999998934, -1.429775138004531790E-15, -6.000000000000002665 ) ) ;
#357 = CARTESIAN_POINT ( 'NONE',  ( 0.000000000000000000, 10.30000000000000071, 18.00000000000000000 ) ) ;
#358 = ORIENTED_EDGE ( 'NONE', *, *, #868, .F. ) ;
#359 = DIRECTION ( 'NONE',  ( 0.000000000000000000, -1.000000000000000000, 0.000000000000000000 ) ) ;
#360 = EDGE_LOOP ( 'NONE', ( #1170, #975, #2270, #1135 ) ) ;
#361 = CARTESIAN_POINT ( 'NONE',  ( -10.00000000000001243, 11.50000000000000000, 9.999999999999998224 ) ) ;
#362 = LINE ( 'NONE', #1077, #387 ) ;
#363 = VECTOR ( 'NONE', #1641, 1000.000000000000000 ) ;
#364 = CARTESIAN_POINT ( 'NONE',  ( 17.49999999999998934, 0.000000000000000000, -7.024999999999992362 ) ) ;
#365 = EDGE_CURVE ( 'NONE', #1195, #219, #811, .T. ) ;
#366 = CARTESIAN_POINT ( 'NONE',  ( -18.50000000000000355, 10.30000000000000071, -15.50000000000000178 ) ) ;
#367 = VERTEX_POINT ( 'NONE', #820 ) ;
#368 = CARTESIAN_POINT ( 'NONE',  ( -10.00000000000001243, 4.000000000000000000, -10.00000000000000178 ) ) ;
#369 = AXIS2_PLACEMENT_3D ( 'NONE', #2051, #1481, #1842 ) ;
#370 = VERTEX_POINT ( 'NONE', #1716 ) ;
#371 = EDGE_LOOP ( 'NONE', ( #169, #2254, #1518, #1084, #2017, #1147, #236, #1043 ) ) ;
#372 = CARTESIAN_POINT ( 'NONE',  ( 0.000000000000000000, 10.30000000000000071, -17.99999999999999645 ) ) ;
#373 = DIRECTION ( 'NONE',  ( 0.000000000000000000, 0.000000000000000000, 1.000000000000000000 ) ) ;
#374 = CARTESIAN_POINT ( 'NONE',  ( 9.999999999999987566, 11.50000000000000000, -10.00000000000000178 ) ) ;
#375 = VECTOR ( 'NONE', #921, 1000.000000000000000 ) ;
#376 = DIRECTION ( 'NONE',  ( -1.000000000000000000, -0.000000000000000000, -0.000000000000000000 ) ) ;
#377 = CARTESIAN_POINT ( 'NONE',  ( 9.999999999999987566, 11.50000000000000000, 9.999999999999998224 ) ) ;
#378 = ORIENTED_EDGE ( 'NONE', *, *, #24, .T. ) ;
#379 = ADVANCED_FACE ( 'NONE', ( #1696 ), #1510, .F. ) ;
#380 = ADVANCED_FACE ( 'NONE', ( #75 ), #123, .F. ) ;
#381 = DIRECTION ( 'NONE',  ( 0.000000000000000000, 0.000000000000000000, -1.000000000000000000 ) ) ;
#382 = VECTOR ( 'NONE', #996, 1000.000000000000000 ) ;
#383 = VECTOR ( 'NONE', #2241, 1000.000000000000000 ) ;
#384 = ORIENTED_EDGE ( 'NONE', *, *, #1573, .T. ) ;
#385 = EDGE_LOOP ( 'NONE', ( #2300, #1601, #2244, #1933 ) ) ;
#386 = PLANE ( 'NONE',  #2150 ) ;
#387 = VECTOR ( 'NONE', #2121, 1000.000000000000000 ) ;
#388 = EDGE_CURVE ( 'NONE', #1302, #15, #1930, .T. ) ;
#389 = CIRCLE ( 'NONE', #1759, 1.249999999999997558 ) ;
#390 = DIRECTION ( 'NONE',  ( 0.000000000000000000, -0.000000000000000000, 1.000000000000000000 ) ) ;
#391 = CARTESIAN_POINT ( 'NONE',  ( -18.50000000000001421, 0.000000000000000000, 15.50000000000000000 ) ) ;
#392 = ORIENTED_EDGE ( 'NONE', *, *, #2218, .F. ) ;
#393 = AXIS2_PLACEMENT_3D ( 'NONE', #1717, #1178, #289 ) ;
#394 = FACE_OUTER_BOUND ( 'NONE', #555, .T. ) ;
#395 = EDGE_CURVE ( 'NONE', #758, #1419, #1863, .T. ) ;
#396 = EDGE_CURVE ( 'NONE', #183, #906, #2221, .T. ) ;
#397 = ORIENTED_EDGE ( 'NONE', *, *, #724, .F. ) ;
#398 = VERTEX_POINT ( 'NONE', #1887 ) ;
#399 = CARTESIAN_POINT ( 'NONE',  ( -10.00000000000001243, 11.50000000000000000, -10.00000000000000178 ) ) ;
#400 = APPLICATION_CONTEXT ( 'automotive_design' ) ;
#401 = DIRECTION ( 'NONE',  ( 0.000000000000000000, 0.000000000000000000, -1.000000000000000000 ) ) ;
#402 = ORIENTED_EDGE ( 'NONE', *, *, #2088, .T. ) ;
#403 = DIRECTION ( 'NONE',  ( 0.000000000000000000, 0.000000000000000000, 1.000000000000000000 ) ) ;
#404 = EDGE_LOOP ( 'NONE', ( #2035, #993, #120, #562 ) ) ;
#405 = ORIENTED_EDGE ( 'NONE', *, *, #2229, .F. ) ;
#406 = CARTESIAN_POINT ( 'NONE',  ( -10.00000000000001243, 4.000000000000000000, -8.750000000000003553 ) ) ;
#407 = ADVANCED_FACE ( 'NONE', ( #1347 ), #2046, .F. ) ;
#408 = DIRECTION ( 'NONE',  ( -3.854941057726237604E-16, 0.000000000000000000, -1.000000000000000000 ) ) ;
#409 = CARTESIAN_POINT ( 'NONE',  ( 6.000000000000042633, 10.30000000000000071, 2.058249404246496448E-14 ) ) ;
#410 = CARTESIAN_POINT ( 'NONE',  ( -15.00000000000001066, 0.000000000000000000, -6.500000000000002665 ) ) ;
#411 = CARTESIAN_POINT ( 'NONE',  ( -5.828427124746195176, 0.000000000000000000, 18.50000000000000355 ) ) ;
#412 = DIRECTION ( 'NONE',  ( -1.000000000000000000, 0.000000000000000000, -0.000000000000000000 ) ) ;
#413 = AXIS2_PLACEMENT_3D ( 'NONE', #1298, #1168, #2174 ) ;
#414 = VERTEX_POINT ( 'NONE', #1201 ) ;
#415 = DIRECTION ( 'NONE',  ( -0.000000000000000000, -1.000000000000000000, -0.000000000000000000 ) ) ;
#416 = EDGE_CURVE ( 'NONE', #851, #44, #1899, .T. ) ;
#417 = EDGE_CURVE ( 'NONE', #2285, #1299, #362, .T. ) ;
#418 = CARTESIAN_POINT ( 'NONE',  ( -12.50000000000001776, 10.30000000000000071, -6.500000000000002665 ) ) ;
#419 = DIRECTION ( 'NONE',  ( 3.854941057726238097E-16, 0.000000000000000000, -1.000000000000000000 ) ) ;
#420 = DIRECTION ( 'NONE',  ( 3.854941057726238590E-16, 0.000000000000000000, 1.000000000000000000 ) ) ;
#421 = AXIS2_PLACEMENT_3D ( 'NONE', #2145, #704, #1082 ) ;
#422 = CARTESIAN_POINT ( 'NONE',  ( 5.999999999999986677, 10.30000000000000071, 15.50000000000000533 ) ) ;
#423 = DIRECTION ( 'NONE',  ( 0.000000000000000000, 0.000000000000000000, -1.000000000000000000 ) ) ;
#424 = ORIENTED_EDGE ( 'NONE', *, *, #218, .F. ) ;
#425 = VECTOR ( 'NONE', #2277, 1000.000000000000000 ) ;
#426 = CARTESIAN_POINT ( 'NONE',  ( -16.00000000000001066, 10.30000000000000071, -4.000000000000009770 ) ) ;
#427 = AXIS2_PLACEMENT_3D ( 'NONE', #887, #1956, #713 ) ;
#428 = DIRECTION ( 'NONE',  ( 1.000000000000000000, 0.000000000000000000, -0.000000000000000000 ) ) ;
#429 = DIRECTION ( 'NONE',  ( -0.000000000000000000, -1.000000000000000000, -0.000000000000000000 ) ) ;
#430 = DIRECTION ( 'NONE',  ( 3.430415673744137212E-15, 0.000000000000000000, -1.000000000000000000 ) ) ;
#431 = FACE_OUTER_BOUND ( 'NONE', #626, .T. ) ;
#432 = EDGE_CURVE ( 'NONE', #1302, #485, #1571, .T. ) ;
#433 = LINE ( 'NONE', #80, #717 ) ;
#434 = ORIENTED_EDGE ( 'NONE', *, *, #943, .F. ) ;
#435 = DIRECTION ( 'NONE',  ( -0.000000000000000000, -1.000000000000000000, -0.000000000000000000 ) ) ;
#436 = EDGE_CURVE ( 'NONE', #1544, #143, #351, .T. ) ;
#437 = VECTOR ( 'NONE', #763, 1000.000000000000000 ) ;
#438 = LINE ( 'NONE', #613, #2155 ) ;
#439 = CARTESIAN_POINT ( 'NONE',  ( -12.50000000000001954, 0.000000000000000000, -4.818676322157804672E-15 ) ) ;
#440 = EDGE_LOOP ( 'NONE', ( #130, #2096, #1041, #1827 ) ) ;
#441 = DIRECTION ( 'NONE',  ( 0.000000000000000000, -0.000000000000000000, -1.000000000000000000 ) ) ;
#442 = CARTESIAN_POINT ( 'NONE',  ( -18.50000000000000355, 10.30000000000000071, -15.50000000000000178 ) ) ;
#443 = ADVANCED_FACE ( 'NONE', ( #1931 ), #1593, .F. ) ;
#444 = ORIENTED_EDGE ( 'NONE', *, *, #1781, .T. ) ;
#445 = ORIENTED_EDGE ( 'NONE', *, *, #1013, .T. ) ;
#446 = EDGE_CURVE ( 'NONE', #1125, #122, #337, .T. ) ;
#447 = LINE ( 'NONE', #982, #1747 ) ;
#448 = AXIS2_PLACEMENT_3D ( 'NONE', #1054, #1602, #1245 ) ;
#449 = VERTEX_POINT ( 'NONE', #1766 ) ;
#450 = VECTOR ( 'NONE', #1541, 1000.000000000000000 ) ;
#451 = AXIS2_PLACEMENT_3D ( 'NONE', #32, #1061, #1241 ) ;
#452 = CARTESIAN_POINT ( 'NONE',  ( -6.500000000000011546, 1.199999999999999956, 18.50000000000000355 ) ) ;
#453 = ADVANCED_FACE ( 'NONE', ( #725 ), #673, .F. ) ;
#454 = AXIS2_PLACEMENT_3D ( 'NONE', #1753, #161, #1421 ) ;
#455 = PLANE ( 'NONE',  #2197 ) ;
#456 = DIRECTION ( 'NONE',  ( 0.000000000000000000, -1.000000000000000000, 0.000000000000000000 ) ) ;
#457 = DIRECTION ( 'NONE',  ( -0.000000000000000000, -1.000000000000000000, -0.000000000000000000 ) ) ;
#458 = ORIENTED_EDGE ( 'NONE', *, *, #1957, .T. ) ;
#459 = EDGE_LOOP ( 'NONE', ( #104, #1884 ) ) ;
#460 = DIRECTION ( 'NONE',  ( 0.000000000000000000, -1.000000000000000000, 0.000000000000000000 ) ) ;
#461 = EDGE_CURVE ( 'NONE', #510, #1961, #8, .T. ) ;
#462 = AXIS2_PLACEMENT_3D ( 'NONE', #1699, #771, #1470 ) ;
#463 = DIRECTION ( 'NONE',  ( 0.000000000000000000, -1.000000000000000000, 0.000000000000000000 ) ) ;
#464 = VECTOR ( 'NONE', #689, 1000.000000000000000 ) ;
#465 = EDGE_LOOP ( 'NONE', ( #68, #190, #2130, #961 ) ) ;
#466 = DIRECTION ( 'NONE',  ( -0.000000000000000000, -1.000000000000000000, -0.000000000000000000 ) ) ;
#467 = DIRECTION ( 'NONE',  ( 0.000000000000000000, -0.000000000000000000, 1.000000000000000000 ) ) ;
#468 = CARTESIAN_POINT ( 'NONE',  ( 6.000000000000042633, 10.30000000000000071, 2.058249404246496448E-14 ) ) ;
#469 = DIRECTION ( 'NONE',  ( 0.000000000000000000, 0.000000000000000000, 1.000000000000000000 ) ) ;
#470 = LINE ( 'NONE', #1922, #1999 ) ;
#471 = ORIENTED_EDGE ( 'NONE', *, *, #1239, .T. ) ;
#472 = CARTESIAN_POINT ( 'NONE',  ( -15.00000000000001421, 10.30000000000000071, -15.50000000000000178 ) ) ;
#473 = CIRCLE ( 'NONE', #1772, 2.499999999999992006 ) ;
#474 = EDGE_LOOP ( 'NONE', ( #1196, #1629, #1736, #1029 ) ) ;
#475 = FACE_OUTER_BOUND ( 'NONE', #1600, .T. ) ;
#476 = ORIENTED_EDGE ( 'NONE', *, *, #2226, .T. ) ;
#477 = CARTESIAN_POINT ( 'NONE',  ( 0.000000000000000000, 10.30000000000000071, -20.49999999999999645 ) ) ;
#478 = EDGE_CURVE ( 'NONE', #1096, #1995, #1969, .T. ) ;
#479 = VECTOR ( 'NONE', #1336, 1000.000000000000000 ) ;
#480 = CARTESIAN_POINT ( 'NONE',  ( -16.00000000000001421, 0.000000000000000000, 6.499999999999999112 ) ) ;
#481 = CARTESIAN_POINT ( 'NONE',  ( 0.000000000000000000, 0.000000000000000000, 0.000000000000000000 ) ) ;
#482 = DIRECTION ( 'NONE',  ( 0.000000000000000000, 0.000000000000000000, -1.000000000000000000 ) ) ;
#483 = ORIENTED_EDGE ( 'NONE', *, *, #736, .T. ) ;
#484 = DIRECTION ( 'NONE',  ( 0.000000000000000000, -1.000000000000000000, 0.000000000000000000 ) ) ;
#485 = VERTEX_POINT ( 'NONE', #1234 ) ;
#486 = EDGE_LOOP ( 'NONE', ( #918, #565, #1018, #1150, #499, #182, #1366, #1726 ) ) ;
#487 = DIRECTION ( 'NONE',  ( 0.000000000000000000, 0.000000000000000000, -1.000000000000000000 ) ) ;
#488 = ORIENTED_EDGE ( 'NONE', *, *, #1875, .T. ) ;
#489 = AXIS2_PLACEMENT_3D ( 'NONE', #225, #1117, #1800 ) ;
#490 = FACE_OUTER_BOUND ( 'NONE', #1267, .T. ) ;
#491 = ADVANCED_FACE ( 'NONE', ( #490, #2107, #136, #1214, #1381, #2085 ), #503, .T. ) ;
#492 = AXIS2_PLACEMENT_3D ( 'NONE', #1531, #359, #1209 ) ;
#493 = DIRECTION ( 'NONE',  ( 0.000000000000000000, -1.000000000000000000, 0.000000000000000000 ) ) ;
#494 = CIRCLE ( 'NONE', #1378, 1.249999999999997558 ) ;
#495 = CARTESIAN_POINT ( 'NONE',  ( -5.999999999999949374, 10.30000000000000071, -17.50000000000001066 ) ) ;
#496 = DIRECTION ( 'NONE',  ( 0.000000000000000000, 0.000000000000000000, -1.000000000000000000 ) ) ;
#497 = VERTEX_POINT ( 'NONE', #1739 ) ;
#498 = CARTESIAN_POINT ( 'NONE',  ( 1.010333609296566550E-15, 5.499999999999999112, -8.250000000000000000 ) ) ;
#499 = ORIENTED_EDGE ( 'NONE', *, *, #1053, .F. ) ;
#500 = ORIENTED_EDGE ( 'NONE', *, *, #907, .T. ) ;
#501 = CYLINDRICAL_SURFACE ( 'NONE', #2114, 1.249999999999999334 ) ;
#502 = AXIS2_PLACEMENT_3D ( 'NONE', #102, #1891, #1182 ) ;
#503 = PLANE ( 'NONE',  #1059 ) ;
#504 = AXIS2_PLACEMENT_3D ( 'NONE', #2034, #1991, #1467 ) ;
#505 = CARTESIAN_POINT ( 'NONE',  ( -20.74999999999994316, 0.000000000000000000, -7.116312747412737391E-14 ) ) ;
#506 = DIRECTION ( 'NONE',  ( -0.000000000000000000, -1.000000000000000000, -0.000000000000000000 ) ) ;
#507 = CARTESIAN_POINT ( 'NONE',  ( -6.500000000000010658, 1.199999999999999956, 14.50000000000000178 ) ) ;
#508 = ORIENTED_EDGE ( 'NONE', *, *, #1512, .F. ) ;
#509 = CARTESIAN_POINT ( 'NONE',  ( -3.000000000000012879, 10.30000000000000071, 20.49999999999999289 ) ) ;
#510 = VERTEX_POINT ( 'NONE', #869 ) ;
#511 = DIRECTION ( 'NONE',  ( -0.000000000000000000, 1.000000000000000000, -0.000000000000000000 ) ) ;
#512 = DIRECTION ( 'NONE',  ( -1.000000000000000000, 0.000000000000000000, 3.154042683594195121E-16 ) ) ;
#513 = EDGE_CURVE ( 'NONE', #1995, #1096, #1274, .T. ) ;
#514 = LINE ( 'NONE', #1625, #1067 ) ;
#515 = CARTESIAN_POINT ( 'NONE',  ( -15.00000000000001421, 0.000000000000000000, -17.99999999999999645 ) ) ;
#516 = DIRECTION ( 'NONE',  ( 2.168404344971008868E-16, 0.000000000000000000, -1.000000000000000000 ) ) ;
#517 = ORIENTED_EDGE ( 'NONE', *, *, #99, .T. ) ;
#518 = DIRECTION ( 'NONE',  ( -0.000000000000000000, 1.000000000000000000, -0.000000000000000000 ) ) ;
#519 = ADVANCED_FACE ( 'NONE', ( #1395 ), #2100, .F. ) ;
#520 = EDGE_CURVE ( 'NONE', #1936, #1237, #1570, .T. ) ;
#521 = EDGE_CURVE ( 'NONE', #1211, #144, #2283, .T. ) ;
#522 = ORIENTED_EDGE ( 'NONE', *, *, #999, .F. ) ;
#523 = DIRECTION ( 'NONE',  ( -0.000000000000000000, -1.000000000000000000, -0.000000000000000000 ) ) ;
#524 = CARTESIAN_POINT ( 'NONE',  ( 28.99999999999998934, 11.50000000000000000, -22.00000000000000000 ) ) ;
#525 = CIRCLE ( 'NONE', #413, 1.024999999999991251 ) ;
#526 = EDGE_CURVE ( 'NONE', #333, #697, #301, .T. ) ;
#527 = VERTEX_POINT ( 'NONE', #1942 ) ;
#528 = CARTESIAN_POINT ( 'NONE',  ( -12.50000000000001776, 10.30000000000000071, 6.499999999999999112 ) ) ;
#529 = FACE_OUTER_BOUND ( 'NONE', #309, .T. ) ;
#530 = ORIENTED_EDGE ( 'NONE', *, *, #999, .T. ) ;
#531 = CARTESIAN_POINT ( 'NONE',  ( 17.49999999999998934, 6.349999999999994316, -6.000000000000002665 ) ) ;
#532 = ORIENTED_EDGE ( 'NONE', *, *, #1672, .F. ) ;
#533 = VERTEX_POINT ( 'NONE', #1432 ) ;
#534 = SURFACE_SIDE_STYLE ('',( #184 ) ) ;
#535 = CARTESIAN_POINT ( 'NONE',  ( -5.999999999999949374, 10.30000000000000071, -2.058249404246464263E-14 ) ) ;
#536 = VECTOR ( 'NONE', #250, 1000.000000000000000 ) ;
#537 = VECTOR ( 'NONE', #1215, 1000.000000000000000 ) ;
#538 = DIRECTION ( 'NONE',  ( 7.709882115452475208E-16, 0.000000000000000000, -1.000000000000000000 ) ) ;
#539 = DIRECTION ( 'NONE',  ( 0.000000000000000000, 0.000000000000000000, -1.000000000000000000 ) ) ;
#540 = ORIENTED_EDGE ( 'NONE', *, *, #2043, .F. ) ;
#541 = DIRECTION ( 'NONE',  ( 0.000000000000000000, -1.000000000000000000, 0.000000000000000000 ) ) ;
#542 = ORIENTED_EDGE ( 'NONE', *, *, #274, .F. ) ;
#543 = VERTEX_POINT ( 'NONE', #547 ) ;
#544 = EDGE_LOOP ( 'NONE', ( #517, #444 ) ) ;
#545 = DIRECTION ( 'NONE',  ( -0.000000000000000000, -1.000000000000000000, -0.000000000000000000 ) ) ;
#546 = ORIENTED_EDGE ( 'NONE', *, *, #395, .T. ) ;
#547 = CARTESIAN_POINT ( 'NONE',  ( -5.828427124746195176, 1.199999999999999734, 18.50000000000000355 ) ) ;
#548 = EDGE_CURVE ( 'NONE', #1103, #497, #1491, .T. ) ;
#549 = DIRECTION ( 'NONE',  ( -3.154042683594195121E-16, -0.000000000000000000, -1.000000000000000000 ) ) ;
#550 = FACE_OUTER_BOUND ( 'NONE', #2054, .T. ) ;
#551 = ORIENTED_EDGE ( 'NONE', *, *, #1585, .F. ) ;
#552 = DIRECTION ( 'NONE',  ( 0.000000000000000000, 1.000000000000000000, 0.000000000000000000 ) ) ;
#553 = VECTOR ( 'NONE', #2239, 1000.000000000000000 ) ;
#554 = EDGE_LOOP ( 'NONE', ( #193, #546, #1750, #405 ) ) ;
#555 = EDGE_LOOP ( 'NONE', ( #1631, #1055, #1429, #1767 ) ) ;
#556 = CARTESIAN_POINT ( 'NONE',  ( 17.49999999999998934, 0.000000000000000000, 5.999999999999997335 ) ) ;
#557 = LINE ( 'NONE', #1755, #1723 ) ;
#558 = ADVANCED_FACE ( 'NONE', ( #2134 ), #792, .T. ) ;
#559 = AXIS2_PLACEMENT_3D ( 'NONE', #5, #723, #1430 ) ;
#560 = LINE ( 'NONE', #409, #764 ) ;
#561 = LINE ( 'NONE', #366, #872 ) ;
#562 = ORIENTED_EDGE ( 'NONE', *, *, #1819, .T. ) ;
#563 = DIRECTION ( 'NONE',  ( -0.000000000000000000, -1.000000000000000000, -0.000000000000000000 ) ) ;
#564 = VECTOR ( 'NONE', #2232, 1000.000000000000000 ) ;
#565 = ORIENTED_EDGE ( 'NONE', *, *, #349, .F. ) ;
#566 = ORIENTED_EDGE ( 'NONE', *, *, #416, .F. ) ;
#567 = LINE ( 'NONE', #60, #110 ) ;
#568 = VECTOR ( 'NONE', #649, 1000.000000000000000 ) ;
#569 = VECTOR ( 'NONE', #1262, 1000.000000000000000 ) ;
#570 = LINE ( 'NONE', #1091, #164 ) ;
#571 = ORIENTED_EDGE ( 'NONE', *, *, #1303, .F. ) ;
#572 = LINE ( 'NONE', #1438, #1112 ) ;
#573 = ORIENTED_EDGE ( 'NONE', *, *, #417, .T. ) ;
#574 = EDGE_CURVE ( 'NONE', #791, #1136, #839, .T. ) ;
#575 = ORIENTED_EDGE ( 'NONE', *, *, #1348, .F. ) ;
#576 = DIRECTION ( 'NONE',  ( 0.000000000000000000, -1.000000000000000000, 0.000000000000000000 ) ) ;
#577 = ORIENTED_EDGE ( 'NONE', *, *, #432, .T. ) ;
#578 = VECTOR ( 'NONE', #1515, 1000.000000000000000 ) ;
#579 = EDGE_CURVE ( 'NONE', #46, #1176, #246, .T. ) ;
#580 = CARTESIAN_POINT ( 'NONE',  ( 2.999999999999989786, 10.30000000000000071, -12.49999999999999822 ) ) ;
#581 = LINE ( 'NONE', #439, #1762 ) ;
#582 = CARTESIAN_POINT ( 'NONE',  ( -3.000000000000013323, 10.30000000000000071, 12.50000000000000178 ) ) ;
#583 = DIRECTION ( 'NONE',  ( 0.000000000000000000, 0.000000000000000000, 1.000000000000000000 ) ) ;
#584 = ORIENTED_EDGE ( 'NONE', *, *, #1488, .F. ) ;
#585 = ORIENTED_EDGE ( 'NONE', *, *, #1708, .T. ) ;
#586 = EDGE_CURVE ( 'NONE', #7, #1792, #984, .T. ) ;
#587 = DIRECTION ( 'NONE',  ( 0.000000000000000000, 0.000000000000000000, -1.000000000000000000 ) ) ;
#588 = AXIS2_PLACEMENT_3D ( 'NONE', #468, #801, #1503 ) ;
#589 = EDGE_CURVE ( 'NONE', #267, #2058, #611, .T. ) ;
#590 = EDGE_CURVE ( 'NONE', #205, #1612, #447, .T. ) ;
#591 = ORIENTED_EDGE ( 'NONE', *, *, #1557, .T. ) ;
#592 = CARTESIAN_POINT ( 'NONE',  ( -12.50000000000001776, 10.30000000000000071, 6.499999999999999112 ) ) ;
#593 = DIRECTION ( 'NONE',  ( -0.000000000000000000, 1.000000000000000000, -0.000000000000000000 ) ) ;
#594 = CARTESIAN_POINT ( 'NONE',  ( -5.999999999999949374, 10.30000000000000071, -2.058249404246464263E-14 ) ) ;
#595 = LINE ( 'NONE', #979, #1489 ) ;
#596 = LINE ( 'NONE', #2004, #1674 ) ;
#597 = VERTEX_POINT ( 'NONE', #82 ) ;
#598 = CARTESIAN_POINT ( 'NONE',  ( -6.500000000000010658, 0.000000000000000000, 14.50000000000000178 ) ) ;
#599 = VECTOR ( 'NONE', #1137, 1000.000000000000000 ) ;
#600 = VECTOR ( 'NONE', #718, 1000.000000000000000 ) ;
#601 = UNCERTAINTY_MEASURE_WITH_UNIT (LENGTH_MEASURE( 1.000000000000000082E-05 ), #1764, 'distance_accuracy_value', 'NONE');
#602 = FACE_OUTER_BOUND ( 'NONE', #266, .T. ) ;
#603 = EDGE_CURVE ( 'NONE', #1621, #398, #818, .T. ) ;
#604 = DIRECTION ( 'NONE',  ( -1.000000000000000000, 0.000000000000000000, -0.000000000000000000 ) ) ;
#605 = DIRECTION ( 'NONE',  ( 0.000000000000000000, 1.000000000000000000, 0.000000000000000000 ) ) ;
#606 = CIRCLE ( 'NONE', #2165, 1.250000000000001110 ) ;
#607 = CYLINDRICAL_SURFACE ( 'NONE', #1527, 2.999999999999997335 ) ;
#608 = DIRECTION ( 'NONE',  ( 3.430415673744137212E-15, 0.000000000000000000, -1.000000000000000000 ) ) ;
#609 = EDGE_LOOP ( 'NONE', ( #488, #584, #2093, #1280, #2186, #2297 ) ) ;
#610 = CIRCLE ( 'NONE', #272, 1.024999999999987699 ) ;
#611 = LINE ( 'NONE', #1883, #450 ) ;
#612 = VERTEX_POINT ( 'NONE', #1519 ) ;
#613 = CARTESIAN_POINT ( 'NONE',  ( 0.000000000000000000, 10.30000000000000071, -4.000000000000009770 ) ) ;
#614 = EDGE_CURVE ( 'NONE', #533, #1667, #1693, .T. ) ;
#615 = DIRECTION ( 'NONE',  ( 0.000000000000000000, -1.000000000000000000, 0.000000000000000000 ) ) ;
#616 = LINE ( 'NONE', #2183, #1079 ) ;
#617 = DIRECTION ( 'NONE',  ( 0.000000000000000000, 0.000000000000000000, -1.000000000000000000 ) ) ;
#618 = DIRECTION ( 'NONE',  ( -2.168404344971008868E-16, -0.000000000000000000, 1.000000000000000000 ) ) ;
#619 = ORIENTED_EDGE ( 'NONE', *, *, #1958, .T. ) ;
#620 = AXIS2_PLACEMENT_3D ( 'NONE', #142, #2079, #1552 ) ;
#621 = CARTESIAN_POINT ( 'NONE',  ( -29.00000000000001066, 11.50000000000000000, -22.00000000000000000 ) ) ;
#622 = EDGE_CURVE ( 'NONE', #1553, #533, #1496, .T. ) ;
#623 = ORIENTED_EDGE ( 'NONE', *, *, #1889, .F. ) ;
#624 = CARTESIAN_POINT ( 'NONE',  ( 17.49999999999998934, 0.000000000000000000, -18.00000000000000355 ) ) ;
#625 = LINE ( 'NONE', #1671, #48 ) ;
#626 = EDGE_LOOP ( 'NONE', ( #1985, #1346, #1858, #2267 ) ) ;
#627 = EDGE_CURVE ( 'NONE', #543, #790, #1680, .T. ) ;
#628 = CARTESIAN_POINT ( 'NONE',  ( 17.49999999999998934, 0.000000000000000000, -4.975000000000012967 ) ) ;
#629 = DIRECTION ( 'NONE',  ( 0.000000000000000000, 0.000000000000000000, -1.000000000000000000 ) ) ;
#630 = ORIENTED_EDGE ( 'NONE', *, *, #943, .T. ) ;
#631 = ORIENTED_EDGE ( 'NONE', *, *, #836, .F. ) ;
#632 = DIRECTION ( 'NONE',  ( -0.000000000000000000, -1.000000000000000000, -0.000000000000000000 ) ) ;
#633 = VECTOR ( 'NONE', #967, 1000.000000000000000 ) ;
#634 = CARTESIAN_POINT ( 'NONE',  ( -18.50000000000000355, 10.30000000000000071, -6.500000000000003553 ) ) ;
#635 = EDGE_LOOP ( 'NONE', ( #2069, #397, #759, #297 ) ) ;
#636 = VECTOR ( 'NONE', #2158, 1000.000000000000000 ) ;
#637 = CARTESIAN_POINT ( 'NONE',  ( 0.000000000000000000, 11.50000000000000000, 8.249999999999992895 ) ) ;
#638 = VECTOR ( 'NONE', #1190, 1000.000000000000000 ) ;
#639 = DIRECTION ( 'NONE',  ( 0.000000000000000000, 1.000000000000000000, 0.000000000000000000 ) ) ;
#640 = CARTESIAN_POINT ( 'NONE',  ( -16.00000000000001421, 0.000000000000000000, 18.00000000000000000 ) ) ;
#641 = CARTESIAN_POINT ( 'NONE',  ( -6.500000000000011546, 1.199999999999999956, 18.50000000000000355 ) ) ;
#642 = DIRECTION ( 'NONE',  ( 0.000000000000000000, 0.000000000000000000, 1.000000000000000000 ) ) ;
#643 = EDGE_LOOP ( 'NONE', ( #773, #1342, #1003, #1210 ) ) ;
#644 = CARTESIAN_POINT ( 'NONE',  ( -6.500000000000010658, 1.199999999999999956, 14.50000000000000178 ) ) ;
#645 = EDGE_CURVE ( 'NONE', #2029, #346, #2195, .T. ) ;
#646 = CIRCLE ( 'NONE', #269, 1.024999999999991251 ) ;
#647 = DIRECTION ( 'NONE',  ( -0.000000000000000000, -1.000000000000000000, -0.000000000000000000 ) ) ;
#648 = ORIENTED_EDGE ( 'NONE', *, *, #290, .T. ) ;
#649 = DIRECTION ( 'NONE',  ( -0.000000000000000000, 1.000000000000000000, -0.000000000000000000 ) ) ;
#650 = CARTESIAN_POINT ( 'NONE',  ( 6.000000000000042633, 10.30000000000000071, 2.058249404246496448E-14 ) ) ;
#651 = EDGE_CURVE ( 'NONE', #1611, #1773, #1322, .T. ) ;
#652 = FACE_BOUND ( 'NONE', #486, .T. ) ;
#653 = DIRECTION ( 'NONE',  ( -0.000000000000000000, -1.000000000000000000, -0.000000000000000000 ) ) ;
#654 = EDGE_LOOP ( 'NONE', ( #809, #25 ) ) ;
#655 = CARTESIAN_POINT ( 'NONE',  ( -20.75000000008231282, 11.50000000000000000, 22.00000000000000000 ) ) ;
#656 = ADVANCED_FACE ( 'NONE', ( #808 ), #1148, .F. ) ;
#657 = CIRCLE ( 'NONE', #1442, 2.999999999999995559 ) ;
#658 = ORIENTED_EDGE ( 'NONE', *, *, #2050, .F. ) ;
#659 = DIRECTION ( 'NONE',  ( 1.000000000000000000, -0.000000000000000000, 2.168404344971008868E-16 ) ) ;
#660 = ORIENTED_EDGE ( 'NONE', *, *, #207, .T. ) ;
#661 = LINE ( 'NONE', #846, #638 ) ;
#662 = CIRCLE ( 'NONE', #1954, 2.999999999999997335 ) ;
#663 = DIRECTION ( 'NONE',  ( -1.000000000000000000, 0.000000000000000000, -0.000000000000000000 ) ) ;
#664 = CARTESIAN_POINT ( 'NONE',  ( -3.000000000000013323, 0.000000000000000000, 15.49999999999999467 ) ) ;
#665 = CARTESIAN_POINT ( 'NONE',  ( -15.00000000000001421, 0.000000000000000000, 18.00000000000000000 ) ) ;
#666 = VERTEX_POINT ( 'NONE', #2006 ) ;
#667 = LINE ( 'NONE', #1373, #852 ) ;
#668 = ORIENTED_EDGE ( 'NONE', *, *, #691, .T. ) ;
#669 = VERTEX_POINT ( 'NONE', #2217 ) ;
#670 = DIRECTION ( 'NONE',  ( 1.000000000000000000, 0.000000000000000000, 0.000000000000000000 ) ) ;
#671 = ORIENTED_EDGE ( 'NONE', *, *, #1819, .F. ) ;
#672 = VECTOR ( 'NONE', #748, 1000.000000000000000 ) ;
#673 = PLANE ( 'NONE',  #76 ) ;
#674 = VECTOR ( 'NONE', #1172, 1000.000000000000000 ) ;
#675 = VECTOR ( 'NONE', #516, 1000.000000000000000 ) ;
#676 = DIRECTION ( 'NONE',  ( 0.000000000000000000, 0.000000000000000000, -1.000000000000000000 ) ) ;
#677 = CIRCLE ( 'NONE', #1457, 2.999999999999999112 ) ;
#678 = FACE_BOUND ( 'NONE', #1845, .T. ) ;
#679 = DIRECTION ( 'NONE',  ( 0.000000000000000000, 0.000000000000000000, 1.000000000000000000 ) ) ;
#680 = EDGE_LOOP ( 'NONE', ( #1734, #1440, #686, #648 ) ) ;
#681 = EDGE_CURVE ( 'NONE', #666, #497, #1507, .T. ) ;
#682 = CARTESIAN_POINT ( 'NONE',  ( 9.999999999999985789, 4.000000000000000000, 9.999999999999998224 ) ) ;
#683 = ORIENTED_EDGE ( 'NONE', *, *, #690, .F. ) ;
#684 = ORIENTED_EDGE ( 'NONE', *, *, #705, .F. ) ;
#685 = SURFACE_STYLE_USAGE ( .BOTH. , #534 ) ;
#686 = ORIENTED_EDGE ( 'NONE', *, *, #57, .F. ) ;
#687 = VECTOR ( 'NONE', #1586, 1000.000000000000000 ) ;
#688 = DIRECTION ( 'NONE',  ( 0.000000000000000000, 0.000000000000000000, -1.000000000000000000 ) ) ;
#689 = DIRECTION ( 'NONE',  ( -3.430415673744136424E-15, 0.000000000000000000, 1.000000000000000000 ) ) ;
#690 = EDGE_CURVE ( 'NONE', #2279, #144, #793, .T. ) ;
#691 = EDGE_CURVE ( 'NONE', #790, #527, #1846, .T. ) ;
#692 = ADVANCED_FACE ( 'NONE', ( #255 ), #2206, .F. ) ;
#693 = CARTESIAN_POINT ( 'NONE',  ( 6.000000000000046185, 10.30000000000000071, -17.49999999999999289 ) ) ;
#694 = CARTESIAN_POINT ( 'NONE',  ( 17.49999999999998934, 0.000000000000000000, 5.999999999999997335 ) ) ;
#695 = ORIENTED_EDGE ( 'NONE', *, *, #1637, .F. ) ;
#696 = DIRECTION ( 'NONE',  ( -0.000000000000000000, -1.000000000000000000, -0.000000000000000000 ) ) ;
#697 = VERTEX_POINT ( 'NONE', #268 ) ;
#698 = LINE ( 'NONE', #1230, #1817 ) ;
#699 = ORIENTED_EDGE ( 'NONE', *, *, #1649, .F. ) ;
#700 = ADVANCED_FACE ( 'NONE', ( #2042 ), #105, .F. ) ;
#701 = CARTESIAN_POINT ( 'NONE',  ( -12.50000000000001954, 10.30000000000000071, -4.818676322157804672E-15 ) ) ;
#702 = LINE ( 'NONE', #186, #727 ) ;
#703 = ORIENTED_EDGE ( 'NONE', *, *, #2024, .F. ) ;
#704 = DIRECTION ( 'NONE',  ( -0.000000000000000000, 1.000000000000000000, -0.000000000000000000 ) ) ;
#705 = EDGE_CURVE ( 'NONE', #1542, #1103, #2266, .T. ) ;
#706 = CARTESIAN_POINT ( 'NONE',  ( 3.614007241618348376E-15, 0.000000000000000000, -12.49999999999999822 ) ) ;
#707 = EDGE_LOOP ( 'NONE', ( #2015, #1579 ) ) ;
#708 = CYLINDRICAL_SURFACE ( 'NONE', #2208, 2.499999999999993339 ) ;
#709 = VERTEX_POINT ( 'NONE', #850 ) ;
#710 = CARTESIAN_POINT ( 'NONE',  ( -29.00000000000001066, 0.000000000000000000, -22.00000000000000000 ) ) ;
#711 = ORIENTED_EDGE ( 'NONE', *, *, #2102, .F. ) ;
#712 = DIRECTION ( 'NONE',  ( -0.000000000000000000, -1.000000000000000000, -0.000000000000000000 ) ) ;
#713 = DIRECTION ( 'NONE',  ( 0.000000000000000000, 0.000000000000000000, -1.000000000000000000 ) ) ;
#714 = ORIENTED_EDGE ( 'NONE', *, *, #1944, .F. ) ;
#715 = ADVANCED_FACE ( 'NONE', ( #1401 ), #1220, .T. ) ;
#716 = DIRECTION ( 'NONE',  ( 0.000000000000000000, 1.000000000000000000, 0.000000000000000000 ) ) ;
#717 = VECTOR ( 'NONE', #618, 1000.000000000000000 ) ;
#718 = DIRECTION ( 'NONE',  ( -0.000000000000000000, 1.000000000000000000, -0.000000000000000000 ) ) ;
#719 = ORIENTED_EDGE ( 'NONE', *, *, #1861, .F. ) ;
#720 = LINE ( 'NONE', #2140, #287 ) ;
#721 = ORIENTED_EDGE ( 'NONE', *, *, #1383, .T. ) ;
#722 = ORIENTED_EDGE ( 'NONE', *, *, #1916, .T. ) ;
#723 = DIRECTION ( 'NONE',  ( 0.000000000000000000, -1.000000000000000000, 0.000000000000000000 ) ) ;
#724 = EDGE_CURVE ( 'NONE', #1770, #1207, #1073, .T. ) ;
#725 = FACE_OUTER_BOUND ( 'NONE', #1323, .T. ) ;
#726 = AXIS2_PLACEMENT_3D ( 'NONE', #860, #848, #1550 ) ;
#727 = VECTOR ( 'NONE', #899, 1000.000000000000000 ) ;
#728 = ADVANCED_FACE ( 'NONE', ( #1194 ), #1771, .T. ) ;
#729 = CARTESIAN_POINT ( 'NONE',  ( 28.99999999999998934, 0.000000000000000000, -22.00000000000000000 ) ) ;
#730 = CARTESIAN_POINT ( 'NONE',  ( 6.499999999999988454, 1.199999999999999956, 14.50000000000000178 ) ) ;
#731 = ORIENTED_EDGE ( 'NONE', *, *, #574, .F. ) ;
#732 = LINE ( 'NONE', #755, #363 ) ;
#733 = VERTEX_POINT ( 'NONE', #1894 ) ;
#734 = EDGE_LOOP ( 'NONE', ( #26, #1609, #577, #224 ) ) ;
#735 = DIRECTION ( 'NONE',  ( 3.430415673744137212E-15, 0.000000000000000000, -1.000000000000000000 ) ) ;
#736 = EDGE_CURVE ( 'NONE', #891, #1146, #1158, .T. ) ;
#737 = EDGE_CURVE ( 'NONE', #826, #1004, #1454, .T. ) ;
#738 = VECTOR ( 'NONE', #1350, 1000.000000000000000 ) ;
#739 = EDGE_CURVE ( 'NONE', #1986, #709, #1906, .T. ) ;
#740 = AXIS2_PLACEMENT_3D ( 'NONE', #1760, #484, #180 ) ;
#741 = DIRECTION ( 'NONE',  ( -0.000000000000000000, -1.000000000000000000, -0.000000000000000000 ) ) ;
#742 = PLANE ( 'NONE',  #451 ) ;
#743 = VERTEX_POINT ( 'NONE', #307 ) ;
#744 = CARTESIAN_POINT ( 'NONE',  ( 6.000000000000042633, 1.199999999999999734, 2.058249404246496448E-14 ) ) ;
#745 = CIRCLE ( 'NONE', #369, 2.999999999999999112 ) ;
#746 = ORIENTED_EDGE ( 'NONE', *, *, #1754, .F. ) ;
#747 = ORIENTED_EDGE ( 'NONE', *, *, #270, .F. ) ;
#748 = DIRECTION ( 'NONE',  ( -0.000000000000000000, -1.000000000000000000, -0.000000000000000000 ) ) ;
#749 = CARTESIAN_POINT ( 'NONE',  ( -16.00000000000001066, 0.000000000000000000, -6.500000000000002665 ) ) ;
#750 = AXIS2_PLACEMENT_3D ( 'NONE', #1212, #545, #1258 ) ;
#751 = EDGE_CURVE ( 'NONE', #1773, #167, #1876, .T. ) ;
#752 = CARTESIAN_POINT ( 'NONE',  ( -15.00000000000001421, 10.30000000000000071, 15.50000000000000000 ) ) ;
#753 = DIRECTION ( 'NONE',  ( 7.709882115452475208E-16, 0.000000000000000000, -1.000000000000000000 ) ) ;
#754 = EDGE_LOOP ( 'NONE', ( #1229, #1105, #762, #551, #281, #895 ) ) ;
#755 = CARTESIAN_POINT ( 'NONE',  ( -18.50000000000000355, 10.30000000000000071, 0.000000000000000000 ) ) ;
#756 = VECTOR ( 'NONE', #1711, 1000.000000000000000 ) ;
#757 = CIRCLE ( 'NONE', #1021, 2.999999999999995559 ) ;
#758 = VERTEX_POINT ( 'NONE', #2104 ) ;
#759 = ORIENTED_EDGE ( 'NONE', *, *, #2133, .F. ) ;
#760 = DIRECTION ( 'NONE',  ( 0.000000000000000000, 0.000000000000000000, -1.000000000000000000 ) ) ;
#761 = ORIENTED_EDGE ( 'NONE', *, *, #1511, .F. ) ;
#762 = ORIENTED_EDGE ( 'NONE', *, *, #1313, .F. ) ;
#763 = DIRECTION ( 'NONE',  ( 1.000000000000000000, 0.000000000000000000, 0.000000000000000000 ) ) ;
#764 = VECTOR ( 'NONE', #2191, 1000.000000000000000 ) ;
#765 = CARTESIAN_POINT ( 'NONE',  ( 2.999999999999986677, 10.30000000000000071, 12.50000000000000178 ) ) ;
#766 = EDGE_CURVE ( 'NONE', #2139, #133, #667, .T. ) ;
#767 = ORIENTED_EDGE ( 'NONE', *, *, #2188, .F. ) ;
#768 = EDGE_CURVE ( 'NONE', #1905, #1502, #322, .T. ) ;
#769 = AXIS2_PLACEMENT_3D ( 'NONE', #111, #1548, #663 ) ;
#770 = CARTESIAN_POINT ( 'NONE',  ( -3.000000000000012879, 10.30000000000000071, 17.49999999999999645 ) ) ;
#771 = DIRECTION ( 'NONE',  ( -0.000000000000000000, -1.000000000000000000, -0.000000000000000000 ) ) ;
#772 = CARTESIAN_POINT ( 'NONE',  ( 6.499999999999987566, 0.000000000000000000, 18.50000000000000355 ) ) ;
#773 = ORIENTED_EDGE ( 'NONE', *, *, #1315, .T. ) ;
#774 = LINE ( 'NONE', #1441, #1670 ) ;
#775 = CARTESIAN_POINT ( 'NONE',  ( -5.999999999999949374, 10.30000000000000071, -2.058249404246464263E-14 ) ) ;
#776 = DIRECTION ( 'NONE',  ( 0.000000000000000000, 0.000000000000000000, -1.000000000000000000 ) ) ;
#777 = VECTOR ( 'NONE', #34, 1000.000000000000000 ) ;
#778 = LINE ( 'NONE', #1133, #1556 ) ;
#779 = CARTESIAN_POINT ( 'NONE',  ( 2.999999999999986677, 10.30000000000000071, 15.49999999999999467 ) ) ;
#780 = ORIENTED_EDGE ( 'NONE', *, *, #270, .T. ) ;
#781 = ORIENTED_EDGE ( 'NONE', *, *, #1340, .F. ) ;
#782 = AXIS2_PLACEMENT_3D ( 'NONE', #410, #541, #381 ) ;
#783 = DIRECTION ( 'NONE',  ( -0.000000000000000000, -1.000000000000000000, -0.000000000000000000 ) ) ;
#784 = VECTOR ( 'NONE', #408, 1000.000000000000000 ) ;
#785 = CYLINDRICAL_SURFACE ( 'NONE', #2292, 2.499999999999993339 ) ;
#786 = CARTESIAN_POINT ( 'NONE',  ( 17.49999999999998934, -1.429775138004531790E-15, -19.02499999999999503 ) ) ;
#787 = CARTESIAN_POINT ( 'NONE',  ( 17.49999999999998934, -1.429775138004531790E-15, -16.97500000000001208 ) ) ;
#788 = CIRCLE ( 'NONE', #750, 1.024999999999991251 ) ;
#789 = PLANE ( 'NONE',  #1420 ) ;
#790 = VERTEX_POINT ( 'NONE', #1062 ) ;
#791 = VERTEX_POINT ( 'NONE', #498 ) ;
#792 = PLANE ( 'NONE',  #1306 ) ;
#793 = CIRCLE ( 'NONE', #2263, 2.499999999999993339 ) ;
#794 = VECTOR ( 'NONE', #1263, 1000.000000000000000 ) ;
#795 = AXIS2_PLACEMENT_3D ( 'NONE', #2103, #1352, #482 ) ;
#796 = EDGE_LOOP ( 'NONE', ( #994, #1310, #72, #1417 ) ) ;
#797 = EDGE_CURVE ( 'NONE', #91, #2058, #1362, .T. ) ;
#798 = EDGE_LOOP ( 'NONE', ( #232, #817, #1673, #1591 ) ) ;
#799 = CARTESIAN_POINT ( 'NONE',  ( -3.000000000000009770, 0.000000000000000000, -15.50000000000000000 ) ) ;
#800 = CARTESIAN_POINT ( 'NONE',  ( -20.75000000008231282, 11.50000000000000000, 22.00000000000000000 ) ) ;
#801 = DIRECTION ( 'NONE',  ( 1.000000000000000000, -0.000000000000000000, 3.430415673744137212E-15 ) ) ;
#802 = VECTOR ( 'NONE', #165, 1000.000000000000000 ) ;
#803 = ADVANCED_FACE ( 'NONE', ( #863 ), #1565, .F. ) ;
#804 = DIRECTION ( 'NONE',  ( -0.000000000000000000, -1.000000000000000000, -0.000000000000000000 ) ) ;
#805 = ORIENTED_EDGE ( 'NONE', *, *, #2257, .F. ) ;
#806 = EDGE_LOOP ( 'NONE', ( #1977, #1363 ) ) ;
#807 = CIRCLE ( 'NONE', #1719, 2.499999999999998668 ) ;
#808 = FACE_OUTER_BOUND ( 'NONE', #1063, .T. ) ;
#809 = ORIENTED_EDGE ( 'NONE', *, *, #86, .F. ) ;
#810 = ADVANCED_FACE ( 'NONE', ( #2290 ), #1027, .T. ) ;
#811 = LINE ( 'NONE', #1838, #1639 ) ;
#812 = EDGE_CURVE ( 'NONE', #1127, #257, #1725, .T. ) ;
#813 = FACE_OUTER_BOUND ( 'NONE', #853, .T. ) ;
#814 = LINE ( 'NONE', #101, #738 ) ;
#815 = DIRECTION ( 'NONE',  ( 0.000000000000000000, -1.000000000000000000, 0.000000000000000000 ) ) ;
#816 = ORIENTED_EDGE ( 'NONE', *, *, #388, .T. ) ;
#817 = ORIENTED_EDGE ( 'NONE', *, *, #574, .T. ) ;
#818 = LINE ( 'NONE', #117, #382 ) ;
#819 = EDGE_LOOP ( 'NONE', ( #1765, #1494, #1533, #2288 ) ) ;
#820 = CARTESIAN_POINT ( 'NONE',  ( 17.49999999999998934, 6.349999999999994316, 4.975000000000009415 ) ) ;
#821 = CARTESIAN_POINT ( 'NONE',  ( -10.00000000000001243, 4.000000000000000000, 9.999999999999998224 ) ) ;
#822 = DIRECTION ( 'NONE',  ( 0.000000000000000000, -1.000000000000000000, 0.000000000000000000 ) ) ;
#823 = ADVANCED_FACE ( 'NONE', ( #155 ), #708, .F. ) ;
#824 = FACE_BOUND ( 'NONE', #1404, .T. ) ;
#825 = CARTESIAN_POINT ( 'NONE',  ( -10.00000000000001243, 11.50000000000000000, -11.25000000000000355 ) ) ;
#826 = VERTEX_POINT ( 'NONE', #2115 ) ;
#827 = DIRECTION ( 'NONE',  ( 0.000000000000000000, 0.000000000000000000, -1.000000000000000000 ) ) ;
#828 = AXIS2_PLACEMENT_3D ( 'NONE', #135, #310, #2084 ) ;
#829 = DIRECTION ( 'NONE',  ( 0.000000000000000000, -1.000000000000000000, 0.000000000000000000 ) ) ;
#830 = ORIENTED_EDGE ( 'NONE', *, *, #1160, .F. ) ;
#831 = EDGE_CURVE ( 'NONE', #2139, #1427, #174, .T. ) ;
#832 = AXIS2_PLACEMENT_3D ( 'NONE', #838, #128, #1733 ) ;
#833 = CARTESIAN_POINT ( 'NONE',  ( -6.500000000000011546, 1.199999999999999956, 18.50000000000000355 ) ) ;
#834 = FACE_OUTER_BOUND ( 'NONE', #474, .T. ) ;
#835 = LINE ( 'NONE', #1014, #553 ) ;
#836 = EDGE_CURVE ( 'NONE', #1211, #1994, #473, .T. ) ;
#837 = DIRECTION ( 'NONE',  ( 0.000000000000000000, 0.000000000000000000, 1.000000000000000000 ) ) ;
#838 = CARTESIAN_POINT ( 'NONE',  ( 9.999999999999987566, 11.50000000000000000, 9.999999999999998224 ) ) ;
#839 = LINE ( 'NONE', #295, #564 ) ;
#840 = ORIENTED_EDGE ( 'NONE', *, *, #970, .T. ) ;
#841 = AXIS2_PLACEMENT_3D ( 'NONE', #752, #1409, #401 ) ;
#842 = EDGE_LOOP ( 'NONE', ( #1783, #1657, #1847, #1074 ) ) ;
#843 = DIRECTION ( 'NONE',  ( 0.000000000000000000, 0.000000000000000000, -1.000000000000000000 ) ) ;
#844 = VECTOR ( 'NONE', #2273, 1000.000000000000000 ) ;
#845 = ORIENTED_EDGE ( 'NONE', *, *, #1810, .F. ) ;
#846 = CARTESIAN_POINT ( 'NONE',  ( 0.000000000000000000, 10.30000000000000071, 12.50000000000000178 ) ) ;
#847 = LINE ( 'NONE', #1164, #2089 ) ;
#848 = DIRECTION ( 'NONE',  ( -0.000000000000000000, -1.000000000000000000, -0.000000000000000000 ) ) ;
#849 = CARTESIAN_POINT ( 'NONE',  ( -3.000000000000012879, 1.199999999999999734, 17.49999999999999645 ) ) ;
#850 = CARTESIAN_POINT ( 'NONE',  ( -20.75000000008231282, 0.000000000000000000, 22.00000000000000000 ) ) ;
#851 = VERTEX_POINT ( 'NONE', #230 ) ;
#852 = VECTOR ( 'NONE', #518, 1000.000000000000000 ) ;
#853 = EDGE_LOOP ( 'NONE', ( #483, #955 ) ) ;
#854 = CARTESIAN_POINT ( 'NONE',  ( -5.999999999999949374, 10.30000000000000071, -17.50000000000001066 ) ) ;
#855 = ORIENTED_EDGE ( 'NONE', *, *, #1614, .T. ) ;
#856 = EDGE_CURVE ( 'NONE', #612, #1522, #1619, .T. ) ;
#857 = DIRECTION ( 'NONE',  ( 0.000000000000000000, 0.000000000000000000, -1.000000000000000000 ) ) ;
#858 = STYLED_ITEM ( 'NONE', ( #882 ), #1289 ) ;
#859 = CARTESIAN_POINT ( 'NONE',  ( -3.000000000000010214, 0.000000000000000000, -20.49999999999999645 ) ) ;
#860 = CARTESIAN_POINT ( 'NONE',  ( 17.49999999999998934, 0.000000000000000000, 18.00000000000000000 ) ) ;
#861 = CYLINDRICAL_SURFACE ( 'NONE', #2119, 1.024999999999989475 ) ;
#862 = EDGE_LOOP ( 'NONE', ( #179, #805 ) ) ;
#863 = FACE_OUTER_BOUND ( 'NONE', #544, .T. ) ;
#864 = ORIENTED_EDGE ( 'NONE', *, *, #1549, .T. ) ;
#865 = EDGE_LOOP ( 'NONE', ( #1870, #1804 ) ) ;
#866 = CARTESIAN_POINT ( 'NONE',  ( -6.500000000000011546, 0.000000000000000000, 18.50000000000000355 ) ) ;
#867 = ORIENTED_EDGE ( 'NONE', *, *, #1348, .T. ) ;
#868 = EDGE_CURVE ( 'NONE', #1542, #666, #1076, .T. ) ;
#869 = CARTESIAN_POINT ( 'NONE',  ( -20.75000000008231282, 11.50000000000000000, -22.00000000000000000 ) ) ;
#870 = ADVANCED_FACE ( 'NONE', ( #1104 ), #1265, .F. ) ;
#871 = VECTOR ( 'NONE', #1871, 1000.000000000000000 ) ;
#872 = VECTOR ( 'NONE', #2008, 1000.000000000000000 ) ;
#873 = DIRECTION ( 'NONE',  ( 0.000000000000000000, 0.000000000000000000, -1.000000000000000000 ) ) ;
#874 = AXIS2_PLACEMENT_3D ( 'NONE', #249, #1334, #1163 ) ;
#875 = LINE ( 'NONE', #1574, #425 ) ;
#876 = DIRECTION ( 'NONE',  ( 0.000000000000000000, 0.000000000000000000, 1.000000000000000000 ) ) ;
#877 = VERTEX_POINT ( 'NONE', #582 ) ;
#879 = EDGE_CURVE ( 'NONE', #1195, #1634, #732, .T. ) ;
#878 = DIRECTION ( 'NONE',  ( -0.000000000000000000, -1.000000000000000000, -0.000000000000000000 ) ) ;
#880 = EDGE_LOOP ( 'NONE', ( #1254, #1655, #2068, #1116 ) ) ;
#881 = ORIENTED_EDGE ( 'NONE', *, *, #1927, .T. ) ;
#882 = PRESENTATION_STYLE_ASSIGNMENT (( #685 ) ) ;
#883 = VECTOR ( 'NONE', #1060, 1000.000000000000000 ) ;
#884 = CARTESIAN_POINT ( 'NONE',  ( 2.999999999999991118, 10.30000000000000071, -20.49999999999999645 ) ) ;
#885 = CIRCLE ( 'NONE', #2167, 2.499999999999993339 ) ;
#886 = EDGE_CURVE ( 'NONE', #1905, #1127, #657, .T. ) ;
#887 = CARTESIAN_POINT ( 'NONE',  ( -15.00000000000001421, 0.000000000000000000, -15.50000000000000178 ) ) ;
#888 = EDGE_LOOP ( 'NONE', ( #1815, #2293, #1963, #73 ) ) ;
#889 = DIRECTION ( 'NONE',  ( -0.000000000000000000, -1.000000000000000000, -0.000000000000000000 ) ) ;
#890 = CARTESIAN_POINT ( 'NONE',  ( -3.000000000000013323, 10.30000000000000071, 15.49999999999999467 ) ) ;
#891 = VERTEX_POINT ( 'NONE', #928 ) ;
#892 = DIRECTION ( 'NONE',  ( -0.000000000000000000, -1.000000000000000000, -0.000000000000000000 ) ) ;
#893 = ORIENTED_EDGE ( 'NONE', *, *, #768, .T. ) ;
#894 = FILL_AREA_STYLE_COLOUR ( '', #2251 ) ;
#895 = ORIENTED_EDGE ( 'NONE', *, *, #2024, .T. ) ;
#896 = VECTOR ( 'NONE', #1577, 1000.000000000000000 ) ;
#897 = CARTESIAN_POINT ( 'NONE',  ( 9.999999999999987566, 11.50000000000000000, 9.999999999999998224 ) ) ;
#898 = APPLICATION_CONTEXT ( 'automotive_design' ) ;
#899 = DIRECTION ( 'NONE',  ( -1.000000000000000000, -0.000000000000000000, -0.000000000000000000 ) ) ;
#900 = AXIS2_PLACEMENT_3D ( 'NONE', #203, #1823, #403 ) ;
#901 = ORIENTED_EDGE ( 'NONE', *, *, #321, .F. ) ;
#902 = AXIS2_PLACEMENT_3D ( 'NONE', #2219, #41, #1345 ) ;
#903 = LINE ( 'NONE', #1982, #2196 ) ;
#904 = CIRCLE ( 'NONE', #1777, 2.999999999999997335 ) ;
#905 = CARTESIAN_POINT ( 'NONE',  ( -6.000000000000008882, 1.200000000000003064, 17.49999999999998579 ) ) ;
#906 = VERTEX_POINT ( 'NONE', #13 ) ;
#907 = EDGE_CURVE ( 'NONE', #1612, #294, #949, .T. ) ;
#908 = CARTESIAN_POINT ( 'NONE',  ( 3.614007241618348376E-15, 10.30000000000000071, -12.49999999999999822 ) ) ;
#909 = EDGE_LOOP ( 'NONE', ( #2023, #1408, #212, #721 ) ) ;
#910 = EDGE_LOOP ( 'NONE', ( #2142, #1165, #1449, #1447 ) ) ;
#911 = VERTEX_POINT ( 'NONE', #1469 ) ;
#912 = DIRECTION ( 'NONE',  ( 0.000000000000000000, 0.000000000000000000, -1.000000000000000000 ) ) ;
#913 = CARTESIAN_POINT ( 'NONE',  ( 17.49999999999998934, 6.349999999999994316, 5.999999999999997335 ) ) ;
#914 = CARTESIAN_POINT ( 'NONE',  ( -20.74999999999994316, 11.50000000000000000, -7.116312747412737391E-14 ) ) ;
#915 = ORIENTED_EDGE ( 'NONE', *, *, #812, .F. ) ;
#916 = DIRECTION ( 'NONE',  ( -0.000000000000000000, 1.000000000000000000, -0.000000000000000000 ) ) ;
#917 = EDGE_CURVE ( 'NONE', #1792, #7, #2018, .T. ) ;
#918 = ORIENTED_EDGE ( 'NONE', *, *, #436, .T. ) ;
#919 = ORIENTED_EDGE ( 'NONE', *, *, #2199, .T. ) ;
#920 = ORIENTED_EDGE ( 'NONE', *, *, #1649, .T. ) ;
#921 = DIRECTION ( 'NONE',  ( 1.000000000000000000, 0.000000000000000000, 2.891205793294678819E-16 ) ) ;
#922 = AXIS2_PLACEMENT_3D ( 'NONE', #1709, #2227, #114 ) ;
#923 = DIRECTION ( 'NONE',  ( -0.000000000000000000, -1.000000000000000000, -0.000000000000000000 ) ) ;
#924 = AXIS2_PLACEMENT_3D ( 'NONE', #1349, #276, #1697 ) ;
#925 = LINE ( 'NONE', #19, #1464 ) ;
#926 = FACE_OUTER_BOUND ( 'NONE', #37, .T. ) ;
#927 = ORIENTED_EDGE ( 'NONE', *, *, #2133, .T. ) ;
#928 = CARTESIAN_POINT ( 'NONE',  ( 17.49999999999998934, 6.349999999999994316, -7.024999999999990585 ) ) ;
#929 = EDGE_LOOP ( 'NONE', ( #1072, #12 ) ) ;
#930 = ORIENTED_EDGE ( 'NONE', *, *, #1624, .F. ) ;
#931 = ORIENTED_EDGE ( 'NONE', *, *, #1173, .T. ) ;
#932 = DIRECTION ( 'NONE',  ( -0.000000000000000000, -1.000000000000000000, -0.000000000000000000 ) ) ;
#933 = DIRECTION ( 'NONE',  ( 0.000000000000000000, 0.000000000000000000, -1.000000000000000000 ) ) ;
#934 = AXIS2_PLACEMENT_3D ( 'NONE', #682, #1390, #1914 ) ;
#935 = CARTESIAN_POINT ( 'NONE',  ( 9.999999999999987566, 4.000000000000000000, 9.999999999999998224 ) ) ;
#936 = DIRECTION ( 'NONE',  ( 3.429548312006147626E-15, 0.000000000000000000, -1.000000000000000000 ) ) ;
#937 = VERTEX_POINT ( 'NONE', #1448 ) ;
#938 = DIRECTION ( 'NONE',  ( -0.000000000000000000, -1.000000000000000000, -0.000000000000000000 ) ) ;
#939 = EDGE_LOOP ( 'NONE', ( #1694, #1169, #971, #1437 ) ) ;
#940 = ORIENTED_EDGE ( 'NONE', *, *, #622, .T. ) ;
#941 = CARTESIAN_POINT ( 'NONE',  ( -3.000000000000012879, -0.000000000000000000, 20.49999999999999289 ) ) ;
#942 = EDGE_CURVE ( 'NONE', #510, #1986, #572, .T. ) ;
#943 = EDGE_CURVE ( 'NONE', #733, #1667, #2291, .T. ) ;
#944 = EDGE_CURVE ( 'NONE', #1857, #2029, #720, .T. ) ;
#945 = LINE ( 'NONE', #1820, #784 ) ;
#946 = CIRCLE ( 'NONE', #187, 2.499999999999998668 ) ;
#947 = CARTESIAN_POINT ( 'NONE',  ( 0.000000000000000000, -0.000000000000000000, 20.49999999999999289 ) ) ;
#948 = ORIENTED_EDGE ( 'NONE', *, *, #1810, .T. ) ;
#949 = LINE ( 'NONE', #744, #1731 ) ;
#950 = ORIENTED_EDGE ( 'NONE', *, *, #1708, .F. ) ;
#951 = EDGE_LOOP ( 'NONE', ( #1886, #920, #540, #2117, #233, #591, #981, #445 ) ) ;
#952 = EDGE_CURVE ( 'NONE', #1115, #1983, #1114, .T. ) ;
#953 = DIRECTION ( 'NONE',  ( 0.000000000000000000, 0.000000000000000000, 1.000000000000000000 ) ) ;
#954 = CIRCLE ( 'NONE', #1856, 1.024999999999987699 ) ;
#955 = ORIENTED_EDGE ( 'NONE', *, *, #1233, .T. ) ;
#956 = DIRECTION ( 'NONE',  ( -0.000000000000000000, -1.000000000000000000, -0.000000000000000000 ) ) ;
#957 = CIRCLE ( 'NONE', #1864, 1.024999999999991251 ) ;
#958 = CARTESIAN_POINT ( 'NONE',  ( -16.00000000000001421, 10.30000000000000071, -17.99999999999999645 ) ) ;
#959 = DIRECTION ( 'NONE',  ( 0.000000000000000000, 0.000000000000000000, -1.000000000000000000 ) ) ;
#960 = CARTESIAN_POINT ( 'NONE',  ( -3.000000000000013323, 10.30000000000000071, 15.49999999999999467 ) ) ;
#961 = ORIENTED_EDGE ( 'NONE', *, *, #365, .T. ) ;
#962 = VERTEX_POINT ( 'NONE', #1805 ) ;
#963 = DIRECTION ( 'NONE',  ( 0.000000000000000000, -1.000000000000000000, 0.000000000000000000 ) ) ;
#964 = DIRECTION ( 'NONE',  ( 2.168404344971008868E-16, 0.000000000000000000, -1.000000000000000000 ) ) ;
#965 = CYLINDRICAL_SURFACE ( 'NONE', #1902, 2.999999999999995559 ) ;
#966 = LINE ( 'NONE', #1867, #1918 ) ;
#967 = DIRECTION ( 'NONE',  ( -0.000000000000000000, -1.000000000000000000, -0.000000000000000000 ) ) ;
#968 = ADVANCED_FACE ( 'NONE', ( #1287 ), #2148, .F. ) ;
#969 = ORIENTED_EDGE ( 'NONE', *, *, #1606, .T. ) ;
#970 = EDGE_CURVE ( 'NONE', #1745, #133, #2020, .T. ) ;
#971 = ORIENTED_EDGE ( 'NONE', *, *, #645, .F. ) ;
#972 = DIRECTION ( 'NONE',  ( 0.000000000000000000, -0.000000000000000000, -1.000000000000000000 ) ) ;
#973 = AXIS2_PLACEMENT_3D ( 'NONE', #1647, #829, #2181 ) ;
#974 = EDGE_LOOP ( 'NONE', ( #1495, #532 ) ) ;
#975 = ORIENTED_EDGE ( 'NONE', *, *, #1203, .F. ) ;
#976 = DIRECTION ( 'NONE',  ( -0.000000000000000000, -1.000000000000000000, -0.000000000000000000 ) ) ;
#977 = DIRECTION ( 'NONE',  ( 0.000000000000000000, 0.000000000000000000, 1.000000000000000000 ) ) ;
#978 = FACE_OUTER_BOUND ( 'NONE', #1965, .T. ) ;
#979 = CARTESIAN_POINT ( 'NONE',  ( -10.00000000000001243, 11.50000000000000000, -8.750000000000001776 ) ) ;
#980 = CARTESIAN_POINT ( 'NONE',  ( 0.000000000000000000, 10.30000000000000071, -4.000000000000009770 ) ) ;
#981 = ORIENTED_EDGE ( 'NONE', *, *, #339, .T. ) ;
#982 = CARTESIAN_POINT ( 'NONE',  ( 5.999999999999983125, 10.30000000000000071, 17.50000000000000355 ) ) ;
#983 = ADVANCED_FACE ( 'NONE', ( #394 ), #1984, .F. ) ;
#984 = CIRCLE ( 'NONE', #1852, 1.250000000000001110 ) ;
#985 = ADVANCED_FACE ( 'NONE', ( #2127 ), #1255, .T. ) ;
#986 = AXIS2_PLACEMENT_3D ( 'NONE', #1139, #85, #1367 ) ;
#987 = VERTEX_POINT ( 'NONE', #1179 ) ;
#988 = DIRECTION ( 'NONE',  ( -0.000000000000000000, -1.000000000000000000, -0.000000000000000000 ) ) ;
#989 = DIRECTION ( 'NONE',  ( -0.000000000000000000, -1.000000000000000000, -0.000000000000000000 ) ) ;
#990 = CARTESIAN_POINT ( 'NONE',  ( -15.00000000000001421, 0.000000000000000000, 6.499999999999999112 ) ) ;
#991 = AXIS2_PLACEMENT_3D ( 'NONE', #89, #815, #629 ) ;
#992 = LINE ( 'NONE', #2027, #633 ) ;
#993 = ORIENTED_EDGE ( 'NONE', *, *, #1239, .F. ) ;
#994 = ORIENTED_EDGE ( 'NONE', *, *, #812, .T. ) ;
#995 = AXIS2_PLACEMENT_3D ( 'NONE', #1638, #43, #977 ) ;
#996 = DIRECTION ( 'NONE',  ( -0.000000000000000000, -1.000000000000000000, -0.000000000000000000 ) ) ;
#997 = EDGE_LOOP ( 'NONE', ( #308, #816, #354, #927, #458, #33, #201, #2041 ) ) ;
#998 = CARTESIAN_POINT ( 'NONE',  ( -15.00000000000001421, 10.30000000000000071, -15.50000000000000178 ) ) ;
#999 = EDGE_CURVE ( 'NONE', #144, #1379, #814, .T. ) ;
#1000 = PLANE ( 'NONE',  #769 ) ;
#1001 = DIRECTION ( 'NONE',  ( 1.000000000000000000, 0.000000000000000000, 0.000000000000000000 ) ) ;
#1002 = CARTESIAN_POINT ( 'NONE',  ( 5.999999999999983125, 1.199999999999999734, 17.50000000000000355 ) ) ;
#1003 = ORIENTED_EDGE ( 'NONE', *, *, #2289, .F. ) ;
#1004 = VERTEX_POINT ( 'NONE', #1166 ) ;
#1006 = EDGE_CURVE ( 'NONE', #911, #221, #1324, .T. ) ;
#1005 = CARTESIAN_POINT ( 'NONE',  ( 17.49999999999998934, 6.349999999999996980, 18.00000000000000000 ) ) ;
#1007 = VECTOR ( 'NONE', #1536, 1000.000000000000000 ) ;
#1008 = CARTESIAN_POINT ( 'NONE',  ( 0.000000000000000000, 10.30000000000000071, 4.000000000000005329 ) ) ;
#1009 = EDGE_LOOP ( 'NONE', ( #1355, #1341, #1640, #194 ) ) ;
#1010 = CARTESIAN_POINT ( 'NONE',  ( 9.999999999999987566, 11.50000000000000000, 8.749999999999998224 ) ) ;
#1011 = EDGE_CURVE ( 'NONE', #414, #1127, #88, .T. ) ;
#1012 = CARTESIAN_POINT ( 'NONE',  ( -16.00000000000001421, 10.30000000000000071, -15.50000000000000178 ) ) ;
#1013 = EDGE_CURVE ( 'NONE', #160, #1567, #904, .T. ) ;
#1014 = CARTESIAN_POINT ( 'NONE',  ( -6.000000000000005329, 10.30000000000000071, 15.49999999999998401 ) ) ;
#1015 = FACE_OUTER_BOUND ( 'NONE', #465, .T. ) ;
#1016 = CARTESIAN_POINT ( 'NONE',  ( -6.500000000000011546, 0.000000000000000000, 18.50000000000000355 ) ) ;
#1017 = DIRECTION ( 'NONE',  ( -0.000000000000000000, 1.000000000000000000, -0.000000000000000000 ) ) ;
#1018 = ORIENTED_EDGE ( 'NONE', *, *, #274, .T. ) ;
#1019 = CARTESIAN_POINT ( 'NONE',  ( 6.499999999999987566, 1.199999999999999956, 18.50000000000000355 ) ) ;
#1020 = ORIENTED_EDGE ( 'NONE', *, *, #917, .T. ) ;
#1021 = AXIS2_PLACEMENT_3D ( 'NONE', #189, #1757, #1083 ) ;
#1022 = PLANE ( 'NONE',  #1309 ) ;
#1023 = CYLINDRICAL_SURFACE ( 'NONE', #393, 2.499999999999993339 ) ;
#1024 = FACE_BOUND ( 'NONE', #147, .T. ) ;
#1025 = CARTESIAN_POINT ( 'NONE',  ( 17.49999999999998934, 0.000000000000000000, 7.024999999999987033 ) ) ;
#1026 = CIRCLE ( 'NONE', #991, 2.999999999999995559 ) ;
#1027 = PLANE ( 'NONE',  #1181 ) ;
#1028 = ORIENTED_EDGE ( 'NONE', *, *, #651, .T. ) ;
#1029 = ORIENTED_EDGE ( 'NONE', *, *, #1573, .F. ) ;
#1030 = CARTESIAN_POINT ( 'NONE',  ( -10.00000000000001243, 11.50000000000000000, 11.24999999999999822 ) ) ;
#1031 = DIRECTION ( 'NONE',  ( 1.000000000000000000, 0.000000000000000000, 0.000000000000000000 ) ) ;
#1032 = ADVANCED_FACE ( 'NONE', ( #1878 ), #1143, .T. ) ;
#1033 = CARTESIAN_POINT ( 'NONE',  ( -3.000000000000013323, -0.000000000000000000, 12.50000000000000178 ) ) ;
#1034 = FACE_BOUND ( 'NONE', #865, .T. ) ;
#1035 = CARTESIAN_POINT ( 'NONE',  ( 2.999999999999989786, 0.000000000000000000, -12.49999999999999822 ) ) ;
#1036 = ORIENTED_EDGE ( 'NONE', *, *, #590, .F. ) ;
#1037 = CARTESIAN_POINT ( 'NONE',  ( 9.999999999999987566, 11.50000000000000000, -8.750000000000001776 ) ) ;
#1038 = EDGE_LOOP ( 'NONE', ( #1940, #1162, #1497, #141 ) ) ;
#1039 = EDGE_CURVE ( 'NONE', #743, #2279, #2212, .T. ) ;
#1040 = AXIS2_PLACEMENT_3D ( 'NONE', #1297, #1121, #1813 ) ;
#1041 = ORIENTED_EDGE ( 'NONE', *, *, #520, .F. ) ;
#1042 = LINE ( 'NONE', #710, #256 ) ;
#1043 = ORIENTED_EDGE ( 'NONE', *, *, #2157, .T. ) ;
#1044 = CARTESIAN_POINT ( 'NONE',  ( -5.999999999999949374, -0.000000000000000000, -2.058249404246464263E-14 ) ) ;
#1045 = AXIS2_PLACEMENT_3D ( 'NONE', #63, #1714, #487 ) ;
#1046 = DIRECTION ( 'NONE',  ( -0.000000000000000000, -1.000000000000000000, -0.000000000000000000 ) ) ;
#1047 = CARTESIAN_POINT ( 'NONE',  ( -10.00000000000001243, 11.50000000000000000, -8.750000000000000000 ) ) ;
#1048 = CARTESIAN_POINT ( 'NONE',  ( 9.999999999999987566, 11.50000000000000000, -10.00000000000000178 ) ) ;
#1049 = ORIENTED_EDGE ( 'NONE', *, *, #681, .F. ) ;
#1050 = CARTESIAN_POINT ( 'NONE',  ( -6.000000000000008882, 10.30000000000000071, 17.49999999999998579 ) ) ;
#1051 = VERTEX_POINT ( 'NONE', #1526 ) ;
#1052 = EDGE_LOOP ( 'NONE', ( #671, #1411 ) ) ;
#1053 = EDGE_CURVE ( 'NONE', #1207, #1773, #616, .T. ) ;
#1054 = CARTESIAN_POINT ( 'NONE',  ( 2.999999999999986677, 1.199999999999999734, 15.49999999999999467 ) ) ;
#1055 = ORIENTED_EDGE ( 'NONE', *, *, #1006, .F. ) ;
#1056 = AXIS2_PLACEMENT_3D ( 'NONE', #235, #932, #1988 ) ;
#1057 = DIRECTION ( 'NONE',  ( -0.000000000000000000, -1.000000000000000000, -0.000000000000000000 ) ) ;
#1058 = VECTOR ( 'NONE', #753, 1000.000000000000000 ) ;
#1059 = AXIS2_PLACEMENT_3D ( 'NONE', #1919, #1909, #326 ) ;
#1060 = DIRECTION ( 'NONE',  ( 2.168404344971008868E-16, 0.000000000000000000, -1.000000000000000000 ) ) ;
#1061 = DIRECTION ( 'NONE',  ( 0.000000000000000000, 0.000000000000000000, -1.000000000000000000 ) ) ;
#1062 = CARTESIAN_POINT ( 'NONE',  ( -6.500000000000011546, 1.199999999999999956, 18.50000000000000355 ) ) ;
#1063 = EDGE_LOOP ( 'NONE', ( #471, #864 ) ) ;
#1064 = ORIENTED_EDGE ( 'NONE', *, *, #1557, .F. ) ;
#1065 = AXIS2_PLACEMENT_3D ( 'NONE', #1140, #593, #1687 ) ;
#1066 = CARTESIAN_POINT ( 'NONE',  ( -18.50000000000000355, 10.30000000000000071, -1.426328191358708126E-14 ) ) ;
#1067 = VECTOR ( 'NONE', #1789, 1000.000000000000000 ) ;
#1068 = EDGE_CURVE ( 'NONE', #1598, #543, #966, .T. ) ;
#1069 = ORIENTED_EDGE ( 'NONE', *, *, #1053, .T. ) ;
#1070 = DIRECTION ( 'NONE',  ( 1.000000000000000000, 0.000000000000000000, 0.000000000000000000 ) ) ;
#1071 = PLANE ( 'NONE',  #1749 ) ;
#1072 = ORIENTED_EDGE ( 'NONE', *, *, #1006, .T. ) ;
#1073 = LINE ( 'NONE', #129, #2076 ) ;
#1074 = ORIENTED_EDGE ( 'NONE', *, *, #1927, .F. ) ;
#1075 = DIRECTION ( 'NONE',  ( -0.000000000000000000, -1.000000000000000000, -0.000000000000000000 ) ) ;
#1076 = CIRCLE ( 'NONE', #59, 1.249999999999997558 ) ;
#1077 = CARTESIAN_POINT ( 'NONE',  ( -16.00000000000001421, 10.30000000000000071, 4.000000000000005329 ) ) ;
#1078 = ADVANCED_FACE ( 'NONE', ( #1854 ), #2002, .F. ) ;
#1079 = VECTOR ( 'NONE', #1307, 1000.000000000000000 ) ;
#1080 = EDGE_CURVE ( 'NONE', #709, #1279, #778, .T. ) ;
#1081 = EDGE_CURVE ( 'NONE', #1146, #1291, #264, .T. ) ;
#1082 = DIRECTION ( 'NONE',  ( 0.000000000000000000, 0.000000000000000000, 1.000000000000000000 ) ) ;
#1083 = DIRECTION ( 'NONE',  ( 0.000000000000000000, 0.000000000000000000, -1.000000000000000000 ) ) ;
#1084 = ORIENTED_EDGE ( 'NONE', *, *, #836, .T. ) ;
#1085 = DIRECTION ( 'NONE',  ( 0.000000000000000000, -1.000000000000000000, 0.000000000000000000 ) ) ;
#1086 = EDGE_LOOP ( 'NONE', ( #881, #508, #845, #1353 ) ) ;
#1087 = ORIENTED_EDGE ( 'NONE', *, *, #1624, .T. ) ;
#1088 = PLANE ( 'NONE',  #151 ) ;
#1089 = AXIS2_PLACEMENT_3D ( 'NONE', #1834, #1319, #279 ) ;
#1090 =( NAMED_UNIT ( * ) SI_UNIT ( $, .STERADIAN. ) SOLID_ANGLE_UNIT ( ) );
#1091 = CARTESIAN_POINT ( 'NONE',  ( -6.500000000000011546, 0.000000000000000000, 18.50000000000000355 ) ) ;
#1092 = VECTOR ( 'NONE', #2258, 1000.000000000000000 ) ;
#1093 = DIRECTION ( 'NONE',  ( 0.000000000000000000, 0.000000000000000000, -1.000000000000000000 ) ) ;
#1094 = ORIENTED_EDGE ( 'NONE', *, *, #446, .F. ) ;
#1095 = CARTESIAN_POINT ( 'NONE',  ( -15.00000000000001066, 10.30000000000000071, -6.500000000000002665 ) ) ;
#1096 = VERTEX_POINT ( 'NONE', #787 ) ;
#1097 = ORIENTED_EDGE ( 'NONE', *, *, #614, .T. ) ;
#1098 = DIRECTION ( 'NONE',  ( 0.000000000000000000, 0.000000000000000000, -1.000000000000000000 ) ) ;
#1099 = CIRCLE ( 'NONE', #922, 1.249999999999997558 ) ;
#1100 = SHAPE_DEFINITION_REPRESENTATION ( #2233, #100 ) ;
#1101 = CARTESIAN_POINT ( 'NONE',  ( 5.828427124746175636, 0.000000000000000000, 14.50000000000000178 ) ) ;
#1102 = CYLINDRICAL_SURFACE ( 'NONE', #2224, 2.999999999999997335 ) ;
#1103 = VERTEX_POINT ( 'NONE', #2225 ) ;
#1104 = FACE_OUTER_BOUND ( 'NONE', #360, .T. ) ;
#1105 = ORIENTED_EDGE ( 'NONE', *, *, #944, .T. ) ;
#1106 = ORIENTED_EDGE ( 'NONE', *, *, #38, .T. ) ;
#1107 = EDGE_CURVE ( 'NONE', #81, #333, #240, .T. ) ;
#1108 = CARTESIAN_POINT ( 'NONE',  ( -3.000000000000013323, 10.30000000000000071, 12.50000000000000178 ) ) ;
#1109 = ORIENTED_EDGE ( 'NONE', *, *, #1514, .T. ) ;
#1110 = EDGE_CURVE ( 'NONE', #2281, #1176, #217, .T. ) ;
#1111 = LINE ( 'NONE', #1501, #1829 ) ;
#1112 = VECTOR ( 'NONE', #1610, 1000.000000000000000 ) ;
#1113 = EDGE_LOOP ( 'NONE', ( #2168, #118, #1908, #1227 ) ) ;
#1114 = LINE ( 'NONE', #1962, #1144 ) ;
#1115 = VERTEX_POINT ( 'NONE', #54 ) ;
#1116 = ORIENTED_EDGE ( 'NONE', *, *, #198, .T. ) ;
#1117 = DIRECTION ( 'NONE',  ( 0.000000000000000000, -1.000000000000000000, 0.000000000000000000 ) ) ;
#1118 = EDGE_CURVE ( 'NONE', #1621, #485, #745, .T. ) ;
#1119 = DIRECTION ( 'NONE',  ( 0.000000000000000000, -1.000000000000000000, 0.000000000000000000 ) ) ;
#1120 = CARTESIAN_POINT ( 'NONE',  ( 5.828427124746175636, 1.199999999999999734, 14.50000000000000178 ) ) ;
#1121 = DIRECTION ( 'NONE',  ( -0.000000000000000000, 1.000000000000000000, -0.000000000000000000 ) ) ;
#1122 = DIRECTION ( 'NONE',  ( 0.000000000000000000, -1.000000000000000000, 0.000000000000000000 ) ) ;
#1123 = AXIS2_PLACEMENT_3D ( 'NONE', #1562, #653, #1710 ) ;
#1124 = CARTESIAN_POINT ( 'NONE',  ( 17.49999999999998934, 0.000000000000000000, 4.975000000000007638 ) ) ;
#1125 = VERTEX_POINT ( 'NONE', #640 ) ;
#1126 = FACE_OUTER_BOUND ( 'NONE', #707, .T. ) ;
#1127 = VERTEX_POINT ( 'NONE', #2012 ) ;
#1128 = DIRECTION ( 'NONE',  ( -0.000000000000000000, -1.000000000000000000, -0.000000000000000000 ) ) ;
#1129 = ADVANCED_FACE ( 'NONE', ( #978 ), #78, .F. ) ;
#1130 = VECTOR ( 'NONE', #506, 1000.000000000000000 ) ;
#1131 = CARTESIAN_POINT ( 'NONE',  ( -6.500000000000011546, 1.199999999999999956, 18.50000000000000355 ) ) ;
#1132 = AXIS2_PLACEMENT_3D ( 'NONE', #1012, #493, #1730 ) ;
#1133 = CARTESIAN_POINT ( 'NONE',  ( -29.00000000000000355, 0.000000000000000000, 22.00000000000000000 ) ) ;
#1134 = DIRECTION ( 'NONE',  ( -0.000000000000000000, -1.000000000000000000, -0.000000000000000000 ) ) ;
#1135 = ORIENTED_EDGE ( 'NONE', *, *, #603, .T. ) ;
#1136 = VERTEX_POINT ( 'NONE', #1688 ) ;
#1137 = DIRECTION ( 'NONE',  ( -0.000000000000000000, 1.000000000000000000, -0.000000000000000000 ) ) ;
#1138 = UNCERTAINTY_MEASURE_WITH_UNIT (LENGTH_MEASURE( 1.000000000000000082E-05 ), #2296, 'distance_accuracy_value', 'NONE');
#1139 = CARTESIAN_POINT ( 'NONE',  ( 0.000000000000000000, 11.50000000000000000, 0.000000000000000000 ) ) ;
#1140 = CARTESIAN_POINT ( 'NONE',  ( 0.000000000000000000, 5.499999999999999112, 0.000000000000000000 ) ) ;
#1141 = EDGE_CURVE ( 'NONE', #1311, #91, #277, .T. ) ;
#1142 = EDGE_CURVE ( 'NONE', #414, #1051, #835, .T. ) ;
#1143 = PLANE ( 'NONE',  #1261 ) ;
#1144 = VECTOR ( 'NONE', #1793, 1000.000000000000000 ) ;
#1145 = CYLINDRICAL_SURFACE ( 'NONE', #2087, 1.024999999999987699 ) ;
#1146 = VERTEX_POINT ( 'NONE', #113 ) ;
#1147 = ORIENTED_EDGE ( 'NONE', *, *, #1637, .T. ) ;
#1148 = PLANE ( 'NONE',  #1604 ) ;
#1149 = VECTOR ( 'NONE', #298, 1000.000000000000000 ) ;
#1150 = ORIENTED_EDGE ( 'NONE', *, *, #751, .F. ) ;
#1151 = LINE ( 'NONE', #2236, #1238 ) ;
#1152 = CARTESIAN_POINT ( 'NONE',  ( 0.000000000000000000, 10.30000000000000071, 18.00000000000000000 ) ) ;
#1153 = CARTESIAN_POINT ( 'NONE',  ( 17.49999999999998934, 6.349999999999994316, -18.00000000000000355 ) ) ;
#1154 = CARTESIAN_POINT ( 'NONE',  ( -16.00000000000001066, 10.30000000000000071, -6.500000000000002665 ) ) ;
#1155 = ORIENTED_EDGE ( 'NONE', *, *, #388, .F. ) ;
#1156 = EDGE_LOOP ( 'NONE', ( #1563, #1546 ) ) ;
#1157 = DIRECTION ( 'NONE',  ( 1.000000000000000000, 0.000000000000000000, 0.000000000000000000 ) ) ;
#1158 = CIRCLE ( 'NONE', #153, 1.024999999999987699 ) ;
#1159 = VECTOR ( 'NONE', #1972, 1000.000000000000000 ) ;
#1160 = EDGE_CURVE ( 'NONE', #2285, #1936, #1706, .T. ) ;
#1161 = VECTOR ( 'NONE', #1031, 1000.000000000000000 ) ;
#1162 = ORIENTED_EDGE ( 'NONE', *, *, #145, .T. ) ;
#1163 = DIRECTION ( 'NONE',  ( 0.000000000000000000, 0.000000000000000000, -1.000000000000000000 ) ) ;
#1164 = CARTESIAN_POINT ( 'NONE',  ( -18.50000000000000711, 10.30000000000000071, 6.499999999999998224 ) ) ;
#1165 = ORIENTED_EDGE ( 'NONE', *, *, #1761, .T. ) ;
#1166 = CARTESIAN_POINT ( 'NONE',  ( -16.00000000000001421, 0.000000000000000000, -17.99999999999999645 ) ) ;
#1167 = VECTOR ( 'NONE', #188, 1000.000000000000000 ) ;
#1168 = DIRECTION ( 'NONE',  ( -0.000000000000000000, -1.000000000000000000, -0.000000000000000000 ) ) ;
#1169 = ORIENTED_EDGE ( 'NONE', *, *, #290, .F. ) ;
#1170 = ORIENTED_EDGE ( 'NONE', *, *, #349, .T. ) ;
#1171 = CIRCLE ( 'NONE', #1433, 1.249999999999997558 ) ;
#1172 = DIRECTION ( 'NONE',  ( -0.000000000000000000, -1.000000000000000000, -0.000000000000000000 ) ) ;
#1173 = EDGE_CURVE ( 'NONE', #2279, #1691, #1990, .T. ) ;
#1174 = EDGE_CURVE ( 'NONE', #44, #1207, #1626, .T. ) ;
#1175 = DIRECTION ( 'NONE',  ( 0.000000000000000000, 0.000000000000000000, -1.000000000000000000 ) ) ;
#1176 = VERTEX_POINT ( 'NONE', #1304 ) ;
#1177 = DIRECTION ( 'NONE',  ( 1.000000000000000000, 0.000000000000000000, 0.000000000000000000 ) ) ;
#1178 = DIRECTION ( 'NONE',  ( -0.000000000000000000, -1.000000000000000000, -0.000000000000000000 ) ) ;
#1179 = CARTESIAN_POINT ( 'NONE',  ( 17.49999999999998934, 6.349999999999994316, 7.024999999999985256 ) ) ;
#1180 = EDGE_CURVE ( 'NONE', #1402, #1237, #945, .T. ) ;
#1181 = AXIS2_PLACEMENT_3D ( 'NONE', #331, #1588, #2067 ) ;
#1182 = DIRECTION ( 'NONE',  ( 0.000000000000000000, 0.000000000000000000, 1.000000000000000000 ) ) ;
#1183 = LINE ( 'NONE', #1025, #383 ) ;
#1184 = ORIENTED_EDGE ( 'NONE', *, *, #2289, .T. ) ;
#1185 = DIRECTION ( 'NONE',  ( 0.000000000000000000, -1.000000000000000000, 0.000000000000000000 ) ) ;
#1186 = ORIENTED_EDGE ( 'NONE', *, *, #1514, .F. ) ;
#1187 = CIRCLE ( 'NONE', #1296, 1.024999999999987699 ) ;
#1188 = CARTESIAN_POINT ( 'NONE',  ( -3.000000000000012879, 10.30000000000000071, 17.49999999999999645 ) ) ;
#1189 = ORIENTED_EDGE ( 'NONE', *, *, #1952, .T. ) ;
#1190 = DIRECTION ( 'NONE',  ( 1.000000000000000000, 0.000000000000000000, 0.000000000000000000 ) ) ;
#1191 = LINE ( 'NONE', #2049, #1801 ) ;
#1192 = FACE_OUTER_BOUND ( 'NONE', #888, .T. ) ;
#1193 = DIRECTION ( 'NONE',  ( -0.000000000000000000, -1.000000000000000000, -0.000000000000000000 ) ) ;
#1194 = FACE_OUTER_BOUND ( 'NONE', #2151, .T. ) ;
#1195 = VERTEX_POINT ( 'NONE', #634 ) ;
#1196 = ORIENTED_EDGE ( 'NONE', *, *, #831, .F. ) ;
#1197 = VECTOR ( 'NONE', #1157, 1000.000000000000000 ) ;
#1198 = CARTESIAN_POINT ( 'NONE',  ( -15.00000000000001421, 10.30000000000000071, -17.99999999999999645 ) ) ;
#1199 = ORIENTED_EDGE ( 'NONE', *, *, #1781, .F. ) ;
#1200 = VECTOR ( 'NONE', #1825, 1000.000000000000000 ) ;
#1201 = CARTESIAN_POINT ( 'NONE',  ( -6.000000000000005329, 10.30000000000000071, 15.49999999999998401 ) ) ;
#1202 = FACE_OUTER_BOUND ( 'NONE', #929, .T. ) ;
#1203 = EDGE_CURVE ( 'NONE', #485, #143, #121, .T. ) ;
#1204 = ADVANCED_FACE ( 'NONE', ( #1703 ), #785, .F. ) ;
#1205 = CARTESIAN_POINT ( 'NONE',  ( 2.999999999999990674, 10.30000000000000071, -15.50000000000000000 ) ) ;
#1206 = DIRECTION ( 'NONE',  ( 1.734723475976809658E-15, 0.000000000000000000, -1.000000000000000000 ) ) ;
#1207 = VERTEX_POINT ( 'NONE', #1545 ) ;
#1208 = AXIS2_PLACEMENT_3D ( 'NONE', #1627, #1946, #1423 ) ;
#1209 = DIRECTION ( 'NONE',  ( 0.000000000000000000, -0.000000000000000000, -1.000000000000000000 ) ) ;
#1210 = ORIENTED_EDGE ( 'NONE', *, *, #1512, .T. ) ;
#1211 = VERTEX_POINT ( 'NONE', #418 ) ;
#1212 = CARTESIAN_POINT ( 'NONE',  ( 17.49999999999998934, -1.429775138004531790E-15, 5.999999999999997335 ) ) ;
#1213 = ADVANCED_FACE ( 'NONE', ( #2170 ), #237, .F. ) ;
#1214 = FACE_BOUND ( 'NONE', #1973, .T. ) ;
#1215 = DIRECTION ( 'NONE',  ( -3.429548312006147626E-15, 0.000000000000000000, 1.000000000000000000 ) ) ;
#1216 = CARTESIAN_POINT ( 'NONE',  ( -10.00000000000001243, 4.000000000000000000, -10.00000000000000178 ) ) ;
#1217 = EDGE_CURVE ( 'NONE', #1125, #175, #1880, .T. ) ;
#1218 = CYLINDRICAL_SURFACE ( 'NONE', #1712, 1.249999999999999334 ) ;
#1219 = ORIENTED_EDGE ( 'NONE', *, *, #886, .F. ) ;
#1220 = PLANE ( 'NONE',  #1272 ) ;
#1221 = ORIENTED_EDGE ( 'NONE', *, *, #1081, .F. ) ;
#1222 = ORIENTED_EDGE ( 'NONE', *, *, #1081, .T. ) ;
#1223 = DIRECTION ( 'NONE',  ( 3.154042683594195121E-16, 0.000000000000000000, 1.000000000000000000 ) ) ;
#1224 = AXIS2_PLACEMENT_3D ( 'NONE', #990, #456, #291 ) ;
#1225 = CYLINDRICAL_SURFACE ( 'NONE', #502, 1.249999999999999334 ) ;
#1226 = CARTESIAN_POINT ( 'NONE',  ( 17.49999999999998934, 0.000000000000000000, -6.000000000000002665 ) ) ;
#1227 = ORIENTED_EDGE ( 'NONE', *, *, #2057, .T. ) ;
#1228 = DIRECTION ( 'NONE',  ( -0.000000000000000000, -1.000000000000000000, -0.000000000000000000 ) ) ;
#1229 = ORIENTED_EDGE ( 'NONE', *, *, #1283, .T. ) ;
#1230 = CARTESIAN_POINT ( 'NONE',  ( -18.50000000000001421, 10.30000000000000071, 15.50000000000000000 ) ) ;
#1231 = VERTEX_POINT ( 'NONE', #580 ) ;
#1232 = VECTOR ( 'NONE', #146, 1000.000000000000000 ) ;
#1233 = EDGE_CURVE ( 'NONE', #1146, #891, #1187, .T. ) ;
#1234 = CARTESIAN_POINT ( 'NONE',  ( -5.999999999999952038, 10.30000000000000071, -15.50000000000001066 ) ) ;
#1235 = VECTOR ( 'NONE', #1436, 1000.000000000000000 ) ;
#1236 = DIRECTION ( 'NONE',  ( -0.000000000000000000, -1.000000000000000000, -0.000000000000000000 ) ) ;
#1237 = VERTEX_POINT ( 'NONE', #592 ) ;
#1238 = VECTOR ( 'NONE', #988, 1000.000000000000000 ) ;
#1239 = EDGE_CURVE ( 'NONE', #1115, #612, #181, .T. ) ;
#1240 = FACE_OUTER_BOUND ( 'NONE', #2205, .T. ) ;
#1241 = DIRECTION ( 'NONE',  ( -1.000000000000000000, 0.000000000000000000, -0.000000000000000000 ) ) ;
#1242 = ORIENTED_EDGE ( 'NONE', *, *, #1248, .T. ) ;
#1243 = DIRECTION ( 'NONE',  ( -0.000000000000000000, 1.000000000000000000, -0.000000000000000000 ) ) ;
#1244 = EDGE_LOOP ( 'NONE', ( #2242, #21, #830, #573 ) ) ;
#1245 = DIRECTION ( 'NONE',  ( 6.216092455583564540E-15, 0.000000000000000000, -1.000000000000000000 ) ) ;
#1246 = CIRCLE ( 'NONE', #1065, 8.250000000000000000 ) ;
#1247 = ADVANCED_FACE ( 'NONE', ( #1872 ), #2070, .T. ) ;
#1248 = EDGE_CURVE ( 'NONE', #1291, #223, #248, .T. ) ;
#1249 = DIRECTION ( 'NONE',  ( 0.000000000000000000, 0.000000000000000000, 1.000000000000000000 ) ) ;
#1250 = VECTOR ( 'NONE', #1877, 1000.000000000000000 ) ;
#1251 = CARTESIAN_POINT ( 'NONE',  ( 0.000000000000000000, 0.000000000000000000, 0.000000000000000000 ) ) ;
#1252 = LINE ( 'NONE', #1596, #802 ) ;
#1253 = LINE ( 'NONE', #1803, #600 ) ;
#1254 = ORIENTED_EDGE ( 'NONE', *, *, #737, .T. ) ;
#1255 = PLANE ( 'NONE',  #209 ) ;
#1256 = ORIENTED_EDGE ( 'NONE', *, *, #1888, .T. ) ;
#1257 = ORIENTED_EDGE ( 'NONE', *, *, #461, .T. ) ;
#1258 = DIRECTION ( 'NONE',  ( 0.000000000000000000, 0.000000000000000000, -1.000000000000000000 ) ) ;
#1259 = VECTOR ( 'NONE', #892, 1000.000000000000000 ) ;
#1260 = CARTESIAN_POINT ( 'NONE',  ( 9.999999999999987566, 11.50000000000000000, -10.00000000000000178 ) ) ;
#1261 = AXIS2_PLACEMENT_3D ( 'NONE', #1833, #2192, #430 ) ;
#1262 = DIRECTION ( 'NONE',  ( -3.154042683594195121E-16, -0.000000000000000000, -1.000000000000000000 ) ) ;
#1263 = DIRECTION ( 'NONE',  ( 1.000000000000000000, 0.000000000000000000, 0.000000000000000000 ) ) ;
#1264 = EDGE_LOOP ( 'NONE', ( #1399, #2098, #623, #1517 ) ) ;
#1265 = CYLINDRICAL_SURFACE ( 'NONE', #1658, 2.999999999999999112 ) ;
#1266 = VERTEX_POINT ( 'NONE', #1659 ) ;
#1267 = EDGE_LOOP ( 'NONE', ( #1814, #1806, #948, #1184 ) ) ;
#1268 = ORIENTED_EDGE ( 'NONE', *, *, #2050, .T. ) ;
#1269 = LINE ( 'NONE', #598, #2033 ) ;
#1270 = EDGE_CURVE ( 'NONE', #1611, #1231, #1661, .T. ) ;
#1271 = LINE ( 'NONE', #197, #2128 ) ;
#1272 = AXIS2_PLACEMENT_3D ( 'NONE', #908, #1735, #2253 ) ;
#1273 = DIRECTION ( 'NONE',  ( -0.000000000000000000, -1.000000000000000000, -0.000000000000000000 ) ) ;
#1274 = CIRCLE ( 'NONE', #261, 1.024999999999991251 ) ;
#1275 = CARTESIAN_POINT ( 'NONE',  ( 0.000000000000000000, -0.000000000000000000, 12.50000000000000178 ) ) ;
#1276 = VERTEX_POINT ( 'NONE', #1636 ) ;
#1277 = CARTESIAN_POINT ( 'NONE',  ( 0.000000000000000000, 11.50000000000000000, 0.000000000000000000 ) ) ;
#1278 = ADVANCED_FACE ( 'NONE', ( #475 ), #1521, .F. ) ;
#1279 = VERTEX_POINT ( 'NONE', #1356 ) ;
#1280 = ORIENTED_EDGE ( 'NONE', *, *, #627, .T. ) ;
#1281 = FACE_OUTER_BOUND ( 'NONE', #2141, .T. ) ;
#1282 = CIRCLE ( 'NONE', #1208, 2.999999999999997335 ) ;
#1283 = EDGE_CURVE ( 'NONE', #61, #1857, #662, .T. ) ;
#1284 = AXIS2_PLACEMENT_3D ( 'NONE', #1152, #776, #2182 ) ;
#1285 = DIRECTION ( 'NONE',  ( 0.000000000000000000, 0.000000000000000000, -1.000000000000000000 ) ) ;
#1286 = ORIENTED_EDGE ( 'NONE', *, *, #1724, .T. ) ;
#1287 = FACE_OUTER_BOUND ( 'NONE', #2216, .T. ) ;
#1288 = ADVANCED_FACE ( 'NONE', ( #283 ), #2060, .F. ) ;
#1289 = MANIFOLD_SOLID_BREP ( 'Cut-Extrude4', #6 ) ;
#1290 = ORIENTED_EDGE ( 'NONE', *, *, #2229, .T. ) ;
#1291 = VERTEX_POINT ( 'NONE', #334 ) ;
#1292 = LINE ( 'NONE', #16, #375 ) ;
#1293 = EDGE_LOOP ( 'NONE', ( #1049, #358, #2071, #1595 ) ) ;
#1294 = DIRECTION ( 'NONE',  ( 0.000000000000000000, 0.000000000000000000, -1.000000000000000000 ) ) ;
#1295 = DIRECTION ( 'NONE',  ( 0.000000000000000000, 0.000000000000000000, -1.000000000000000000 ) ) ;
#1296 = AXIS2_PLACEMENT_3D ( 'NONE', #107, #2234, #227 ) ;
#1297 = CARTESIAN_POINT ( 'NONE',  ( -10.00000000000001243, 11.50000000000000000, 9.999999999999998224 ) ) ;
#1298 = CARTESIAN_POINT ( 'NONE',  ( 17.49999999999998934, -1.429775138004531790E-15, 18.00000000000000000 ) ) ;
#1299 = VERTEX_POINT ( 'NONE', #2097 ) ;
#1300 = ORIENTED_EDGE ( 'NONE', *, *, #1795, .F. ) ;
#1301 = CYLINDRICAL_SURFACE ( 'NONE', #1056, 2.499999999999992006 ) ;
#1302 = VERTEX_POINT ( 'NONE', #854 ) ;
#1303 = EDGE_CURVE ( 'NONE', #1004, #1691, #1928, .T. ) ;
#1304 = CARTESIAN_POINT ( 'NONE',  ( -12.50000000000001776, 0.000000000000000000, 6.499999999999999112 ) ) ;
#1305 = PLANE ( 'NONE',  #1540 ) ;
#1306 = AXIS2_PLACEMENT_3D ( 'NONE', #92, #460, #972 ) ;
#1307 = DIRECTION ( 'NONE',  ( -3.430415673744136424E-15, 0.000000000000000000, 1.000000000000000000 ) ) ;
#1308 = CARTESIAN_POINT ( 'NONE',  ( 0.000000000000000000, 10.30000000000000071, 0.000000000000000000 ) ) ;
#1309 = AXIS2_PLACEMENT_3D ( 'NONE', #452, #2062, #428 ) ;
#1310 = ORIENTED_EDGE ( 'NONE', *, *, #1488, .T. ) ;
#1311 = VERTEX_POINT ( 'NONE', #1377 ) ;
#1312 = DIRECTION ( 'NONE',  ( 0.000000000000000000, -0.000000000000000000, 1.000000000000000000 ) ) ;
#1313 = EDGE_CURVE ( 'NONE', #294, #2029, #1332, .T. ) ;
#1314 = CARTESIAN_POINT ( 'NONE',  ( 17.49999999999998934, 6.349999999999994316, -16.97500000000001563 ) ) ;
#1315 = EDGE_CURVE ( 'NONE', #1333, #1961, #1042, .T. ) ;
#1316 = AXIS2_PLACEMENT_3D ( 'NONE', #1435, #889, #1285 ) ;
#1317 = CARTESIAN_POINT ( 'NONE',  ( -15.00000000000001421, 0.000000000000000000, 15.50000000000000000 ) ) ;
#1318 = DIRECTION ( 'NONE',  ( -0.000000000000000000, 1.000000000000000000, -0.000000000000000000 ) ) ;
#1319 = DIRECTION ( 'NONE',  ( 0.000000000000000000, -1.000000000000000000, 0.000000000000000000 ) ) ;
#1320 = FACE_OUTER_BOUND ( 'NONE', #819, .T. ) ;
#1321 = ORIENTED_EDGE ( 'NONE', *, *, #766, .F. ) ;
#1322 = LINE ( 'NONE', #2016, #1967 ) ;
#1323 = EDGE_LOOP ( 'NONE', ( #660, #703, #1374, #299 ) ) ;
#1324 = CIRCLE ( 'NONE', #2245, 1.024999999999987699 ) ;
#1325 = DIRECTION ( 'NONE',  ( -0.000000000000000000, 1.000000000000000000, -0.000000000000000000 ) ) ;
#1326 = DIRECTION ( 'NONE',  ( 1.000000000000000000, 0.000000000000000000, 0.000000000000000000 ) ) ;
#1327 = DIRECTION ( 'NONE',  ( 0.000000000000000000, 0.000000000000000000, -1.000000000000000000 ) ) ;
#1328 = DIRECTION ( 'NONE',  ( -0.000000000000000000, 1.000000000000000000, -0.000000000000000000 ) ) ;
#1329 = ORIENTED_EDGE ( 'NONE', *, *, #2259, .T. ) ;
#1330 = ORIENTED_EDGE ( 'NONE', *, *, #1606, .F. ) ;
#1331 = CARTESIAN_POINT ( 'NONE',  ( 0.000000000000000000, 0.000000000000000000, -4.000000000000009770 ) ) ;
#1332 = CIRCLE ( 'NONE', #448, 2.999999999999997335 ) ;
#1333 = VERTEX_POINT ( 'NONE', #1418 ) ;
#1334 = DIRECTION ( 'NONE',  ( 0.000000000000000000, -1.000000000000000000, 0.000000000000000000 ) ) ;
#1335 = FACE_OUTER_BOUND ( 'NONE', #1632, .T. ) ;
#1336 = DIRECTION ( 'NONE',  ( -0.000000000000000000, -1.000000000000000000, -0.000000000000000000 ) ) ;
#1337 = VECTOR ( 'NONE', #457, 1000.000000000000000 ) ;
#1338 = ADVANCED_FACE ( 'NONE', ( #1941 ), #1558, .F. ) ;
#1339 = CARTESIAN_POINT ( 'NONE',  ( 17.49999999999998934, -1.429775138004531790E-15, 5.999999999999997335 ) ) ;
#1340 = EDGE_CURVE ( 'NONE', #1419, #962, #2118, .T. ) ;
#1341 = ORIENTED_EDGE ( 'NONE', *, *, #2099, .F. ) ;
#1342 = ORIENTED_EDGE ( 'NONE', *, *, #461, .F. ) ;
#1343 = DIRECTION ( 'NONE',  ( 1.000000000000000000, 0.000000000000000000, -0.000000000000000000 ) ) ;
#1344 = AXIS2_PLACEMENT_3D ( 'NONE', #524, #512, #1223 ) ;
#1345 = DIRECTION ( 'NONE',  ( -2.168404344971008868E-16, 0.000000000000000000, 1.000000000000000000 ) ) ;
#1346 = ORIENTED_EDGE ( 'NONE', *, *, #856, .T. ) ;
#1347 = FACE_OUTER_BOUND ( 'NONE', #296, .T. ) ;
#1348 = EDGE_CURVE ( 'NONE', #1502, #1598, #71, .T. ) ;
#1349 = CARTESIAN_POINT ( 'NONE',  ( 2.999999999999990230, 10.30000000000000071, -17.50000000000000000 ) ) ;
#1350 = DIRECTION ( 'NONE',  ( -0.000000000000000000, -1.000000000000000000, -0.000000000000000000 ) ) ;
#1351 = DIRECTION ( 'NONE',  ( -0.000000000000000000, 1.000000000000000000, -0.000000000000000000 ) ) ;
#1352 = DIRECTION ( 'NONE',  ( -0.000000000000000000, -1.000000000000000000, -0.000000000000000000 ) ) ;
#1353 = ORIENTED_EDGE ( 'NONE', *, *, #2083, .T. ) ;
#1354 = CARTESIAN_POINT ( 'NONE',  ( 9.999999999999987566, 11.50000000000000000, -11.25000000000000178 ) ) ;
#1355 = ORIENTED_EDGE ( 'NONE', *, *, #2226, .F. ) ;
#1356 = CARTESIAN_POINT ( 'NONE',  ( 29.00000000000000000, 0.000000000000000000, 22.00000000000000000 ) ) ;
#1357 = ORIENTED_EDGE ( 'NONE', *, *, #1142, .T. ) ;
#1358 = DIRECTION ( 'NONE',  ( 0.000000000000000000, 0.000000000000000000, 1.000000000000000000 ) ) ;
#1359 = FACE_OUTER_BOUND ( 'NONE', #880, .T. ) ;
#1360 = CARTESIAN_POINT ( 'NONE',  ( -18.50000000000000355, 10.30000000000000071, 0.000000000000000000 ) ) ;
#1361 = CARTESIAN_POINT ( 'NONE',  ( 9.999999999999987566, 4.000000000000000000, 9.999999999999998224 ) ) ;
#1362 = LINE ( 'NONE', #1938, #896 ) ;
#1363 = ORIENTED_EDGE ( 'NONE', *, *, #1248, .F. ) ;
#1364 = AXIS2_PLACEMENT_3D ( 'NONE', #1019, #659, #964 ) ;
#1365 = DIRECTION ( 'NONE',  ( 3.430415673744137212E-15, 0.000000000000000000, -1.000000000000000000 ) ) ;
#1366 = ORIENTED_EDGE ( 'NONE', *, *, #1981, .F. ) ;
#1367 = DIRECTION ( 'NONE',  ( 0.000000000000000000, 0.000000000000000000, 1.000000000000000000 ) ) ;
#1368 = ADVANCED_FACE ( 'NONE', ( #2282 ), #501, .F. ) ;
#1369 = CARTESIAN_POINT ( 'NONE',  ( -29.00000000000000355, 11.50000000000000000, 22.00000000000000000 ) ) ;
#1370 = DIRECTION ( 'NONE',  ( 0.000000000000000000, -1.000000000000000000, 0.000000000000000000 ) ) ;
#1371 = CYLINDRICAL_SURFACE ( 'NONE', #795, 2.999999999999999112 ) ;
#1372 = AXIS2_PLACEMENT_3D ( 'NONE', #1786, #576, #1826 ) ;
#1373 = CARTESIAN_POINT ( 'NONE',  ( -10.00000000000001243, 11.50000000000000000, -11.25000000000000178 ) ) ;
#1374 = ORIENTED_EDGE ( 'NONE', *, *, #339, .F. ) ;
#1375 = ORIENTED_EDGE ( 'NONE', *, *, #739, .T. ) ;
#1376 = VECTOR ( 'NONE', #2030, 1000.000000000000000 ) ;
#1377 = CARTESIAN_POINT ( 'NONE',  ( -6.500000000000010658, 1.199999999999999956, 14.50000000000000178 ) ) ;
#1378 = AXIS2_PLACEMENT_3D ( 'NONE', #1361, #2265, #679 ) ;
#1379 = VERTEX_POINT ( 'NONE', #159 ) ;
#1380 = AXIS2_PLACEMENT_3D ( 'NONE', #624, #466, #109 ) ;
#1381 = FACE_BOUND ( 'NONE', #654, .T. ) ;
#1382 = EDGE_CURVE ( 'NONE', #1468, #175, #698, .T. ) ;
#1383 = EDGE_CURVE ( 'NONE', #449, #1125, #1774, .T. ) ;
#1384 = CARTESIAN_POINT ( 'NONE',  ( -10.00000000000001243, 4.000000000000000000, -11.25000000000000000 ) ) ;
#1385 = EDGE_CURVE ( 'NONE', #1951, #1484, #788, .T. ) ;
#1386 = FACE_OUTER_BOUND ( 'NONE', #404, .T. ) ;
#1387 = DIRECTION ( 'NONE',  ( 0.000000000000000000, -1.000000000000000000, 0.000000000000000000 ) ) ;
#1388 = ORIENTED_EDGE ( 'NONE', *, *, #1981, .T. ) ;
#1389 = VECTOR ( 'NONE', #538, 1000.000000000000000 ) ;
#1390 = DIRECTION ( 'NONE',  ( 0.000000000000000000, -1.000000000000000000, 0.000000000000000000 ) ) ;
#1391 = AXIS2_PLACEMENT_3D ( 'NONE', #1535, #2238, #2073 ) ;
#1392 = EDGE_LOOP ( 'NONE', ( #767, #1375, #284, #1997 ) ) ;
#1393 = DIRECTION ( 'NONE',  ( -1.000000000000000000, -0.000000000000000000, -0.000000000000000000 ) ) ;
#1394 = ORIENTED_EDGE ( 'NONE', *, *, #263, .T. ) ;
#1395 = FACE_OUTER_BOUND ( 'NONE', #1086, .T. ) ;
#1396 = CARTESIAN_POINT ( 'NONE',  ( 29.00000000000000000, 11.50000000000000000, 22.00000000000000000 ) ) ;
#1397 = CARTESIAN_POINT ( 'NONE',  ( 6.000000000000043521, 0.000000000000000000, -15.49999999999998934 ) ) ;
#1398 = PLANE ( 'NONE',  #112 ) ;
#1399 = ORIENTED_EDGE ( 'NONE', *, *, #218, .T. ) ;
#1400 = EDGE_CURVE ( 'NONE', #2172, #7, #1738, .T. ) ;
#1401 = FACE_OUTER_BOUND ( 'NONE', #14, .T. ) ;
#1402 = VERTEX_POINT ( 'NONE', #1728 ) ;
#1403 = DIRECTION ( 'NONE',  ( 0.000000000000000000, 0.000000000000000000, -1.000000000000000000 ) ) ;
#1404 = EDGE_LOOP ( 'NONE', ( #1439, #1509, #1450, #714, #575, #1862, #244, #781, #84, #761, #1893, #1475 ) ) ;
#1405 = DIRECTION ( 'NONE',  ( 3.854941057726238097E-16, 0.000000000000000000, -1.000000000000000000 ) ) ;
#1406 = EDGE_CURVE ( 'NONE', #877, #2132, #1633, .T. ) ;
#1407 = DIRECTION ( 'NONE',  ( 0.000000000000000000, 0.000000000000000000, 1.000000000000000000 ) ) ;
#1408 = ORIENTED_EDGE ( 'NONE', *, *, #1382, .F. ) ;
#1409 = DIRECTION ( 'NONE',  ( -0.000000000000000000, -1.000000000000000000, -0.000000000000000000 ) ) ;
#1410 = CARTESIAN_POINT ( 'NONE',  ( 17.49999999999998934, 0.000000000000000000, -6.000000000000002665 ) ) ;
#1411 = ORIENTED_EDGE ( 'NONE', *, *, #1580, .F. ) ;
#1412 = DIRECTION ( 'NONE',  ( 0.000000000000000000, 0.000000000000000000, -1.000000000000000000 ) ) ;
#1413 = ORIENTED_EDGE ( 'NONE', *, *, #942, .F. ) ;
#1414 = ADVANCED_FACE ( 'NONE', ( #1486 ), #1301, .F. ) ;
#1415 = EDGE_CURVE ( 'NONE', #449, #1468, #946, .T. ) ;
#1416 = ADVANCED_FACE ( 'NONE', ( #1451 ), #1088, .T. ) ;
#1417 = ORIENTED_EDGE ( 'NONE', *, *, #1011, .T. ) ;
#1418 = CARTESIAN_POINT ( 'NONE',  ( 28.99999999999998934, 0.000000000000000000, -22.00000000000000000 ) ) ;
#1419 = VERTEX_POINT ( 'NONE', #1996 ) ;
#1420 = AXIS2_PLACEMENT_3D ( 'NONE', #1308, #242, #1855 ) ;
#1421 = DIRECTION ( 'NONE',  ( 0.000000000000000000, 0.000000000000000000, -1.000000000000000000 ) ) ;
#1422 = AXIS2_PLACEMENT_3D ( 'NONE', #914, #1617, #936 ) ;
#1423 = DIRECTION ( 'NONE',  ( 0.000000000000000000, 0.000000000000000000, -1.000000000000000000 ) ) ;
#1424 = DIRECTION ( 'NONE',  ( 1.000000000000000000, 0.000000000000000000, 0.000000000000000000 ) ) ;
#1425 = ORIENTED_EDGE ( 'NONE', *, *, #1508, .T. ) ;
#1426 = CARTESIAN_POINT ( 'NONE',  ( 17.49999999999998934, 0.000000000000000000, -18.00000000000000355 ) ) ;
#1427 = VERTEX_POINT ( 'NONE', #406 ) ;
#1428 = EDGE_LOOP ( 'NONE', ( #950, #476, #1020, #1618 ) ) ;
#1429 = ORIENTED_EDGE ( 'NONE', *, *, #1583, .T. ) ;
#1430 = DIRECTION ( 'NONE',  ( 0.000000000000000000, 0.000000000000000000, -1.000000000000000000 ) ) ;
#1431 = AXIS2_PLACEMENT_3D ( 'NONE', #2210, #615, #53 ) ;
#1432 = CARTESIAN_POINT ( 'NONE',  ( -16.00000000000001066, 0.000000000000000000, -4.000000000000009770 ) ) ;
#1433 = AXIS2_PLACEMENT_3D ( 'NONE', #821, #126, #1866 ) ;
#1434 = APPLICATION_PROTOCOL_DEFINITION ( 'draft international standard', 'automotive_design', 1998, #400 ) ;
#1435 = CARTESIAN_POINT ( 'NONE',  ( 17.49999999999998934, -1.429775138004531790E-15, 18.00000000000000000 ) ) ;
#1436 = DIRECTION ( 'NONE',  ( -0.000000000000000000, -1.000000000000000000, -0.000000000000000000 ) ) ;
#1437 = ORIENTED_EDGE ( 'NONE', *, *, #944, .F. ) ;
#1438 = CARTESIAN_POINT ( 'NONE',  ( -20.74999999999994316, 11.50000000000000000, -7.116312747412737391E-14 ) ) ;
#1439 = ORIENTED_EDGE ( 'NONE', *, *, #1724, .F. ) ;
#1440 = ORIENTED_EDGE ( 'NONE', *, *, #395, .F. ) ;
#1441 = CARTESIAN_POINT ( 'NONE',  ( 28.99999999999998934, 11.50000000000000000, -22.00000000000000000 ) ) ;
#1442 = AXIS2_PLACEMENT_3D ( 'NONE', #770, #2301, #191 ) ;
#1443 = FACE_OUTER_BOUND ( 'NONE', #1293, .T. ) ;
#1444 =( GEOMETRIC_REPRESENTATION_CONTEXT ( 3 ) GLOBAL_UNCERTAINTY_ASSIGNED_CONTEXT ( ( #601 ) ) GLOBAL_UNIT_ASSIGNED_CONTEXT ( ( #1764, #2106, #347 ) ) REPRESENTATION_CONTEXT ( 'NONE', 'WORKASPACE' ) );
#1445 = DIRECTION ( 'NONE',  ( -0.000000000000000000, -1.000000000000000000, -0.000000000000000000 ) ) ;
#1446 = CARTESIAN_POINT ( 'NONE',  ( 5.999999999999983125, 10.30000000000000071, 17.50000000000000355 ) ) ;
#1447 = ORIENTED_EDGE ( 'NONE', *, *, #1583, .F. ) ;
#1448 = CARTESIAN_POINT ( 'NONE',  ( -15.00000000000001421, 10.30000000000000071, 18.00000000000000000 ) ) ;
#1449 = ORIENTED_EDGE ( 'NONE', *, *, #478, .T. ) ;
#1450 = ORIENTED_EDGE ( 'NONE', *, *, #93, .F. ) ;
#1451 = FACE_OUTER_BOUND ( 'NONE', #997, .T. ) ;
#1452 = AXIS2_PLACEMENT_3D ( 'NONE', #960, #1504, #1690 ) ;
#1453 = ADVANCED_FACE ( 'NONE', ( #195 ), #39, .F. ) ;
#1454 = CIRCLE ( 'NONE', #740, 2.499999999999993339 ) ;
#1455 = CIRCLE ( 'NONE', #2154, 2.999999999999995559 ) ;
#1456 = LINE ( 'NONE', #364, #1167 ) ;
#1457 = AXIS2_PLACEMENT_3D ( 'NONE', #799, #1499, #2200 ) ;
#1458 = CARTESIAN_POINT ( 'NONE',  ( -18.50000000000000355, 0.000000000000000000, -6.500000000000003553 ) ) ;
#1459 = ORIENTED_EDGE ( 'NONE', *, *, #1383, .F. ) ;
#1460 = DIRECTION ( 'NONE',  ( -0.000000000000000000, 1.000000000000000000, -0.000000000000000000 ) ) ;
#1461 = ORIENTED_EDGE ( 'NONE', *, *, #1160, .T. ) ;
#1462 = VERTEX_POINT ( 'NONE', #27 ) ;
#1463 = FACE_OUTER_BOUND ( 'NONE', #1701, .T. ) ;
#1464 = VECTOR ( 'NONE', #741, 1000.000000000000000 ) ;
#1465 = CIRCLE ( 'NONE', #2276, 2.499999999999992006 ) ;
#1466 = DIRECTION ( 'NONE',  ( -0.000000000000000000, -1.000000000000000000, -0.000000000000000000 ) ) ;
#1467 = DIRECTION ( 'NONE',  ( 0.000000000000000000, -0.000000000000000000, 1.000000000000000000 ) ) ;
#1468 = VERTEX_POINT ( 'NONE', #2187 ) ;
#1469 = CARTESIAN_POINT ( 'NONE',  ( 17.49999999999998934, 6.349999999999994316, -19.02499999999999147 ) ) ;
#1470 = DIRECTION ( 'NONE',  ( 0.000000000000000000, 0.000000000000000000, -1.000000000000000000 ) ) ;
#1471 = CARTESIAN_POINT ( 'NONE',  ( 6.000000000000042633, 10.30000000000000071, 2.058249404246496448E-14 ) ) ;
#1472 = ADVANCED_FACE ( 'NONE', ( #1463 ), #216, .T. ) ;
#1473 = ORIENTED_EDGE ( 'NONE', *, *, #2043, .T. ) ;
#1474 = CYLINDRICAL_SURFACE ( 'NONE', #1964, 1.249999999999999334 ) ;
#1475 = ORIENTED_EDGE ( 'NONE', *, *, #207, .F. ) ;
#1476 = AXIS2_PLACEMENT_3D ( 'NONE', #368, #916, #1949 ) ;
#1477 = DIRECTION ( 'NONE',  ( 1.000000000000000000, -0.000000000000000000, 3.430415673744137212E-15 ) ) ;
#1478 = FACE_OUTER_BOUND ( 'NONE', #2303, .T. ) ;
#1479 = MECHANICAL_DESIGN_GEOMETRIC_PRESENTATION_REPRESENTATION (  '', ( #858 ), #1444 ) ;
#1480 = EDGE_LOOP ( 'NONE', ( #1069, #1915, #2163, #2125 ) ) ;
#1481 = DIRECTION ( 'NONE',  ( 0.000000000000000000, -1.000000000000000000, 0.000000000000000000 ) ) ;
#1482 = DIRECTION ( 'NONE',  ( -0.000000000000000000, -1.000000000000000000, -0.000000000000000000 ) ) ;
#1483 = DIRECTION ( 'NONE',  ( 1.000000000000000000, -0.000000000000000000, 3.430415673744137212E-15 ) ) ;
#1484 = VERTEX_POINT ( 'NONE', #1656 ) ;
#1485 = EDGE_CURVE ( 'NONE', #906, #1136, #2261, .T. ) ;
#1486 = FACE_OUTER_BOUND ( 'NONE', #1923, .T. ) ;
#1487 = ADVANCED_FACE ( 'NONE', ( #1126 ), #1644, .F. ) ;
#1488 = EDGE_CURVE ( 'NONE', #257, #1051, #567, .T. ) ;
#1489 = VECTOR ( 'NONE', #1328, 1000.000000000000000 ) ;
#1490 = DIRECTION ( 'NONE',  ( -0.000000000000000000, -1.000000000000000000, -0.000000000000000000 ) ) ;
#1491 = CIRCLE ( 'NONE', #2189, 1.250000000000001110 ) ;
#1492 = DIRECTION ( 'NONE',  ( 1.000000000000000000, 0.000000000000000000, 0.000000000000000000 ) ) ;
#1493 = LINE ( 'NONE', #2003, #1337 ) ;
#1494 = ORIENTED_EDGE ( 'NONE', *, *, #622, .F. ) ;
#1495 = ORIENTED_EDGE ( 'NONE', *, *, #970, .F. ) ;
#1496 = LINE ( 'NONE', #426, #674 ) ;
#1497 = ORIENTED_EDGE ( 'NONE', *, *, #1385, .T. ) ;
#1498 = ORIENTED_EDGE ( 'NONE', *, *, #768, .F. ) ;
#1499 = DIRECTION ( 'NONE',  ( 0.000000000000000000, -1.000000000000000000, 0.000000000000000000 ) ) ;
#1500 =( GEOMETRIC_REPRESENTATION_CONTEXT ( 3 ) GLOBAL_UNCERTAINTY_ASSIGNED_CONTEXT ( ( #1138 ) ) GLOBAL_UNIT_ASSIGNED_CONTEXT ( ( #2296, #1932, #1090 ) ) REPRESENTATION_CONTEXT ( 'NONE', 'WORKASPACE' ) );
#1501 = CARTESIAN_POINT ( 'NONE',  ( 0.000000000000000000, 10.30000000000000071, 20.49999999999999289 ) ) ;
#1502 = VERTEX_POINT ( 'NONE', #941 ) ;
#1503 = DIRECTION ( 'NONE',  ( 3.430415673744137212E-15, 0.000000000000000000, -1.000000000000000000 ) ) ;
#1504 = DIRECTION ( 'NONE',  ( 0.000000000000000000, -1.000000000000000000, 0.000000000000000000 ) ) ;
#1505 = CARTESIAN_POINT ( 'NONE',  ( -3.000000000000010214, 10.30000000000000071, -20.49999999999999645 ) ) ;
#1506 = ORIENTED_EDGE ( 'NONE', *, *, #1385, .F. ) ;
#1508 = EDGE_CURVE ( 'NONE', #1621, #1231, #1292, .T. ) ;
#1507 = LINE ( 'NONE', #1354, #599 ) ;
#1509 = ORIENTED_EDGE ( 'NONE', *, *, #589, .F. ) ;
#1510 = CYLINDRICAL_SURFACE ( 'NONE', #2081, 2.499999999999993339 ) ;
#1511 = EDGE_CURVE ( 'NONE', #1857, #2113, #1269, .T. ) ;
#1512 = EDGE_CURVE ( 'NONE', #597, #1333, #774, .T. ) ;
#1513 = DIRECTION ( 'NONE',  ( 0.000000000000000000, 0.000000000000000000, -1.000000000000000000 ) ) ;
#1514 = EDGE_CURVE ( 'NONE', #1311, #267, #1953, .T. ) ;
#1515 = DIRECTION ( 'NONE',  ( -3.430415673744136424E-15, 0.000000000000000000, 1.000000000000000000 ) ) ;
#1516 = CARTESIAN_POINT ( 'NONE',  ( 17.49999999999998934, 6.349999999999994316, 18.00000000000000000 ) ) ;
#1517 = ORIENTED_EDGE ( 'NONE', *, *, #1382, .T. ) ;
#1518 = ORIENTED_EDGE ( 'NONE', *, *, #521, .F. ) ;
#1519 = CARTESIAN_POINT ( 'NONE',  ( 17.49999999999998934, 6.349999999999994316, 19.02499999999998792 ) ) ;
#1520 = ADVANCED_FACE ( 'NONE', ( #2143 ), #386, .F. ) ;
#1521 = PLANE ( 'NONE',  #902 ) ;
#1522 = VERTEX_POINT ( 'NONE', #1622 ) ;
#1523 = DIRECTION ( 'NONE',  ( 0.000000000000000000, 0.000000000000000000, -1.000000000000000000 ) ) ;
#1524 = CARTESIAN_POINT ( 'NONE',  ( 6.499999999999988454, 0.000000000000000000, 14.50000000000000178 ) ) ;
#1525 = ADVANCED_FACE ( 'NONE', ( #1281 ), #1474, .F. ) ;
#1526 = CARTESIAN_POINT ( 'NONE',  ( -6.000000000000001776, 1.199999999999999734, 15.49999999999998401 ) ) ;
#1527 = AXIS2_PLACEMENT_3D ( 'NONE', #779, #1482, #617 ) ;
#1528 = FACE_OUTER_BOUND ( 'NONE', #842, .T. ) ;
#1529 = CARTESIAN_POINT ( 'NONE',  ( -16.00000000000001421, 10.30000000000000071, 6.499999999999999112 ) ) ;
#1530 = ORIENTED_EDGE ( 'NONE', *, *, #1958, .F. ) ;
#1531 = CARTESIAN_POINT ( 'NONE',  ( -10.00000000000001421, 4.000000000000000000, -10.00000000000000178 ) ) ;
#1532 = CARTESIAN_POINT ( 'NONE',  ( 17.49999999999998934, 6.349999999999994316, 18.00000000000000000 ) ) ;
#1533 = ORIENTED_EDGE ( 'NONE', *, *, #316, .T. ) ;
#1534 = PLANE ( 'NONE',  #226 ) ;
#1535 = CARTESIAN_POINT ( 'NONE',  ( -10.00000000000001243, 11.50000000000000000, -10.00000000000000178 ) ) ;
#1536 = DIRECTION ( 'NONE',  ( 1.000000000000000000, 0.000000000000000000, 0.000000000000000000 ) ) ;
#1537 = VECTOR ( 'NONE', #1070, 1000.000000000000000 ) ;
#1538 = FACE_BOUND ( 'NONE', #1555, .T. ) ;
#1539 = CARTESIAN_POINT ( 'NONE',  ( -5.999999999999952038, 0.000000000000000000, -15.50000000000001066 ) ) ;
#1540 = AXIS2_PLACEMENT_3D ( 'NONE', #229, #1295, #604 ) ;
#1541 = DIRECTION ( 'NONE',  ( 1.000000000000000000, 0.000000000000000000, 0.000000000000000000 ) ) ;
#1542 = VERTEX_POINT ( 'NONE', #1663 ) ;
#1543 = ADVANCED_FACE ( 'NONE', ( #2193 ), #607, .F. ) ;
#1544 = VERTEX_POINT ( 'NONE', #2214 ) ;
#1545 = CARTESIAN_POINT ( 'NONE',  ( 6.000000000000046185, 0.000000000000000000, -17.49999999999999289 ) ) ;
#1546 = ORIENTED_EDGE ( 'NONE', *, *, #831, .T. ) ;
#1547 = FACE_OUTER_BOUND ( 'NONE', #1679, .T. ) ;
#1548 = DIRECTION ( 'NONE',  ( 0.000000000000000000, 0.000000000000000000, -1.000000000000000000 ) ) ;
#1549 = EDGE_CURVE ( 'NONE', #612, #1115, #36, .T. ) ;
#1550 = DIRECTION ( 'NONE',  ( 0.000000000000000000, 0.000000000000000000, -1.000000000000000000 ) ) ;
#1551 = DIRECTION ( 'NONE',  ( -0.000000000000000000, 1.000000000000000000, -0.000000000000000000 ) ) ;
#1552 = DIRECTION ( 'NONE',  ( 0.000000000000000000, 0.000000000000000000, -1.000000000000000000 ) ) ;
#1553 = VERTEX_POINT ( 'NONE', #55 ) ;
#1554 = ADVANCED_FACE ( 'NONE', ( #1824 ), #789, .T. ) ;
#1555 = EDGE_LOOP ( 'NONE', ( #930, #1506 ) ) ;
#1556 = VECTOR ( 'NONE', #1001, 1000.000000000000000 ) ;
#1557 = EDGE_CURVE ( 'NONE', #414, #877, #2074, .T. ) ;
#1558 = PLANE ( 'NONE',  #828 ) ;
#1559 = DIRECTION ( 'NONE',  ( -1.000000000000000000, 0.000000000000000000, -7.709882115452477180E-16 ) ) ;
#1560 = FACE_OUTER_BOUND ( 'NONE', #3, .T. ) ;
#1561 = DIRECTION ( 'NONE',  ( -0.000000000000000000, -1.000000000000000000, -0.000000000000000000 ) ) ;
#1562 = CARTESIAN_POINT ( 'NONE',  ( -16.00000000000001421, 10.30000000000000071, 15.50000000000000000 ) ) ;
#1563 = ORIENTED_EDGE ( 'NONE', *, *, #1754, .T. ) ;
#1564 = VECTOR ( 'NONE', #2256, 1000.000000000000000 ) ;
#1565 = PLANE ( 'NONE',  #934 ) ;
#1566 = EDGE_LOOP ( 'NONE', ( #619, #51 ) ) ;
#1567 = VERTEX_POINT ( 'NONE', #2184 ) ;
#1568 = FILL_AREA_STYLE ('',( #894 ) ) ;
#1569 = AXIS2_PLACEMENT_3D ( 'NONE', #1410, #1608, #539 ) ;
#1570 = CIRCLE ( 'NONE', #454, 2.499999999999993339 ) ;
#1571 = LINE ( 'NONE', #535, #1092 ) ;
#1572 = LINE ( 'NONE', #1396, #1250 ) ;
#1573 = EDGE_CURVE ( 'NONE', #1427, #1745, #595, .T. ) ;
#1574 = CARTESIAN_POINT ( 'NONE',  ( 17.49999999999998934, 0.000000000000000000, -16.97500000000001208 ) ) ;
#1575 = LINE ( 'NONE', #1016, #675 ) ;
#1576 = AXIS2_PLACEMENT_3D ( 'NONE', #913, #1607, #10 ) ;
#1577 = DIRECTION ( 'NONE',  ( -0.000000000000000000, -1.000000000000000000, -0.000000000000000000 ) ) ;
#1578 = ORIENTED_EDGE ( 'NONE', *, *, #739, .F. ) ;
#1579 = ORIENTED_EDGE ( 'NONE', *, *, #1818, .T. ) ;
#1580 = EDGE_CURVE ( 'NONE', #1522, #1983, #525, .T. ) ;
#1581 = DIRECTION ( 'NONE',  ( -0.000000000000000000, -1.000000000000000000, -0.000000000000000000 ) ) ;
#1582 = DIRECTION ( 'NONE',  ( -0.000000000000000000, -1.000000000000000000, -0.000000000000000000 ) ) ;
#1583 = EDGE_CURVE ( 'NONE', #911, #1995, #1493, .T. ) ;
#1584 = ORIENTED_EDGE ( 'NONE', *, *, #586, .F. ) ;
#1585 = EDGE_CURVE ( 'NONE', #1567, #294, #1993, .T. ) ;
#1586 = DIRECTION ( 'NONE',  ( -0.000000000000000000, -1.000000000000000000, -0.000000000000000000 ) ) ;
#1587 = LINE ( 'NONE', #706, #1159 ) ;
#1588 = DIRECTION ( 'NONE',  ( 0.000000000000000000, -1.000000000000000000, 0.000000000000000000 ) ) ;
#1589 = ORIENTED_EDGE ( 'NONE', *, *, #396, .T. ) ;
#1590 = ORIENTED_EDGE ( 'NONE', *, *, #1987, .F. ) ;
#1591 = ORIENTED_EDGE ( 'NONE', *, *, #396, .F. ) ;
#1592 = AXIS2_PLACEMENT_3D ( 'NONE', #775, #1477, #1365 ) ;
#1593 = PLANE ( 'NONE',  #345 ) ;
#1594 = CARTESIAN_POINT ( 'NONE',  ( -15.00000000000001421, 10.30000000000000071, -17.99999999999999645 ) ) ;
#1595 = ORIENTED_EDGE ( 'NONE', *, *, #548, .T. ) ;
#1596 = CARTESIAN_POINT ( 'NONE',  ( -18.50000000000000355, 0.000000000000000000, -0.000000000000000000 ) ) ;
#1597 = DIRECTION ( 'NONE',  ( -3.854941057726239083E-16, 0.000000000000000000, 1.000000000000000000 ) ) ;
#1598 = VERTEX_POINT ( 'NONE', #411 ) ;
#1599 = DIRECTION ( 'NONE',  ( 0.000000000000000000, -1.000000000000000000, 0.000000000000000000 ) ) ;
#1600 = EDGE_LOOP ( 'NONE', ( #2116, #1186, #2255, #668 ) ) ;
#1601 = ORIENTED_EDGE ( 'NONE', *, *, #30, .F. ) ;
#1602 = DIRECTION ( 'NONE',  ( -0.000000000000000000, 1.000000000000000000, -0.000000000000000000 ) ) ;
#1603 = ORIENTED_EDGE ( 'NONE', *, *, #526, .T. ) ;
#1604 = AXIS2_PLACEMENT_3D ( 'NONE', #1005, #2056, #1312 ) ;
#1605 = DIRECTION ( 'NONE',  ( -1.000000000000000000, 0.000000000000000000, -0.000000000000000000 ) ) ;
#1606 = EDGE_CURVE ( 'NONE', #937, #122, #992, .T. ) ;
#1607 = DIRECTION ( 'NONE',  ( -0.000000000000000000, -1.000000000000000000, -0.000000000000000000 ) ) ;
#1608 = DIRECTION ( 'NONE',  ( -0.000000000000000000, -1.000000000000000000, -0.000000000000000000 ) ) ;
#1609 = ORIENTED_EDGE ( 'NONE', *, *, #1751, .F. ) ;
#1610 = DIRECTION ( 'NONE',  ( -3.429548312006147626E-15, 0.000000000000000000, 1.000000000000000000 ) ) ;
#1611 = VERTEX_POINT ( 'NONE', #1843 ) ;
#1612 = VERTEX_POINT ( 'NONE', #1002 ) ;
#1613 = DIRECTION ( 'NONE',  ( -0.000000000000000000, -1.000000000000000000, -0.000000000000000000 ) ) ;
#1614 = EDGE_CURVE ( 'NONE', #1544, #2204, #1924, .T. ) ;
#1615 = PRODUCT_CONTEXT ( 'NONE', #400, 'mechanical' ) ;
#1616 = PLANE ( 'NONE',  #2275 ) ;
#1617 = DIRECTION ( 'NONE',  ( 1.000000000000000000, -0.000000000000000000, 3.429548312006147626E-15 ) ) ;
#1618 = ORIENTED_EDGE ( 'NONE', *, *, #1400, .F. ) ;
#1619 = LINE ( 'NONE', #1992, #777 ) ;
#1620 = ORIENTED_EDGE ( 'NONE', *, *, #69, .F. ) ;
#1621 = VERTEX_POINT ( 'NONE', #2013 ) ;
#1622 = CARTESIAN_POINT ( 'NONE',  ( 17.49999999999998934, -1.429775138004531790E-15, 19.02499999999999147 ) ) ;
#1623 = ADVANCED_FACE ( 'NONE', ( #431 ), #1145, .F. ) ;
#1624 = EDGE_CURVE ( 'NONE', #1484, #1951, #957, .T. ) ;
#1625 = CARTESIAN_POINT ( 'NONE',  ( -10.00000000000001243, 11.50000000000000000, 8.749999999999998224 ) ) ;
#1626 = CIRCLE ( 'NONE', #1775, 2.999999999999999112 ) ;
#1627 = CARTESIAN_POINT ( 'NONE',  ( -3.000000000000013323, 1.199999999999999734, 15.49999999999999467 ) ) ;
#1628 = CARTESIAN_POINT ( 'NONE',  ( 17.49999999999998934, -1.429775138004531790E-15, -7.024999999999994138 ) ) ;
#1629 = ORIENTED_EDGE ( 'NONE', *, *, #766, .T. ) ;
#1630 = CARTESIAN_POINT ( 'NONE',  ( -12.50000000000001954, 10.30000000000000071, 4.818676322157803883E-15 ) ) ;
#1631 = ORIENTED_EDGE ( 'NONE', *, *, #1761, .F. ) ;
#1632 = EDGE_LOOP ( 'NONE', ( #1590, #1498, #1473, #1654 ) ) ;
#1633 = LINE ( 'NONE', #1108, #1707 ) ;
#1634 = VERTEX_POINT ( 'NONE', #442 ) ;
#1635 = AXIS2_PLACEMENT_3D ( 'NONE', #1516, #66, #231 ) ;
#1636 = CARTESIAN_POINT ( 'NONE',  ( -18.50000000000000711, 0.000000000000000000, 6.499999999999998224 ) ) ;
#1637 = EDGE_CURVE ( 'NONE', #1553, #1195, #2047, .T. ) ;
#1638 = CARTESIAN_POINT ( 'NONE',  ( 0.000000000000000000, 5.499999999999999112, 0.000000000000000000 ) ) ;
#1639 = VECTOR ( 'NONE', #976, 1000.000000000000000 ) ;
#1640 = ORIENTED_EDGE ( 'NONE', *, *, #1400, .T. ) ;
#1641 = DIRECTION ( 'NONE',  ( 0.000000000000000000, 0.000000000000000000, -1.000000000000000000 ) ) ;
#1642 = ORIENTED_EDGE ( 'NONE', *, *, #57, .T. ) ;
#1643 = ORIENTED_EDGE ( 'NONE', *, *, #1989, .F. ) ;
#1644 = PLANE ( 'NONE',  #1372 ) ;
#1645 = CIRCLE ( 'NONE', #2007, 1.249999999999997558 ) ;
#1646 = CIRCLE ( 'NONE', #50, 1.250000000000001110 ) ;
#1647 = CARTESIAN_POINT ( 'NONE',  ( -16.00000000000001421, 0.000000000000000000, 15.50000000000000000 ) ) ;
#1648 = DIRECTION ( 'NONE',  ( 0.000000000000000000, 0.000000000000000000, -1.000000000000000000 ) ) ;
#1649 = EDGE_CURVE ( 'NONE', #205, #370, #1026, .T. ) ;
#1650 = ADVANCED_FACE ( 'NONE', ( #2038 ), #1868, .F. ) ;
#1651 = DIRECTION ( 'NONE',  ( -1.000000000000000000, 0.000000000000000000, 3.854941057726238590E-16 ) ) ;
#1652 = EDGE_CURVE ( 'NONE', #790, #1311, #1911, .T. ) ;
#1653 = DIRECTION ( 'NONE',  ( -0.000000000000000000, 1.000000000000000000, -0.000000000000000000 ) ) ;
#1654 = ORIENTED_EDGE ( 'NONE', *, *, #2090, .T. ) ;
#1655 = ORIENTED_EDGE ( 'NONE', *, *, #2057, .F. ) ;
#1656 = CARTESIAN_POINT ( 'NONE',  ( 17.49999999999998934, -1.429775138004531790E-15, 4.975000000000006750 ) ) ;
#1657 = ORIENTED_EDGE ( 'NONE', *, *, #2199, .F. ) ;
#1658 = AXIS2_PLACEMENT_3D ( 'NONE', #222, #563, #959 ) ;
#1659 = CARTESIAN_POINT ( 'NONE',  ( -10.00000000000001243, 4.000000000000000000, 8.750000000000000000 ) ) ;
#1660 = DIRECTION ( 'NONE',  ( -1.000000000000000000, -0.000000000000000000, -0.000000000000000000 ) ) ;
#1661 = CIRCLE ( 'NONE', #1045, 2.999999999999999112 ) ;
#1662 = DIRECTION ( 'NONE',  ( 0.000000000000000000, -1.000000000000000000, 0.000000000000000000 ) ) ;
#1663 = CARTESIAN_POINT ( 'NONE',  ( 9.999999999999987566, 4.000000000000000000, -8.750000000000003553 ) ) ;
#1664 = DIRECTION ( 'NONE',  ( -0.000000000000000000, -1.000000000000000000, -0.000000000000000000 ) ) ;
#1665 = ORIENTED_EDGE ( 'NONE', *, *, #1141, .F. ) ;
#1666 = CARTESIAN_POINT ( 'NONE',  ( -12.50000000000001954, 0.000000000000000000, 4.818676322157803883E-15 ) ) ;
#1667 = VERTEX_POINT ( 'NONE', #1732 ) ;
#1668 = EDGE_LOOP ( 'NONE', ( #2247, #585 ) ) ;
#1669 = CARTESIAN_POINT ( 'NONE',  ( 6.499999999999988454, 1.199999999999999956, 14.50000000000000178 ) ) ;
#1670 = VECTOR ( 'NONE', #1613, 1000.000000000000000 ) ;
#1671 = CARTESIAN_POINT ( 'NONE',  ( 0.000000000000000000, 0.000000000000000000, -20.49999999999999645 ) ) ;
#1672 = EDGE_CURVE ( 'NONE', #133, #1745, #606, .T. ) ;
#1673 = ORIENTED_EDGE ( 'NONE', *, *, #69, .T. ) ;
#1674 = VECTOR ( 'NONE', #1664, 1000.000000000000000 ) ;
#1675 = DIRECTION ( 'NONE',  ( 0.000000000000000000, 0.000000000000000000, -1.000000000000000000 ) ) ;
#1676 = CARTESIAN_POINT ( 'NONE',  ( 17.49999999999998934, 0.000000000000000000, 18.00000000000000000 ) ) ;
#1677 = VECTOR ( 'NONE', #1581, 1000.000000000000000 ) ;
#1678 = CARTESIAN_POINT ( 'NONE',  ( 2.999999999999987121, 0.000000000000000000, 17.49999999999999645 ) ) ;
#1679 = EDGE_LOOP ( 'NONE', ( #1388, #566, #719, #2207 ) ) ;
#1680 = LINE ( 'NONE', #70, #756 ) ;
#1681 = ADVANCED_FACE ( 'NONE', ( #2262 ), #1879, .F. ) ;
#1682 = EDGE_LOOP ( 'NONE', ( #1758, #247, #378, #1087 ) ) ;
#1683 = ADVANCED_FACE ( 'NONE', ( #1015 ), #317, .F. ) ;
#1684 = DIRECTION ( 'NONE',  ( 0.000000000000000000, 0.000000000000000000, -1.000000000000000000 ) ) ;
#1685 = AXIS2_PLACEMENT_3D ( 'NONE', #664, #1370, #2075 ) ;
#1686 = VECTOR ( 'NONE', #989, 1000.000000000000000 ) ;
#1687 = DIRECTION ( 'NONE',  ( 0.000000000000000000, 0.000000000000000000, 1.000000000000000000 ) ) ;
#1688 = CARTESIAN_POINT ( 'NONE',  ( 1.010333609296565169E-15, 11.50000000000000000, -8.249999999999985789 ) ) ;
#1689 = ADVANCED_FACE ( 'NONE', ( #1192 ), #2101, .F. ) ;
#1690 = DIRECTION ( 'NONE',  ( 0.000000000000000000, 0.000000000000000000, -1.000000000000000000 ) ) ;
#1691 = VERTEX_POINT ( 'NONE', #515 ) ;
#1692 = ORIENTED_EDGE ( 'NONE', *, *, #603, .F. ) ;
#1693 = LINE ( 'NONE', #1331, #1197 ) ;
#1694 = ORIENTED_EDGE ( 'NONE', *, *, #1511, .T. ) ;
#1695 = ADVANCED_FACE ( 'NONE', ( #1921 ), #1225, .F. ) ;
#1696 = FACE_OUTER_BOUND ( 'NONE', #1798, .T. ) ;
#1697 = DIRECTION ( 'NONE',  ( 0.000000000000000000, 0.000000000000000000, -1.000000000000000000 ) ) ;
#1698 = CARTESIAN_POINT ( 'NONE',  ( -6.500000000000010658, 1.199999999999999956, 14.50000000000000178 ) ) ;
#1699 = CARTESIAN_POINT ( 'NONE',  ( 2.999999999999990230, 10.30000000000000071, -17.50000000000000000 ) ) ;
#1700 = DIRECTION ( 'NONE',  ( -1.000000000000000000, 0.000000000000000000, -0.000000000000000000 ) ) ;
#1701 = EDGE_LOOP ( 'NONE', ( #1797, #1873, #1642, #2231, #780, #500 ) ) ;
#1702 = DIRECTION ( 'NONE',  ( 0.000000000000000000, 0.000000000000000000, 1.000000000000000000 ) ) ;
#1703 = FACE_OUTER_BOUND ( 'NONE', #204, .T. ) ;
#1704 = CYLINDRICAL_SURFACE ( 'NONE', #986, 8.249999999999992895 ) ;
#1705 = FACE_OUTER_BOUND ( 'NONE', #1244, .T. ) ;
#1706 = LINE ( 'NONE', #1008, #437 ) ;
#1707 = VECTOR ( 'NONE', #783, 1000.000000000000000 ) ;
#1708 = EDGE_CURVE ( 'NONE', #1266, #2172, #1099, .T. ) ;
#1709 = CARTESIAN_POINT ( 'NONE',  ( -10.00000000000001243, 4.000000000000000000, 9.999999999999998224 ) ) ;
#1710 = DIRECTION ( 'NONE',  ( 0.000000000000000000, 0.000000000000000000, -1.000000000000000000 ) ) ;
#1711 = DIRECTION ( 'NONE',  ( -1.000000000000000000, -0.000000000000000000, -0.000000000000000000 ) ) ;
#1712 = AXIS2_PLACEMENT_3D ( 'NONE', #1048, #154, #876 ) ;
#1713 = ORIENTED_EDGE ( 'NONE', *, *, #797, .T. ) ;
#1714 = DIRECTION ( 'NONE',  ( 0.000000000000000000, -1.000000000000000000, 0.000000000000000000 ) ) ;
#1715 = ADVANCED_FACE ( 'NONE', ( #1721, #1538, #2240, #1034, #1024, #678, #824, #1528, #652 ), #2064, .F. ) ;
#1716 = CARTESIAN_POINT ( 'NONE',  ( 2.999999999999987121, 10.30000000000000071, 20.49999999999999289 ) ) ;
#1717 = CARTESIAN_POINT ( 'NONE',  ( -16.00000000000001421, 10.30000000000000071, -15.50000000000000178 ) ) ;
#1718 = AXIS2_PLACEMENT_3D ( 'NONE', #1205, #1561, #2052 ) ;
#1719 = AXIS2_PLACEMENT_3D ( 'NONE', #302, #327, #873 ) ;
#1720 = ADVANCED_FACE ( 'NONE', ( #1386 ), #127, .F. ) ;
#1721 = FACE_BOUND ( 'NONE', #806, .T. ) ;
#1722 = CARTESIAN_POINT ( 'NONE',  ( 29.00000000000000000, 11.50000000000000000, 22.00000000000000000 ) ) ;
#1723 = VECTOR ( 'NONE', #1582, 1000.000000000000000 ) ;
#1724 = EDGE_CURVE ( 'NONE', #2058, #2132, #9, .T. ) ;
#1725 = LINE ( 'NONE', #1050, #23 ) ;
#1726 = ORIENTED_EDGE ( 'NONE', *, *, #1614, .F. ) ;
#1727 = ORIENTED_EDGE ( 'NONE', *, *, #148, .F. ) ;
#1728 = CARTESIAN_POINT ( 'NONE',  ( -12.50000000000001421, 10.30000000000000071, 15.50000000000000000 ) ) ;
#1729 = CARTESIAN_POINT ( 'NONE',  ( -20.75000000008231282, 11.50000000000000000, -22.00000000000000000 ) ) ;
#1730 = DIRECTION ( 'NONE',  ( 0.000000000000000000, 0.000000000000000000, -1.000000000000000000 ) ) ;
#1731 = VECTOR ( 'NONE', #2161, 1000.000000000000000 ) ;
#1732 = CARTESIAN_POINT ( 'NONE',  ( -15.00000000000001066, 0.000000000000000000, -4.000000000000010658 ) ) ;
#1733 = DIRECTION ( 'NONE',  ( 0.000000000000000000, 0.000000000000000000, 1.000000000000000000 ) ) ;
#1734 = ORIENTED_EDGE ( 'NONE', *, *, #42, .T. ) ;
#1735 = DIRECTION ( 'NONE',  ( 2.891205793294678819E-16, 0.000000000000000000, -1.000000000000000000 ) ) ;
#1736 = ORIENTED_EDGE ( 'NONE', *, *, #1672, .T. ) ;
#1737 = ORIENTED_EDGE ( 'NONE', *, *, #521, .T. ) ;
#1738 = LINE ( 'NONE', #1030, #1232 ) ;
#1739 = CARTESIAN_POINT ( 'NONE',  ( 9.999999999999987566, 11.50000000000000000, -11.25000000000000355 ) ) ;
#1740 = CYLINDRICAL_SURFACE ( 'NONE', #2048, 2.499999999999992006 ) ;
#1741 = DIRECTION ( 'NONE',  ( -0.000000000000000000, 1.000000000000000000, -0.000000000000000000 ) ) ;
#1742 = FACE_OUTER_BOUND ( 'NONE', #1682, .T. ) ;
#1743 = AXIS2_PLACEMENT_3D ( 'NONE', #1809, #2166, #953 ) ;
#1744 = DIRECTION ( 'NONE',  ( 0.000000000000000000, 0.000000000000000000, -1.000000000000000000 ) ) ;
#1745 = VERTEX_POINT ( 'NONE', #1047 ) ;
#1746 = ORIENTED_EDGE ( 'NONE', *, *, #2272, .F. ) ;
#1747 = VECTOR ( 'NONE', #632, 1000.000000000000000 ) ;
#1748 = DIRECTION ( 'NONE',  ( -1.000000000000000000, -0.000000000000000000, -0.000000000000000000 ) ) ;
#1749 = AXIS2_PLACEMENT_3D ( 'NONE', #1769, #178, #1597 ) ;
#1750 = ORIENTED_EDGE ( 'NONE', *, *, #1340, .T. ) ;
#1751 = EDGE_CURVE ( 'NONE', #1302, #1544, #2091, .T. ) ;
#1752 = VECTOR ( 'NONE', #95, 1000.000000000000000 ) ;
#1753 = CARTESIAN_POINT ( 'NONE',  ( -15.00000000000001421, 10.30000000000000071, 6.499999999999999112 ) ) ;
#1754 = EDGE_CURVE ( 'NONE', #1427, #2139, #1645, .T. ) ;
#1755 = CARTESIAN_POINT ( 'NONE',  ( -12.50000000000001776, 10.30000000000000071, -6.500000000000002665 ) ) ;
#1756 = CARTESIAN_POINT ( 'NONE',  ( 17.49999999999998934, 6.349999999999996980, 5.999999999999997335 ) ) ;
#1757 = DIRECTION ( 'NONE',  ( -0.000000000000000000, 1.000000000000000000, -0.000000000000000000 ) ) ;
#1758 = ORIENTED_EDGE ( 'NONE', *, *, #145, .F. ) ;
#1759 = AXIS2_PLACEMENT_3D ( 'NONE', #935, #1778, #1768 ) ;
#1761 = EDGE_CURVE ( 'NONE', #221, #1096, #875, .T. ) ;
#1760 = CARTESIAN_POINT ( 'NONE',  ( -16.00000000000001421, 0.000000000000000000, -15.50000000000000178 ) ) ;
#1762 = VECTOR ( 'NONE', #419, 1000.000000000000000 ) ;
#1763 = ORIENTED_EDGE ( 'NONE', *, *, #2218, .T. ) ;
#1764 =( LENGTH_UNIT ( ) NAMED_UNIT ( * ) SI_UNIT ( .MILLI., .METRE. ) );
#1765 = ORIENTED_EDGE ( 'NONE', *, *, #614, .F. ) ;
#1766 = CARTESIAN_POINT ( 'NONE',  ( -16.00000000000001421, 10.30000000000000071, 18.00000000000000000 ) ) ;
#1767 = ORIENTED_EDGE ( 'NONE', *, *, #513, .T. ) ;
#1768 = DIRECTION ( 'NONE',  ( 0.000000000000000000, 0.000000000000000000, 1.000000000000000000 ) ) ;
#1769 = CARTESIAN_POINT ( 'NONE',  ( -12.50000000000001954, 10.30000000000000071, -4.818676322157804672E-15 ) ) ;
#1770 = VERTEX_POINT ( 'NONE', #693 ) ;
#1771 = PLANE ( 'NONE',  #258 ) ;
#1772 = AXIS2_PLACEMENT_3D ( 'NONE', #1095, #1085, #213 ) ;
#1773 = VERTEX_POINT ( 'NONE', #1397 ) ;
#1774 = LINE ( 'NONE', #2131, #1564 ) ;
#1775 = AXIS2_PLACEMENT_3D ( 'NONE', #1897, #1119, #1294 ) ;
#1776 = DIRECTION ( 'NONE',  ( -7.709882115452477180E-16, 0.000000000000000000, 1.000000000000000000 ) ) ;
#1777 = AXIS2_PLACEMENT_3D ( 'NONE', #251, #822, #1675 ) ;
#1778 = DIRECTION ( 'NONE',  ( -0.000000000000000000, 1.000000000000000000, -0.000000000000000000 ) ) ;
#1779 = DIRECTION ( 'NONE',  ( -0.000000000000000000, -1.000000000000000000, -0.000000000000000000 ) ) ;
#1780 = ORIENTED_EDGE ( 'NONE', *, *, #1485, .T. ) ;
#1781 = EDGE_CURVE ( 'NONE', #81, #2105, #389, .T. ) ;
#1782 = CARTESIAN_POINT ( 'NONE',  ( 9.999999999999987566, 4.000000000000000000, -10.00000000000000178 ) ) ;
#1783 = ORIENTED_EDGE ( 'NONE', *, *, #1080, .F. ) ;
#1784 = VECTOR ( 'NONE', #1134, 1000.000000000000000 ) ;
#1785 = ORIENTED_EDGE ( 'NONE', *, *, #2088, .F. ) ;
#1786 = CARTESIAN_POINT ( 'NONE',  ( 9.999999999999985789, 4.000000000000000000, -10.00000000000000178 ) ) ;
#1787 = VECTOR ( 'NONE', #1243, 1000.000000000000000 ) ;
#1788 = CIRCLE ( 'NONE', #1968, 2.499999999999993339 ) ;
#1789 = DIRECTION ( 'NONE',  ( -0.000000000000000000, 1.000000000000000000, -0.000000000000000000 ) ) ;
#1790 = FACE_OUTER_BOUND ( 'NONE', #459, .T. ) ;
#1791 = CARTESIAN_POINT ( 'NONE',  ( 0.000000000000000000, 5.499999999999999112, 8.250000000000000000 ) ) ;
#1792 = VERTEX_POINT ( 'NONE', #1971 ) ;
#1793 = DIRECTION ( 'NONE',  ( -0.000000000000000000, -1.000000000000000000, -0.000000000000000000 ) ) ;
#1794 = ADVANCED_FACE ( 'NONE', ( #1790 ), #1616, .F. ) ;
#1795 = EDGE_CURVE ( 'NONE', #219, #826, #1252, .T. ) ;
#1796 = EDGE_CURVE ( 'NONE', #1237, #1176, #31, .T. ) ;
#1797 = ORIENTED_EDGE ( 'NONE', *, *, #1313, .T. ) ;
#1798 = EDGE_LOOP ( 'NONE', ( #1763, #522, #683, #931 ) ) ;
#1799 = AXIS2_PLACEMENT_3D ( 'NONE', #481, #305, #138 ) ;
#1800 = DIRECTION ( 'NONE',  ( 0.000000000000000000, -0.000000000000000000, -1.000000000000000000 ) ) ;
#1801 = VECTOR ( 'NONE', #150, 1000.000000000000000 ) ;
#1802 = LINE ( 'NONE', #177, #1389 ) ;
#1803 = CARTESIAN_POINT ( 'NONE',  ( 9.999999999999987566, 11.50000000000000000, 11.24999999999999822 ) ) ;
#1804 = ORIENTED_EDGE ( 'NONE', *, *, #478, .F. ) ;
#1805 = CARTESIAN_POINT ( 'NONE',  ( 5.828427124746168531, 0.000000000000000000, 18.50000000000000355 ) ) ;
#1806 = ORIENTED_EDGE ( 'NONE', *, *, #2188, .T. ) ;
#1807 = ORIENTED_EDGE ( 'NONE', *, *, #1406, .F. ) ;
#1808 = ORIENTED_EDGE ( 'NONE', *, *, #1217, .F. ) ;
#1809 = CARTESIAN_POINT ( 'NONE',  ( 0.000000000000000000, 11.50000000000000000, 0.000000000000000000 ) ) ;
#1810 = EDGE_CURVE ( 'NONE', #158, #597, #903, .T. ) ;
#1811 = FACE_OUTER_BOUND ( 'NONE', #1668, .T. ) ;
#1812 = ORIENTED_EDGE ( 'NONE', *, *, #1068, .F. ) ;
#1813 = DIRECTION ( 'NONE',  ( 0.000000000000000000, 0.000000000000000000, 1.000000000000000000 ) ) ;
#1814 = ORIENTED_EDGE ( 'NONE', *, *, #942, .T. ) ;
#1815 = ORIENTED_EDGE ( 'NONE', *, *, #1107, .F. ) ;
#1816 = CARTESIAN_POINT ( 'NONE',  ( 0.000000000000000000, 10.30000000000000071, 0.000000000000000000 ) ) ;
#1817 = VECTOR ( 'NONE', #1075, 1000.000000000000000 ) ;
#1818 = EDGE_CURVE ( 'NONE', #666, #1542, #353, .T. ) ;
#1819 = EDGE_CURVE ( 'NONE', #1983, #1522, #1937, .T. ) ;
#1820 = CARTESIAN_POINT ( 'NONE',  ( -12.50000000000001954, 10.30000000000000071, 4.818676322157803883E-15 ) ) ;
#1821 = AXIS2_PLACEMENT_3D ( 'NONE', #1678, #1869, #423 ) ;
#1822 = FACE_OUTER_BOUND ( 'NONE', #56, .T. ) ;
#1823 = DIRECTION ( 'NONE',  ( -0.000000000000000000, 1.000000000000000000, -0.000000000000000000 ) ) ;
#1824 = FACE_OUTER_BOUND ( 'NONE', #951, .T. ) ;
#1825 = DIRECTION ( 'NONE',  ( -0.000000000000000000, -1.000000000000000000, -0.000000000000000000 ) ) ;
#1826 = DIRECTION ( 'NONE',  ( 0.000000000000000000, -0.000000000000000000, -1.000000000000000000 ) ) ;
#1827 = ORIENTED_EDGE ( 'NONE', *, *, #1850, .T. ) ;
#1828 = CIRCLE ( 'NONE', #2126, 2.499999999999998668 ) ;
#1829 = VECTOR ( 'NONE', #1326, 1000.000000000000000 ) ;
#1830 = CARTESIAN_POINT ( 'NONE',  ( 17.49999999999998934, -1.429775138004531790E-15, -6.000000000000002665 ) ) ;
#1831 = PLANE ( 'NONE',  #1284 ) ;
#1832 = ORIENTED_EDGE ( 'NONE', *, *, #681, .T. ) ;
#1833 = CARTESIAN_POINT ( 'NONE',  ( -5.999999999999949374, 10.30000000000000071, -2.058249404246464263E-14 ) ) ;
#1834 = CARTESIAN_POINT ( 'NONE',  ( -3.000000000000010214, 0.000000000000000000, -17.50000000000000000 ) ) ;
#1835 = LINE ( 'NONE', #772, #196 ) ;
#1836 = ORIENTED_EDGE ( 'NONE', *, *, #751, .T. ) ;
#1837 = CARTESIAN_POINT ( 'NONE',  ( -6.500000000000011546, 1.199999999999999956, 18.50000000000000355 ) ) ;
#1838 = CARTESIAN_POINT ( 'NONE',  ( -18.50000000000000355, 10.30000000000000071, -6.500000000000003553 ) ) ;
#1839 = DIRECTION ( 'NONE',  ( 0.000000000000000000, -1.000000000000000000, 0.000000000000000000 ) ) ;
#1840 = AXIS2_PLACEMENT_3D ( 'NONE', #1188, #523, #1403 ) ;
#1841 = ORIENTED_EDGE ( 'NONE', *, *, #1989, .T. ) ;
#1842 = DIRECTION ( 'NONE',  ( 0.000000000000000000, 0.000000000000000000, -1.000000000000000000 ) ) ;
#1843 = CARTESIAN_POINT ( 'NONE',  ( 6.000000000000043521, 10.30000000000000071, -15.49999999999998934 ) ) ;
#1844 = CARTESIAN_POINT ( 'NONE',  ( -10.00000000000001243, 11.50000000000000000, 11.25000000000000000 ) ) ;
#1845 = EDGE_LOOP ( 'NONE', ( #392, #571, #243, #1300, #1746, #1097, #434, #1268 ) ) ;
#1846 = LINE ( 'NONE', #1837, #871 ) ;
#1847 = ORIENTED_EDGE ( 'NONE', *, *, #1315, .F. ) ;
#1848 = DIRECTION ( 'NONE',  ( 0.000000000000000000, 0.000000000000000000, 1.000000000000000000 ) ) ;
#1849 = VECTOR ( 'NONE', #1748, 1000.000000000000000 ) ;
#1850 = EDGE_CURVE ( 'NONE', #1936, #2281, #2111, .T. ) ;
#1851 = LINE ( 'NONE', #765, #1686 ) ;
#1852 = AXIS2_PLACEMENT_3D ( 'NONE', #282, #1017, #1859 ) ;
#1853 = CIRCLE ( 'NONE', #832, 1.250000000000001110 ) ;
#1854 = FACE_OUTER_BOUND ( 'NONE', #1566, .T. ) ;
#1855 = DIRECTION ( 'NONE',  ( 0.000000000000000000, -0.000000000000000000, -1.000000000000000000 ) ) ;
#1856 = AXIS2_PLACEMENT_3D ( 'NONE', #260, #2032, #1684 ) ;
#1857 = VERTEX_POINT ( 'NONE', #1101 ) ;
#1858 = ORIENTED_EDGE ( 'NONE', *, *, #1580, .T. ) ;
#1859 = DIRECTION ( 'NONE',  ( 0.000000000000000000, 0.000000000000000000, 1.000000000000000000 ) ) ;
#1860 = ADVANCED_FACE ( 'NONE', ( #1240 ), #2298, .F. ) ;
#1861 = EDGE_CURVE ( 'NONE', #15, #851, #2286, .T. ) ;
#1862 = ORIENTED_EDGE ( 'NONE', *, *, #1987, .T. ) ;
#1863 = LINE ( 'NONE', #275, #1752 ) ;
#1864 = AXIS2_PLACEMENT_3D ( 'NONE', #1339, #804, #2203 ) ;
#1865 = CIRCLE ( 'NONE', #995, 8.250000000000000000 ) ;
#1866 = DIRECTION ( 'NONE',  ( 0.000000000000000000, 0.000000000000000000, 1.000000000000000000 ) ) ;
#1867 = CARTESIAN_POINT ( 'NONE',  ( -5.828427124746195176, 10.30000000000000071, 18.50000000000000355 ) ) ;
#1868 = CYLINDRICAL_SURFACE ( 'NONE', #462, 2.999999999999999112 ) ;
#1869 = DIRECTION ( 'NONE',  ( 0.000000000000000000, -1.000000000000000000, 0.000000000000000000 ) ) ;
#1870 = ORIENTED_EDGE ( 'NONE', *, *, #513, .F. ) ;
#1871 = DIRECTION ( 'NONE',  ( -0.000000000000000000, -1.000000000000000000, -0.000000000000000000 ) ) ;
#1872 = FACE_OUTER_BOUND ( 'NONE', #796, .T. ) ;
#1873 = ORIENTED_EDGE ( 'NONE', *, *, #645, .T. ) ;
#1874 = DIRECTION ( 'NONE',  ( 0.000000000000000000, 0.000000000000000000, -1.000000000000000000 ) ) ;
#1875 = EDGE_CURVE ( 'NONE', #91, #1051, #1282, .T. ) ;
#1876 = CIRCLE ( 'NONE', #620, 2.999999999999999112 ) ;
#1877 = DIRECTION ( 'NONE',  ( -0.000000000000000000, -1.000000000000000000, -0.000000000000000000 ) ) ;
#1878 = FACE_OUTER_BOUND ( 'NONE', #734, .T. ) ;
#1879 = CYLINDRICAL_SURFACE ( 'NONE', #1718, 2.999999999999999112 ) ;
#1880 = CIRCLE ( 'NONE', #973, 2.499999999999998668 ) ;
#1881 = CARTESIAN_POINT ( 'NONE',  ( 0.000000000000000000, 11.50000000000000000, 0.000000000000000000 ) ) ;
#1882 = EDGE_LOOP ( 'NONE', ( #1221, #1926, #722, #1256 ) ) ;
#1883 = CARTESIAN_POINT ( 'NONE',  ( -6.500000000000010658, 0.000000000000000000, 14.50000000000000178 ) ) ;
#1884 = ORIENTED_EDGE ( 'NONE', *, *, #336, .T. ) ;
#1885 = CARTESIAN_POINT ( 'NONE',  ( -5.999999999999952038, 10.30000000000000071, -15.50000000000001066 ) ) ;
#1886 = ORIENTED_EDGE ( 'NONE', *, *, #2198, .T. ) ;
#1887 = CARTESIAN_POINT ( 'NONE',  ( -3.000000000000009770, 0.000000000000000000, -12.50000000000000000 ) ) ;
#1888 = EDGE_CURVE ( 'NONE', #223, #1291, #646, .T. ) ;
#1889 = EDGE_CURVE ( 'NONE', #1468, #1462, #1802, .T. ) ;
#1890 = DIRECTION ( 'NONE',  ( 0.000000000000000000, 0.000000000000000000, -1.000000000000000000 ) ) ;
#1891 = DIRECTION ( 'NONE',  ( -0.000000000000000000, 1.000000000000000000, -0.000000000000000000 ) ) ;
#1892 = DIRECTION ( 'NONE',  ( 0.000000000000000000, 0.000000000000000000, -1.000000000000000000 ) ) ;
#1893 = ORIENTED_EDGE ( 'NONE', *, *, #1283, .F. ) ;
#1894 = CARTESIAN_POINT ( 'NONE',  ( -12.50000000000001776, 0.000000000000000000, -6.500000000000002665 ) ) ;
#1895 = ORIENTED_EDGE ( 'NONE', *, *, #2160, .T. ) ;
#1896 = ORIENTED_EDGE ( 'NONE', *, *, #263, .F. ) ;
#1897 = CARTESIAN_POINT ( 'NONE',  ( 2.999999999999990230, 0.000000000000000000, -17.50000000000000000 ) ) ;
#1898 = ORIENTED_EDGE ( 'NONE', *, *, #1110, .F. ) ;
#1899 = LINE ( 'NONE', #884, #2268 ) ;
#1900 = CARTESIAN_POINT ( 'NONE',  ( -10.00000000000001243, 4.000000000000000000, 11.24999999999999645 ) ) ;
#1901 = AXIS2_PLACEMENT_3D ( 'NONE', #340, #292, #328 ) ;
#1902 = AXIS2_PLACEMENT_3D ( 'NONE', #2011, #429, #1513 ) ;
#1903 = DIRECTION ( 'NONE',  ( -1.000000000000000000, 0.000000000000000000, 0.000000000000000000 ) ) ;
#1904 = DIRECTION ( 'NONE',  ( -0.000000000000000000, -1.000000000000000000, -0.000000000000000000 ) ) ;
#1905 = VERTEX_POINT ( 'NONE', #2123 ) ;
#1906 = LINE ( 'NONE', #655, #1259 ) ;
#1907 = ORIENTED_EDGE ( 'NONE', *, *, #1270, .F. ) ;
#1908 = ORIENTED_EDGE ( 'NONE', *, *, #1039, .F. ) ;
#1909 = DIRECTION ( 'NONE',  ( 0.000000000000000000, 1.000000000000000000, 0.000000000000000000 ) ) ;
#1910 = DIRECTION ( 'NONE',  ( -0.000000000000000000, -1.000000000000000000, -0.000000000000000000 ) ) ;
#1911 = LINE ( 'NONE', #641, #883 ) ;
#1912 = CARTESIAN_POINT ( 'NONE',  ( -12.50000000000001421, 10.30000000000000071, -15.50000000000000178 ) ) ;
#1913 = ORIENTED_EDGE ( 'NONE', *, *, #446, .T. ) ;
#1914 = DIRECTION ( 'NONE',  ( 0.000000000000000000, -0.000000000000000000, -1.000000000000000000 ) ) ;
#1915 = ORIENTED_EDGE ( 'NONE', *, *, #651, .F. ) ;
#1916 = EDGE_CURVE ( 'NONE', #891, #223, #1456, .T. ) ;
#1917 = ORIENTED_EDGE ( 'NONE', *, *, #1818, .F. ) ;
#1918 = VECTOR ( 'NONE', #605, 1000.000000000000000 ) ;
#1919 = CARTESIAN_POINT ( 'NONE',  ( 0.000000000000000000, 11.50000000000000000, 0.000000000000000000 ) ) ;
#1920 = EDGE_CURVE ( 'NONE', #367, #987, #1978, .T. ) ;
#1921 = FACE_OUTER_BOUND ( 'NONE', #1428, .T. ) ;
#1922 = CARTESIAN_POINT ( 'NONE',  ( -15.00000000000001066, 10.30000000000000071, -4.000000000000010658 ) ) ;
#1923 = EDGE_LOOP ( 'NONE', ( #2149, #2129, #695, #940 ) ) ;
#1924 = CIRCLE ( 'NONE', #1089, 2.999999999999999112 ) ;
#1925 = CARTESIAN_POINT ( 'NONE',  ( -15.00000000000001421, 10.30000000000000071, 6.499999999999999112 ) ) ;
#1926 = ORIENTED_EDGE ( 'NONE', *, *, #736, .F. ) ;
#1927 = EDGE_CURVE ( 'NONE', #1279, #1333, #2156, .T. ) ;
#1928 = LINE ( 'NONE', #2294, #28 ) ;
#1929 = CIRCLE ( 'NONE', #1821, 2.999999999999995559 ) ;
#1930 = CIRCLE ( 'NONE', #874, 2.999999999999999112 ) ;
#1931 = FACE_OUTER_BOUND ( 'NONE', #1264, .T. ) ;
#1932 =( NAMED_UNIT ( * ) PLANE_ANGLE_UNIT ( ) SI_UNIT ( $, .RADIAN. ) );
#1933 = ORIENTED_EDGE ( 'NONE', *, *, #1796, .T. ) ;
#1934 = CARTESIAN_POINT ( 'NONE',  ( 0.000000000000000000, 10.30000000000000071, -20.49999999999999645 ) ) ;
#1935 = CARTESIAN_POINT ( 'NONE',  ( -0.000000000000000000, 0.000000000000000000, 4.000000000000005329 ) ) ;
#1936 = VERTEX_POINT ( 'NONE', #1959 ) ;
#1937 = CIRCLE ( 'NONE', #1316, 1.024999999999991251 ) ;
#1938 = CARTESIAN_POINT ( 'NONE',  ( -5.828427124746201393, 10.30000000000000071, 14.50000000000000178 ) ) ;
#1939 = CIRCLE ( 'NONE', #427, 2.499999999999993339 ) ;
#1940 = ORIENTED_EDGE ( 'NONE', *, *, #336, .F. ) ;
#1941 = FACE_OUTER_BOUND ( 'NONE', #939, .T. ) ;
#1942 = CARTESIAN_POINT ( 'NONE',  ( -6.500000000000011546, 0.000000000000000000, 18.50000000000000355 ) ) ;
#1943 = DIRECTION ( 'NONE',  ( 1.000000000000000000, 0.000000000000000000, 0.000000000000000000 ) ) ;
#1944 = EDGE_CURVE ( 'NONE', #1598, #527, #570, .T. ) ;
#1945 = EDGE_LOOP ( 'NONE', ( #1836, #47, #1907, #1028 ) ) ;
#1946 = DIRECTION ( 'NONE',  ( -0.000000000000000000, 1.000000000000000000, -0.000000000000000000 ) ) ;
#1947 = LINE ( 'NONE', #1935, #794 ) ;
#1948 = ORIENTED_EDGE ( 'NONE', *, *, #579, .T. ) ;
#1949 = DIRECTION ( 'NONE',  ( 0.000000000000000000, 0.000000000000000000, 1.000000000000000000 ) ) ;
#1950 = ORIENTED_EDGE ( 'NONE', *, *, #30, .T. ) ;
#1951 = VERTEX_POINT ( 'NONE', #199 ) ;
#1952 = EDGE_CURVE ( 'NONE', #1231, #167, #925, .T. ) ;
#1953 = LINE ( 'NONE', #1966, #672 ) ;
#1954 = AXIS2_PLACEMENT_3D ( 'NONE', #2044, #463, #1175 ) ;
#1955 = DIRECTION ( 'NONE',  ( -0.000000000000000000, 1.000000000000000000, -0.000000000000000000 ) ) ;
#1956 = DIRECTION ( 'NONE',  ( 0.000000000000000000, -1.000000000000000000, 0.000000000000000000 ) ) ;
#1957 = EDGE_CURVE ( 'NONE', #1770, #1611, #560, .T. ) ;
#1958 = EDGE_CURVE ( 'NONE', #183, #791, #1246, .T. ) ;
#1959 = CARTESIAN_POINT ( 'NONE',  ( -15.00000000000001421, 10.30000000000000071, 4.000000000000005329 ) ) ;
#1960 = CYLINDRICAL_SURFACE ( 'NONE', #303, 1.249999999999999334 ) ;
#1961 = VERTEX_POINT ( 'NONE', #2001 ) ;
#1962 = CARTESIAN_POINT ( 'NONE',  ( 17.49999999999998934, 0.000000000000000000, 16.97500000000001208 ) ) ;
#1963 = ORIENTED_EDGE ( 'NONE', *, *, #173, .T. ) ;
#1964 = AXIS2_PLACEMENT_3D ( 'NONE', #399, #1653, #583 ) ;
#1965 = EDGE_LOOP ( 'NONE', ( #2159, #1036, #4, #2194 ) ) ;
#1966 = CARTESIAN_POINT ( 'NONE',  ( -6.500000000000010658, 1.199999999999999956, 14.50000000000000178 ) ) ;
#1967 = VECTOR ( 'NONE', #435, 1000.000000000000000 ) ;
#1968 = AXIS2_PLACEMENT_3D ( 'NONE', #1529, #1387, #1892 ) ;
#1969 = CIRCLE ( 'NONE', #157, 1.024999999999991251 ) ;
#1970 = CARTESIAN_POINT ( 'NONE',  ( 9.999999999999987566, 11.50000000000000000, -10.00000000000000178 ) ) ;
#1971 = CARTESIAN_POINT ( 'NONE',  ( -10.00000000000001243, 11.50000000000000000, 8.749999999999998224 ) ) ;
#1972 = DIRECTION ( 'NONE',  ( 1.000000000000000000, 0.000000000000000000, 2.891205793294678819E-16 ) ) ;
#1973 = EDGE_LOOP ( 'NONE', ( #1584, #35 ) ) ;
#1974 = DIRECTION ( 'NONE',  ( 0.000000000000000000, 0.000000000000000000, 1.000000000000000000 ) ) ;
#1975 = ORIENTED_EDGE ( 'NONE', *, *, #417, .F. ) ;
#1976 = EDGE_CURVE ( 'NONE', #758, #156, #220, .T. ) ;
#1977 = ORIENTED_EDGE ( 'NONE', *, *, #1888, .F. ) ;
#1978 = CIRCLE ( 'NONE', #1576, 1.024999999999987699 ) ;
#1979 = CARTESIAN_POINT ( 'NONE',  ( -16.00000000000001421, 10.30000000000000071, 15.50000000000000000 ) ) ;
#1980 = CIRCLE ( 'NONE', #1132, 2.499999999999993339 ) ;
#1981 = EDGE_CURVE ( 'NONE', #2204, #44, #625, .T. ) ;
#1982 = CARTESIAN_POINT ( 'NONE',  ( 28.99999999999998934, 11.50000000000000000, -22.00000000000000000 ) ) ;
#1983 = VERTEX_POINT ( 'NONE', #77 ) ;
#1984 = CYLINDRICAL_SURFACE ( 'NONE', #134, 1.024999999999991251 ) ;
#1985 = ORIENTED_EDGE ( 'NONE', *, *, #1549, .F. ) ;
#1986 = VERTEX_POINT ( 'NONE', #800 ) ;
#1987 = EDGE_CURVE ( 'NONE', #1502, #669, #64, .T. ) ;
#1988 = DIRECTION ( 'NONE',  ( 0.000000000000000000, 0.000000000000000000, -1.000000000000000000 ) ) ;
#1989 = EDGE_CURVE ( 'NONE', #46, #122, #1828, .T. ) ;
#1990 = LINE ( 'NONE', #1198, #1149 ) ;
#1991 = DIRECTION ( 'NONE',  ( 0.000000000000000000, 1.000000000000000000, 0.000000000000000000 ) ) ;
#1992 = CARTESIAN_POINT ( 'NONE',  ( 17.49999999999998934, 0.000000000000000000, 19.02499999999998792 ) ) ;
#1993 = LINE ( 'NONE', #422, #1784 ) ;
#1994 = VERTEX_POINT ( 'NONE', #2021 ) ;
#1995 = VERTEX_POINT ( 'NONE', #786 ) ;
#1996 = CARTESIAN_POINT ( 'NONE',  ( 6.499999999999987566, 0.000000000000000000, 18.50000000000000355 ) ) ;
#1997 = ORIENTED_EDGE ( 'NONE', *, *, #2083, .F. ) ;
#1998 = DIRECTION ( 'NONE',  ( 0.000000000000000000, 0.000000000000000000, -1.000000000000000000 ) ) ;
#1999 = VECTOR ( 'NONE', #2230, 1000.000000000000000 ) ;
#2000 = ADVANCED_FACE ( 'NONE', ( #1811 ), #87, .F. ) ;
#2001 = CARTESIAN_POINT ( 'NONE',  ( -20.75000000008231282, 0.000000000000000000, -22.00000000000000000 ) ) ;
#2002 = PLANE ( 'NONE',  #2211 ) ;
#2003 = CARTESIAN_POINT ( 'NONE',  ( 17.49999999999998934, 0.000000000000000000, -19.02499999999999503 ) ) ;
#2004 = CARTESIAN_POINT ( 'NONE',  ( -12.50000000000001421, 10.30000000000000071, 15.50000000000000000 ) ) ;
#2005 = ORIENTED_EDGE ( 'NONE', *, *, #2102, .T. ) ;
#2006 = CARTESIAN_POINT ( 'NONE',  ( 9.999999999999987566, 4.000000000000000000, -11.25000000000000000 ) ) ;
#2007 = AXIS2_PLACEMENT_3D ( 'NONE', #1216, #1741, #152 ) ;
#2008 = DIRECTION ( 'NONE',  ( -0.000000000000000000, -1.000000000000000000, -0.000000000000000000 ) ) ;
#2009 = ADVANCED_FACE ( 'NONE', ( #1335 ), #1305, .T. ) ;
#2010 = EDGE_CURVE ( 'NONE', #791, #183, #1865, .T. ) ;
#2011 = CARTESIAN_POINT ( 'NONE',  ( 2.999999999999987121, 10.30000000000000071, 17.49999999999999645 ) ) ;
#2012 = CARTESIAN_POINT ( 'NONE',  ( -6.000000000000008882, 10.30000000000000071, 17.49999999999998579 ) ) ;
#2013 = CARTESIAN_POINT ( 'NONE',  ( -3.000000000000009770, 10.30000000000000071, -12.50000000000000000 ) ) ;
#2014 = CARTESIAN_POINT ( 'NONE',  ( 2.999999999999991118, 0.000000000000000000, -20.49999999999999645 ) ) ;
#2015 = ORIENTED_EDGE ( 'NONE', *, *, #868, .T. ) ;
#2016 = CARTESIAN_POINT ( 'NONE',  ( 6.000000000000043521, 10.30000000000000071, -15.49999999999998934 ) ) ;
#2017 = ORIENTED_EDGE ( 'NONE', *, *, #316, .F. ) ;
#2018 = CIRCLE ( 'NONE', #1040, 1.250000000000001110 ) ;
#2019 = FACE_OUTER_BOUND ( 'NONE', #554, .T. ) ;
#2020 = CIRCLE ( 'NONE', #900, 1.250000000000001110 ) ;
#2021 = CARTESIAN_POINT ( 'NONE',  ( -15.00000000000001066, 10.30000000000000071, -4.000000000000010658 ) ) ;
#2022 = AXIS2_PLACEMENT_3D ( 'NONE', #1830, #1128, #843 ) ;
#2023 = ORIENTED_EDGE ( 'NONE', *, *, #1217, .T. ) ;
#2024 = EDGE_CURVE ( 'NONE', #160, #61, #1851, .T. ) ;
#2025 = CARTESIAN_POINT ( 'NONE',  ( -1.734723475976807094E-15, 5.500000000000000000, 0.000000000000000000 ) ) ;
#2026 = ADVANCED_FACE ( 'NONE', ( #813 ), #262, .F. ) ;
#2027 = CARTESIAN_POINT ( 'NONE',  ( -15.00000000000001421, 10.30000000000000071, 18.00000000000000000 ) ) ;
#2028 = CARTESIAN_POINT ( 'NONE',  ( 2.999999999999986677, 0.000000000000000000, 12.50000000000000178 ) ) ;
#2029 = VERTEX_POINT ( 'NONE', #1120 ) ;
#2030 = DIRECTION ( 'NONE',  ( -3.854941057726237604E-16, 0.000000000000000000, -1.000000000000000000 ) ) ;
#2031 = ORIENTED_EDGE ( 'NONE', *, *, #590, .T. ) ;
#2032 = DIRECTION ( 'NONE',  ( -0.000000000000000000, -1.000000000000000000, -0.000000000000000000 ) ) ;
#2033 = VECTOR ( 'NONE', #49, 1000.000000000000000 ) ;
#2034 = CARTESIAN_POINT ( 'NONE',  ( 17.49999999999998934, 6.349999999999996980, -6.000000000000002665 ) ) ;
#2035 = ORIENTED_EDGE ( 'NONE', *, *, #856, .F. ) ;
#2036 = VECTOR ( 'NONE', #1424, 1000.000000000000000 ) ;
#2037 = DIRECTION ( 'NONE',  ( -0.000000000000000000, -1.000000000000000000, -0.000000000000000000 ) ) ;
#2038 = FACE_OUTER_BOUND ( 'NONE', #635, .T. ) ;
#2039 = AXIS2_PLACEMENT_3D ( 'NONE', #833, #1358, #300 ) ;
#2040 = LINE ( 'NONE', #1124, #1200 ) ;
#2041 = ORIENTED_EDGE ( 'NONE', *, *, #1118, .T. ) ;
#2042 = FACE_OUTER_BOUND ( 'NONE', #1156, .T. ) ;
#2043 = EDGE_CURVE ( 'NONE', #1905, #370, #1111, .T. ) ;
#2044 = CARTESIAN_POINT ( 'NONE',  ( 2.999999999999986677, 0.000000000000000000, 15.49999999999999467 ) ) ;
#2045 = ORIENTED_EDGE ( 'NONE', *, *, #797, .F. ) ;
#2046 = PLANE ( 'NONE',  #2039 ) ;
#2047 = CIRCLE ( 'NONE', #2237, 2.499999999999992006 ) ;
#2048 = AXIS2_PLACEMENT_3D ( 'NONE', #2260, #1910, #676 ) ;
#2049 = CARTESIAN_POINT ( 'NONE',  ( 2.999999999999987121, 10.30000000000000071, 20.49999999999999289 ) ) ;
#2050 = EDGE_CURVE ( 'NONE', #733, #1379, #581, .T. ) ;
#2051 = CARTESIAN_POINT ( 'NONE',  ( -3.000000000000009770, 10.30000000000000071, -15.50000000000000000 ) ) ;
#2052 = DIRECTION ( 'NONE',  ( 0.000000000000000000, 0.000000000000000000, -1.000000000000000000 ) ) ;
#2053 = FACE_OUTER_BOUND ( 'NONE', #2220, .T. ) ;
#2054 = EDGE_LOOP ( 'NONE', ( #1199, #324, #1603, #320 ) ) ;
#2055 = ADVANCED_FACE ( 'NONE', ( #1822 ), #1831, .T. ) ;
#2056 = DIRECTION ( 'NONE',  ( 0.000000000000000000, 1.000000000000000000, 0.000000000000000000 ) ) ;
#2057 = EDGE_CURVE ( 'NONE', #743, #1004, #2201, .T. ) ;
#2058 = VERTEX_POINT ( 'NONE', #238 ) ;
#2059 = ADVANCED_FACE ( 'NONE', ( #1478 ), #965, .F. ) ;
#2060 = CYLINDRICAL_SURFACE ( 'NONE', #1840, 2.999999999999995559 ) ;
#2061 = ORIENTED_EDGE ( 'NONE', *, *, #1415, .T. ) ;
#2062 = DIRECTION ( 'NONE',  ( 0.000000000000000000, 0.000000000000000000, 1.000000000000000000 ) ) ;
#2063 = CARTESIAN_POINT ( 'NONE',  ( 9.999999999999987566, 4.000000000000000000, 11.24999999999999645 ) ) ;
#2064 = PLANE ( 'NONE',  #1799 ) ;
#2065 = CYLINDRICAL_SURFACE ( 'NONE', #2264, 1.024999999999989475 ) ;
#2066 = EDGE_LOOP ( 'NONE', ( #2078, #1620 ) ) ;
#2067 = DIRECTION ( 'NONE',  ( 0.000000000000000000, -0.000000000000000000, -1.000000000000000000 ) ) ;
#2068 = ORIENTED_EDGE ( 'NONE', *, *, #2157, .F. ) ;
#2069 = ORIENTED_EDGE ( 'NONE', *, *, #1174, .T. ) ;
#2070 = PLANE ( 'NONE',  #1592 ) ;
#2071 = ORIENTED_EDGE ( 'NONE', *, *, #705, .T. ) ;
#2072 = DIRECTION ( 'NONE',  ( -0.000000000000000000, -1.000000000000000000, -0.000000000000000000 ) ) ;
#2073 = DIRECTION ( 'NONE',  ( 0.000000000000000000, 0.000000000000000000, 1.000000000000000000 ) ) ;
#2074 = CIRCLE ( 'NONE', #1452, 2.999999999999997335 ) ;
#2075 = DIRECTION ( 'NONE',  ( 0.000000000000000000, 0.000000000000000000, -1.000000000000000000 ) ) ;
#2076 = VECTOR ( 'NONE', #168, 1000.000000000000000 ) ;
#2077 = CARTESIAN_POINT ( 'NONE',  ( 5.828427124746168531, 1.199999999999999734, 18.50000000000000355 ) ) ;
#2078 = ORIENTED_EDGE ( 'NONE', *, *, #1485, .F. ) ;
#2079 = DIRECTION ( 'NONE',  ( 0.000000000000000000, -1.000000000000000000, 0.000000000000000000 ) ) ;
#2080 = ORIENTED_EDGE ( 'NONE', *, *, #1751, .T. ) ;
#2081 = AXIS2_PLACEMENT_3D ( 'NONE', #998, #2209, #1523 ) ;
#2082 = ORIENTED_EDGE ( 'NONE', *, *, #1180, .F. ) ;
#2083 = EDGE_CURVE ( 'NONE', #158, #1279, #1572, .T. ) ;
#2084 = DIRECTION ( 'NONE',  ( -1.000000000000000000, 0.000000000000000000, -0.000000000000000000 ) ) ;
#2085 = FACE_BOUND ( 'NONE', #2066, .T. ) ;
#2086 = CARTESIAN_POINT ( 'NONE',  ( 17.49999999999998934, 6.349999999999996980, -18.00000000000000355 ) ) ;
#2087 = AXIS2_PLACEMENT_3D ( 'NONE', #1676, #252, #79 ) ;
#2088 = EDGE_CURVE ( 'NONE', #1276, #1299, #885, .T. ) ;
#2089 = VECTOR ( 'NONE', #1046, 1000.000000000000000 ) ;
#2090 = EDGE_CURVE ( 'NONE', #370, #669, #1191, .T. ) ;
#2091 = LINE ( 'NONE', #495, #1130 ) ;
#2092 = FACE_OUTER_BOUND ( 'NONE', #909, .T. ) ;
#2093 = ORIENTED_EDGE ( 'NONE', *, *, #163, .T. ) ;
#2094 = CARTESIAN_POINT ( 'NONE',  ( 0.000000000000000000, 10.30000000000000071, 0.000000000000000000 ) ) ;
#2095 = EDGE_LOOP ( 'NONE', ( #58, #1713, #1286, #1807, #1064, #1357 ) ) ;
#2096 = ORIENTED_EDGE ( 'NONE', *, *, #1796, .F. ) ;
#2097 = CARTESIAN_POINT ( 'NONE',  ( -16.00000000000001421, 0.000000000000000000, 4.000000000000005329 ) ) ;
#2098 = ORIENTED_EDGE ( 'NONE', *, *, #2160, .F. ) ;
#2099 = EDGE_CURVE ( 'NONE', #2172, #1266, #1171, .T. ) ;
#2100 = PLANE ( 'NONE',  #1344 ) ;
#2101 = CYLINDRICAL_SURFACE ( 'NONE', #1901, 1.249999999999999334 ) ;
#2102 = EDGE_CURVE ( 'NONE', #1402, #937, #807, .T. ) ;
#2103 = CARTESIAN_POINT ( 'NONE',  ( -3.000000000000010214, 10.30000000000000071, -17.50000000000000000 ) ) ;
#2104 = CARTESIAN_POINT ( 'NONE',  ( 6.499999999999987566, 1.199999999999999956, 18.50000000000000355 ) ) ;
#2105 = VERTEX_POINT ( 'NONE', #2063 ) ;
#2106 =( NAMED_UNIT ( * ) PLANE_ANGLE_UNIT ( ) SI_UNIT ( $, .RADIAN. ) );
#2107 = FACE_BOUND ( 'NONE', #974, .T. ) ;
#2108 = PRODUCT_DEFINITION_CONTEXT ( 'detailed design', #898, 'design' ) ;
#2109 = CARTESIAN_POINT ( 'NONE',  ( -15.00000000000001421, 0.000000000000000000, 4.000000000000005329 ) ) ;
#2110 = ORIENTED_EDGE ( 'NONE', *, *, #106, .F. ) ;
#2111 = LINE ( 'NONE', #2137, #687 ) ;
#2112 = CYLINDRICAL_SURFACE ( 'NONE', #1569, 1.024999999999989475 ) ;
#2113 = VERTEX_POINT ( 'NONE', #1524 ) ;
#2114 = AXIS2_PLACEMENT_3D ( 'NONE', #361, #511, #325 ) ;
#2115 = CARTESIAN_POINT ( 'NONE',  ( -18.50000000000000355, 0.000000000000000000, -15.50000000000000178 ) ) ;
#2116 = ORIENTED_EDGE ( 'NONE', *, *, #93, .T. ) ;
#2117 = ORIENTED_EDGE ( 'NONE', *, *, #886, .T. ) ;
#2118 = LINE ( 'NONE', #866, #1849 ) ;
#2119 = AXIS2_PLACEMENT_3D ( 'NONE', #1226, #1193, #140 ) ;
#2120 = ADVANCED_FACE ( 'NONE', ( #1202 ), #455, .F. ) ;
#2121 = DIRECTION ( 'NONE',  ( -0.000000000000000000, -1.000000000000000000, -0.000000000000000000 ) ) ;
#2122 = APPLICATION_PROTOCOL_DEFINITION ( 'draft international standard', 'automotive_design', 1998, #898 ) ;
#2123 = CARTESIAN_POINT ( 'NONE',  ( -3.000000000000012879, 10.30000000000000071, 20.49999999999999289 ) ) ;
#2124 = PLANE ( 'NONE',  #1422 ) ;
#2125 = ORIENTED_EDGE ( 'NONE', *, *, #724, .T. ) ;
#2126 = AXIS2_PLACEMENT_3D ( 'NONE', #1317, #1839, #1648 ) ;
#2127 = FACE_OUTER_BOUND ( 'NONE', #385, .T. ) ;
#2128 = VECTOR ( 'NONE', #1236, 1000.000000000000000 ) ;
#2129 = ORIENTED_EDGE ( 'NONE', *, *, #365, .F. ) ;
#2130 = ORIENTED_EDGE ( 'NONE', *, *, #879, .F. ) ;
#2131 = CARTESIAN_POINT ( 'NONE',  ( -16.00000000000001421, 10.30000000000000071, 18.00000000000000000 ) ) ;
#2132 = VERTEX_POINT ( 'NONE', #1033 ) ;
#2133 = EDGE_CURVE ( 'NONE', #851, #1770, #83, .T. ) ;
#2134 = FACE_OUTER_BOUND ( 'NONE', #371, .T. ) ;
#2135 = ADVANCED_FACE ( 'NONE', ( #1359 ), #1023, .F. ) ;
#2136 = CYLINDRICAL_SURFACE ( 'NONE', #202, 1.249999999999999334 ) ;
#2137 = CARTESIAN_POINT ( 'NONE',  ( -15.00000000000001421, 10.30000000000000071, 4.000000000000005329 ) ) ;
#2138 = CARTESIAN_POINT ( 'NONE',  ( 5.999999999999989342, 1.199999999999999734, 15.50000000000000533 ) ) ;
#2139 = VERTEX_POINT ( 'NONE', #1384 ) ;
#2140 = CARTESIAN_POINT ( 'NONE',  ( 5.828427124746175636, 10.30000000000000071, 14.50000000000000178 ) ) ;
#2141 = EDGE_LOOP ( 'NONE', ( #1321, #746, #384, #840 ) ) ;
#2142 = ORIENTED_EDGE ( 'NONE', *, *, #2302, .F. ) ;
#2143 = FACE_OUTER_BOUND ( 'NONE', #1113, .T. ) ;
#2144 = CARTESIAN_POINT ( 'NONE',  ( 17.49999999999998934, 6.349999999999994316, -18.00000000000000355 ) ) ;
#2145 = CARTESIAN_POINT ( 'NONE',  ( 9.999999999999987566, 4.000000000000000000, -10.00000000000000178 ) ) ;
#2146 = CARTESIAN_POINT ( 'NONE',  ( -6.500000000000010658, 0.000000000000000000, 14.50000000000000178 ) ) ;
#2147 = EDGE_LOOP ( 'NONE', ( #1917, #1832, #343, #684 ) ) ;
#2148 = CYLINDRICAL_SURFACE ( 'NONE', #2178, 8.249999999999992895 ) ;
#2149 = ORIENTED_EDGE ( 'NONE', *, *, #2272, .T. ) ;
#2150 = AXIS2_PLACEMENT_3D ( 'NONE', #372, #1098, #206 ) ;
#2151 = EDGE_LOOP ( 'NONE', ( #2005, #1896, #2061, #2176, #116, #1461, #108, #2082 ) ) ;
#2152 = DIRECTION ( 'NONE',  ( 0.000000000000000000, -1.000000000000000000, 0.000000000000000000 ) ) ;
#2153 = AXIS2_PLACEMENT_3D ( 'NONE', #897, #2295, #1249 ) ;
#2154 = AXIS2_PLACEMENT_3D ( 'NONE', #849, #319, #1206 ) ;
#2155 = VECTOR ( 'NONE', #1177, 1000.000000000000000 ) ;
#2156 = LINE ( 'NONE', #729, #569 ) ;
#2157 = EDGE_CURVE ( 'NONE', #1634, #743, #1980, .T. ) ;
#2158 = DIRECTION ( 'NONE',  ( 1.000000000000000000, 0.000000000000000000, 0.000000000000000000 ) ) ;
#2159 = ORIENTED_EDGE ( 'NONE', *, *, #907, .F. ) ;
#2160 = EDGE_CURVE ( 'NONE', #1462, #1276, #847, .T. ) ;
#2161 = DIRECTION ( 'NONE',  ( 3.430415673744137212E-15, 0.000000000000000000, -1.000000000000000000 ) ) ;
#2162 = PRODUCT_DEFINITION ( 'UNKNOWN', '', #314, #2108 ) ;
#2163 = ORIENTED_EDGE ( 'NONE', *, *, #1957, .F. ) ;
#2164 = ORIENTED_EDGE ( 'NONE', *, *, #691, .F. ) ;
#2165 = AXIS2_PLACEMENT_3D ( 'NONE', #2250, #1351, #837 ) ;
#2166 = DIRECTION ( 'NONE',  ( -0.000000000000000000, 1.000000000000000000, -0.000000000000000000 ) ) ;
#2167 = AXIS2_PLACEMENT_3D ( 'NONE', #480, #2223, #1890 ) ;
#2168 = ORIENTED_EDGE ( 'NONE', *, *, #1303, .T. ) ;
#2169 = ADVANCED_FACE ( 'NONE', ( #1705 ), #1000, .F. ) ;
#2170 = FACE_OUTER_BOUND ( 'NONE', #680, .T. ) ;
#2171 = DIRECTION ( 'NONE',  ( 1.000000000000000000, 0.000000000000000000, 0.000000000000000000 ) ) ;
#2172 = VERTEX_POINT ( 'NONE', #1900 ) ;
#2173 = DIRECTION ( 'NONE',  ( -0.000000000000000000, 1.000000000000000000, -0.000000000000000000 ) ) ;
#2174 = DIRECTION ( 'NONE',  ( 0.000000000000000000, 0.000000000000000000, -1.000000000000000000 ) ) ;
#2175 = CARTESIAN_POINT ( 'NONE',  ( -12.50000000000001421, 0.000000000000000000, 15.50000000000000000 ) ) ;
#2176 = ORIENTED_EDGE ( 'NONE', *, *, #1889, .T. ) ;
#2177 = DIRECTION ( 'NONE',  ( 0.000000000000000000, -0.000000000000000000, -1.000000000000000000 ) ) ;
#2178 = AXIS2_PLACEMENT_3D ( 'NONE', #1277, #2173, #1974 ) ;
#2179 = PRESENTATION_LAYER_ASSIGNMENT (  '', '', ( #858 ) ) ;
#2180 = ADVANCED_FACE ( 'NONE', ( #834 ), #315, .F. ) ;
#2181 = DIRECTION ( 'NONE',  ( 0.000000000000000000, 0.000000000000000000, -1.000000000000000000 ) ) ;
#2182 = DIRECTION ( 'NONE',  ( -1.000000000000000000, 0.000000000000000000, -0.000000000000000000 ) ) ;
#2183 = CARTESIAN_POINT ( 'NONE',  ( 6.000000000000042633, 0.000000000000000000, 2.058249404246496448E-14 ) ) ;
#2184 = CARTESIAN_POINT ( 'NONE',  ( 5.999999999999986677, 10.30000000000000071, 15.50000000000000533 ) ) ;
#2185 = DIRECTION ( 'NONE',  ( 0.000000000000000000, 0.000000000000000000, -1.000000000000000000 ) ) ;
#2186 = ORIENTED_EDGE ( 'NONE', *, *, #1652, .T. ) ;
#2187 = CARTESIAN_POINT ( 'NONE',  ( -18.50000000000001421, 10.30000000000000071, 15.50000000000000000 ) ) ;
#2188 = EDGE_CURVE ( 'NONE', #1986, #158, #2249, .T. ) ;
#2189 = AXIS2_PLACEMENT_3D ( 'NONE', #1260, #1955, #373 ) ;
#2190 = AXIS2_PLACEMENT_3D ( 'NONE', #1471, #1483, #608 ) ;
#2191 = DIRECTION ( 'NONE',  ( -3.430415673744136424E-15, 0.000000000000000000, 1.000000000000000000 ) ) ;
#2192 = DIRECTION ( 'NONE',  ( 1.000000000000000000, -0.000000000000000000, 3.430415673744137212E-15 ) ) ;
#2193 = FACE_OUTER_BOUND ( 'NONE', #754, .T. ) ;
#2194 = ORIENTED_EDGE ( 'NONE', *, *, #1585, .T. ) ;
#2195 = LINE ( 'NONE', #644, #1 ) ;
#2196 = VECTOR ( 'NONE', #549, 1000.000000000000000 ) ;
#2197 = AXIS2_PLACEMENT_3D ( 'NONE', #2086, #639, #467 ) ;
#2198 = EDGE_CURVE ( 'NONE', #1567, #205, #98, .T. ) ;
#2199 = EDGE_CURVE ( 'NONE', #1961, #709, #137, .T. ) ;
#2200 = DIRECTION ( 'NONE',  ( 0.000000000000000000, 0.000000000000000000, -1.000000000000000000 ) ) ;
#2201 = LINE ( 'NONE', #958, #125 ) ;
#2202 = CARTESIAN_POINT ( 'NONE',  ( 0.000000000000000000, 10.30000000000000071, -17.99999999999999645 ) ) ;
#2203 = DIRECTION ( 'NONE',  ( 0.000000000000000000, 0.000000000000000000, -1.000000000000000000 ) ) ;
#2204 = VERTEX_POINT ( 'NONE', #859 ) ;
#2205 = EDGE_LOOP ( 'NONE', ( #1841, #1330, #711, #1950 ) ) ;
#2206 = PLANE ( 'NONE',  #192 ) ;
#2207 = ORIENTED_EDGE ( 'NONE', *, *, #321, .T. ) ;
#2208 = AXIS2_PLACEMENT_3D ( 'NONE', #1925, #696, #1412 ) ;
#2209 = DIRECTION ( 'NONE',  ( -0.000000000000000000, -1.000000000000000000, -0.000000000000000000 ) ) ;
#2210 = CARTESIAN_POINT ( 'NONE',  ( -10.00000000000001421, 4.000000000000000000, 9.999999999999998224 ) ) ;
#2211 = AXIS2_PLACEMENT_3D ( 'NONE', #2025, #1662, #441 ) ;
#2212 = LINE ( 'NONE', #2202, #62 ) ;
#2213 = ADVANCED_FACE ( 'NONE', ( #1560 ), #1740, .F. ) ;
#2214 = CARTESIAN_POINT ( 'NONE',  ( -6.000000000000008882, 0.000000000000000000, -17.50000000000001066 ) ) ;
#2215 = PLANE ( 'NONE',  #2190 ) ;
#2216 = EDGE_LOOP ( 'NONE', ( #731, #1530, #1589, #1780 ) ) ;
#2217 = CARTESIAN_POINT ( 'NONE',  ( 2.999999999999987121, 0.000000000000000000, 20.49999999999999289 ) ) ;
#2218 = EDGE_CURVE ( 'NONE', #1691, #1379, #1939, .T. ) ;
#2219 = CARTESIAN_POINT ( 'NONE',  ( -6.500000000000011546, 1.199999999999999956, 18.50000000000000355 ) ) ;
#2220 = EDGE_LOOP ( 'NONE', ( #1665, #1109, #215, #2045 ) ) ;
#2221 = LINE ( 'NONE', #637, #568 ) ;
#2222 = AXIS2_PLACEMENT_3D ( 'NONE', #556, #415, #760 ) ;
#2223 = DIRECTION ( 'NONE',  ( 0.000000000000000000, -1.000000000000000000, 0.000000000000000000 ) ) ;
#2224 = AXIS2_PLACEMENT_3D ( 'NONE', #890, #1779, #1093 ) ;
#2225 = CARTESIAN_POINT ( 'NONE',  ( 9.999999999999987566, 11.50000000000000000, -8.750000000000000000 ) ) ;
#2226 = EDGE_CURVE ( 'NONE', #1266, #1792, #514, .T. ) ;
#2227 = DIRECTION ( 'NONE',  ( -0.000000000000000000, 1.000000000000000000, -0.000000000000000000 ) ) ;
#2228 = VECTOR ( 'NONE', #149, 1000.000000000000000 ) ;
#2229 = EDGE_CURVE ( 'NONE', #156, #962, #1271, .T. ) ;
#2230 = DIRECTION ( 'NONE',  ( -0.000000000000000000, -1.000000000000000000, -0.000000000000000000 ) ) ;
#2231 = ORIENTED_EDGE ( 'NONE', *, *, #1976, .T. ) ;
#2232 = DIRECTION ( 'NONE',  ( -0.000000000000000000, 1.000000000000000000, -0.000000000000000000 ) ) ;
#2233 = PRODUCT_DEFINITION_SHAPE ( 'NONE', 'NONE',  #2162 ) ;
#2234 = DIRECTION ( 'NONE',  ( -0.000000000000000000, -1.000000000000000000, -0.000000000000000000 ) ) ;
#2235 = ORIENTED_EDGE ( 'NONE', *, *, #1233, .F. ) ;
#2236 = CARTESIAN_POINT ( 'NONE',  ( -3.000000000000010214, 10.30000000000000071, -20.49999999999999645 ) ) ;
#2237 = AXIS2_PLACEMENT_3D ( 'NONE', #1154, #1122, #265 ) ;
#2238 = DIRECTION ( 'NONE',  ( -0.000000000000000000, 1.000000000000000000, -0.000000000000000000 ) ) ;
#2239 = DIRECTION ( 'NONE',  ( -0.000000000000000000, -1.000000000000000000, -0.000000000000000000 ) ) ;
#2240 = FACE_BOUND ( 'NONE', #1052, .T. ) ;
#2241 = DIRECTION ( 'NONE',  ( -0.000000000000000000, -1.000000000000000000, -0.000000000000000000 ) ) ;
#2242 = ORIENTED_EDGE ( 'NONE', *, *, #241, .T. ) ;
#2243 = DIRECTION ( 'NONE',  ( 1.000000000000000000, 0.000000000000000000, 0.000000000000000000 ) ) ;
#2244 = ORIENTED_EDGE ( 'NONE', *, *, #1180, .T. ) ;
#2245 = AXIS2_PLACEMENT_3D ( 'NONE', #1153, #2037, #1327 ) ;
#2246 = CARTESIAN_POINT ( 'NONE',  ( -16.00000000000001421, 10.30000000000000071, 6.499999999999999112 ) ) ;
#2247 = ORIENTED_EDGE ( 'NONE', *, *, #2099, .T. ) ;
#2248 = FACE_OUTER_BOUND ( 'NONE', #798, .T. ) ;
#2249 = LINE ( 'NONE', #1369, #844 ) ;
#2250 = CARTESIAN_POINT ( 'NONE',  ( -10.00000000000001243, 11.50000000000000000, -10.00000000000000178 ) ) ;
#2251 = COLOUR_RGB ( '',0.7921568627450980005, 0.8196078431372548767, 0.9333333333333333481 ) ;
#2252 = CARTESIAN_POINT ( 'NONE',  ( 9.999999999999987566, 4.000000000000000000, 8.750000000000000000 ) ) ;
#2253 = DIRECTION ( 'NONE',  ( -1.000000000000000000, 0.000000000000000000, -2.891205793294678819E-16 ) ) ;
#2254 = ORIENTED_EDGE ( 'NONE', *, *, #690, .T. ) ;
#2255 = ORIENTED_EDGE ( 'NONE', *, *, #1652, .F. ) ;
#2256 = DIRECTION ( 'NONE',  ( -0.000000000000000000, -1.000000000000000000, -0.000000000000000000 ) ) ;
#2257 = EDGE_CURVE ( 'NONE', #497, #1103, #1646, .T. ) ;
#2258 = DIRECTION ( 'NONE',  ( -3.430415673744136424E-15, 0.000000000000000000, 1.000000000000000000 ) ) ;
#2259 = EDGE_CURVE ( 'NONE', #1211, #733, #557, .T. ) ;
#2260 = CARTESIAN_POINT ( 'NONE',  ( -15.00000000000001066, 10.30000000000000071, -6.500000000000002665 ) ) ;
#2261 = CIRCLE ( 'NONE', #1743, 8.249999999999985789 ) ;
#2262 = FACE_OUTER_BOUND ( 'NONE', #1945, .T. ) ;
#2263 = AXIS2_PLACEMENT_3D ( 'NONE', #472, #1185, #827 ) ;
#2264 = AXIS2_PLACEMENT_3D ( 'NONE', #694, #1904, #496 ) ;
#2265 = DIRECTION ( 'NONE',  ( -0.000000000000000000, 1.000000000000000000, -0.000000000000000000 ) ) ;
#2266 = LINE ( 'NONE', #1037, #1787 ) ;
#2267 = ORIENTED_EDGE ( 'NONE', *, *, #952, .F. ) ;
#2268 = VECTOR ( 'NONE', #712, 1000.000000000000000 ) ;
#2269 = EDGE_LOOP ( 'NONE', ( #867, #90, #335, #915, #1219, #893 ) ) ;
#2270 = ORIENTED_EDGE ( 'NONE', *, *, #1118, .F. ) ;
#2271 = CARTESIAN_POINT ( 'NONE',  ( 17.49999999999998934, -1.429775138004531790E-15, -18.00000000000000355 ) ) ;
#2272 = EDGE_CURVE ( 'NONE', #533, #219, #1465, .T. ) ;
#2273 = DIRECTION ( 'NONE',  ( 1.000000000000000000, 0.000000000000000000, 0.000000000000000000 ) ) ;
#2274 = ADVANCED_FACE ( 'NONE', ( #1443 ), #2136, .F. ) ;
#2275 = AXIS2_PLACEMENT_3D ( 'NONE', #1756, #716, #390 ) ;
#2276 = AXIS2_PLACEMENT_3D ( 'NONE', #749, #338, #2284 ) ;
#2277 = DIRECTION ( 'NONE',  ( -0.000000000000000000, -1.000000000000000000, -0.000000000000000000 ) ) ;
#2278 = CARTESIAN_POINT ( 'NONE',  ( -5.828427124746202281, 1.199999999999999734, 14.50000000000000178 ) ) ;
#2279 = VERTEX_POINT ( 'NONE', #1594 ) ;
#2280 = DIRECTION ( 'NONE',  ( 0.000000000000000000, -0.000000000000000000, -1.000000000000000000 ) ) ;
#2281 = VERTEX_POINT ( 'NONE', #2109 ) ;
#2282 = FACE_OUTER_BOUND ( 'NONE', #1009, .T. ) ;
#2283 = LINE ( 'NONE', #701, #40 ) ;
#2284 = DIRECTION ( 'NONE',  ( 0.000000000000000000, 0.000000000000000000, -1.000000000000000000 ) ) ;
#2285 = VERTEX_POINT ( 'NONE', #352 ) ;
#2286 = LINE ( 'NONE', #1934, #1537 ) ;
#2287 = FACE_OUTER_BOUND ( 'NONE', #1392, .T. ) ;
#2288 = ORIENTED_EDGE ( 'NONE', *, *, #106, .T. ) ;
#2289 = EDGE_CURVE ( 'NONE', #597, #510, #702, .T. ) ;
#2290 = FACE_OUTER_BOUND ( 'NONE', #609, .T. ) ;
#2291 = CIRCLE ( 'NONE', #782, 2.499999999999992006 ) ;
#2292 = AXIS2_PLACEMENT_3D ( 'NONE', #2246, #1466, #1998 ) ;
#2293 = ORIENTED_EDGE ( 'NONE', *, *, #99, .F. ) ;
#2294 = CARTESIAN_POINT ( 'NONE',  ( 0.000000000000000000, 0.000000000000000000, -17.99999999999999645 ) ) ;
#2295 = DIRECTION ( 'NONE',  ( -0.000000000000000000, 1.000000000000000000, -0.000000000000000000 ) ) ;
#2296 =( LENGTH_UNIT ( ) NAMED_UNIT ( * ) SI_UNIT ( .MILLI., .METRE. ) );
#2297 = ORIENTED_EDGE ( 'NONE', *, *, #1141, .T. ) ;
#2298 = CYLINDRICAL_SURFACE ( 'NONE', #841, 2.499999999999998668 ) ;
#2299 = LINE ( 'NONE', #1275, #2036 ) ;
#2300 = ORIENTED_EDGE ( 'NONE', *, *, #579, .F. ) ;
#2301 = DIRECTION ( 'NONE',  ( 0.000000000000000000, -1.000000000000000000, 0.000000000000000000 ) ) ;
#2302 = EDGE_CURVE ( 'NONE', #221, #911, #610, .T. ) ;
#2303 = EDGE_LOOP ( 'NONE', ( #747, #1290, #1106, #273, #699, #2031 ) ) ;
ENDSEC;
END-ISO-10303-21;
