ISO-10303-21;
HEADER;
FILE_DESCRIPTION (( 'STEP AP214' ),
    '1' );
FILE_NAME ('W1-LC-ASM-00_Module_C_RevB.STEP',
    '2026-09-30T13:59:09',
    ( '' ),
    ( '' ),
    'SwSTEP 2.0',
    'SolidWorks 2023',
    '' );
FILE_SCHEMA (( 'AUTOMOTIVE_DESIGN' ));
ENDSEC;

DATA;
#1 = DIRECTION ( 'NONE',  ( 0.000000000000000000, 0.000000000000000000, 1.000000000000000000 ) ) ;
#2 = VECTOR ( 'NONE', #3969, 1000.000000000000000 ) ;
#3 = FACE_OUTER_BOUND ( 'NONE', #1556, .T. ) ;
#4 = ORIENTED_EDGE ( 'NONE', *, *, #281, .T. ) ;
#5 = AXIS2_PLACEMENT_3D ( 'NONE', #1490, #3701, #37 ) ;
#6 = ORIENTED_EDGE ( 'NONE', *, *, #1807, .F. ) ;
#7 = AXIS2_PLACEMENT_3D ( 'NONE', #3040, #2653, #834 ) ;
#8 = FACE_OUTER_BOUND ( 'NONE', #386, .T. ) ;
#9 = VERTEX_POINT ( 'NONE', #632 ) ;
#10 = VERTEX_POINT ( 'NONE', #3250 ) ;
#11 = LINE ( 'NONE', #2894, #2473 ) ;
#12 = VECTOR ( 'NONE', #3019, 1000.000000000000000 ) ;
#13 = LINE ( 'NONE', #4795, #1100 ) ;
#14 = PLANE ( 'NONE',  #219 ) ;
#15 =( BOUNDED_SURFACE ( )  B_SPLINE_SURFACE ( 2, 3, ( 
 ( #1659, #4622, #1241, #1284 ),
 ( #2300, #3801, #471, #106 ),
 ( #2696, #127, #1607, #4213 ) ),
 .UNSPECIFIED., .F., .F., .F. ) 
 B_SPLINE_SURFACE_WITH_KNOTS ( ( 3, 3 ),
 ( 4, 4 ),
 ( 0.000000000000000000, 1.000000000000000000 ),
 ( -0.002782499999999999817, 0.0001324999999999999952 ),
 .UNSPECIFIED. ) 
 GEOMETRIC_REPRESENTATION_ITEM ( )  RATIONAL_B_SPLINE_SURFACE ( (
 ( 1.000000000000000000, 1.000000000000000000, 1.000000000000000000, 1.000000000000000000),
 ( 1.857142857142857428, 1.857142857142857428, 1.857142857142857428, 1.857142857142857428),
 ( 1.000000000000000000, 1.000000000000000000, 1.000000000000000000, 1.000000000000000000) ) ) 
 REPRESENTATION_ITEM ( '' )  SURFACE ( )  );
#16 = PRODUCT_RELATED_PRODUCT_CATEGORY ( 'part', '', ( #3139 ) ) ;
#17 = VECTOR ( 'NONE', #3690, 1000.000000000000000 ) ;
#18 = CYLINDRICAL_SURFACE ( 'NONE', #1017, 2.499999999999993339 ) ;
#19 = CARTESIAN_POINT ( 'NONE',  ( -15.99999999999999645, 0.3500000000000000333, -7.000000000000001776 ) ) ;
#20 = PLANE ( 'NONE',  #2728 ) ;
#21 = FACE_OUTER_BOUND ( 'NONE', #3161, .T. ) ;
#22 = CARTESIAN_POINT ( 'NONE',  ( -11.79999999999999538, 3.132499999999999840, 6.999999999999998224 ) ) ;
#23 = ORIENTED_EDGE ( 'NONE', *, *, #2339, .T. ) ;
#24 = ORIENTED_EDGE ( 'NONE', *, *, #522, .F. ) ;
#25 = CARTESIAN_POINT ( 'NONE',  ( 17.49999999999998934, 0.000000000000000000, -18.00000000000000355 ) ) ;
#26 = CARTESIAN_POINT ( 'NONE',  ( -13.13626828020906068, 0.3500000000000001443, 6.970507305179491020 ) ) ;
#27 = EDGE_CURVE ( 'NONE', #73, #2911, #4155, .T. ) ;
#28 = CONTEXT_DEPENDENT_SHAPE_REPRESENTATION ( #1220, #850 ) ;
#29 = EDGE_CURVE ( 'NONE', #1170, #4573, #4292, .T. ) ;
#30 = CARTESIAN_POINT ( 'NONE',  ( 20.50000000000018474, 3.000000000000000000, 6.000000000000119016 ) ) ;
#31 = EDGE_LOOP ( 'NONE', ( #1578, #553 ) ) ;
#32 = EDGE_LOOP ( 'NONE', ( #3790, #4094, #2471, #2224 ) ) ;
#33 = DIRECTION ( 'NONE',  ( 3.429548312006147626E-15, 0.000000000000000000, -1.000000000000000000 ) ) ;
#34 = ORIENTED_EDGE ( 'NONE', *, *, #3520, .T. ) ;
#35 = CARTESIAN_POINT ( 'NONE',  ( -23.50000000000000000, 8.000000000000001776, -17.99999999999999645 ) ) ;
#36 = ORIENTED_EDGE ( 'NONE', *, *, #520, .T. ) ;
#37 = DIRECTION ( 'NONE',  ( 0.000000000000000000, 0.000000000000000000, -1.000000000000000000 ) ) ;
#38 = FACE_BOUND ( 'NONE', #335, .T. ) ;
#39 = DIRECTION ( 'NONE',  ( 0.000000000000000000, 0.000000000000000000, -1.000000000000000000 ) ) ;
#40 = VECTOR ( 'NONE', #3462, 1000.000000000000000 ) ;
#41 = FACE_OUTER_BOUND ( 'NONE', #742, .T. ) ;
#42 = CARTESIAN_POINT ( 'NONE',  ( -15.99999999999999645, 0.3500000000000000333, -7.000000000000001776 ) ) ;
#43 = DIRECTION ( 'NONE',  ( -1.445602896647339163E-16, 0.000000000000000000, -1.000000000000000000 ) ) ;
#44 = FACE_OUTER_BOUND ( 'NONE', #1150, .T. ) ;
#45 = CYLINDRICAL_SURFACE ( 'NONE', #4266, 1.249999999999999334 ) ;
#46 = CARTESIAN_POINT ( 'NONE',  ( -11.79999999999999538, 2.116666666666666252, 6.999999999999998224 ) ) ;
#47 = DIRECTION ( 'NONE',  ( -3.430415673744136424E-15, 0.000000000000000000, 1.000000000000000000 ) ) ;
#48 = EDGE_CURVE ( 'NONE', #2336, #1886, #3604, .T. ) ;
#49 = CYLINDRICAL_SURFACE ( 'NONE', #4108, 3.249999999999999556 ) ;
#50 = ORIENTED_EDGE ( 'NONE', *, *, #3549, .T. ) ;
#51 = APPLICATION_CONTEXT ( 'automotive_design' ) ;
#52 = ORIENTED_EDGE ( 'NONE', *, *, #4003, .F. ) ;
#53 = EDGE_CURVE ( 'NONE', #2784, #2043, #4602, .T. ) ;
#54 = ADVANCED_FACE ( 'NONE', ( #4488 ), #2265, .F. ) ;
#55 = FACE_OUTER_BOUND ( 'NONE', #168, .T. ) ;
#56 = ORIENTED_EDGE ( 'NONE', *, *, #4556, .T. ) ;
#57 = DIRECTION ( 'NONE',  ( 0.000000000000000000, -1.000000000000000000, 0.000000000000000000 ) ) ;
#58 = EDGE_LOOP ( 'NONE', ( #4794, #4139, #2582, #3594 ) ) ;
#59 = DIRECTION ( 'NONE',  ( 0.000000000000000000, 0.000000000000000000, 1.000000000000000000 ) ) ;
#60 = CARTESIAN_POINT ( 'NONE',  ( 17.49999999999998934, -1.429775138004531790E-15, -6.000000000000002665 ) ) ;
#61 = CARTESIAN_POINT ( 'NONE',  ( -5.828427124746202281, 1.199999999999999734, 14.50000000000000178 ) ) ;
#62 = PLANE ( 'NONE',  #4804 ) ;
#63 = DIRECTION ( 'NONE',  ( 0.000000000000000000, 0.000000000000000000, 1.000000000000000000 ) ) ;
#64 = PLANE ( 'NONE',  #968 ) ;
#65 = LINE ( 'NONE', #2732, #3346 ) ;
#66 = CARTESIAN_POINT ( 'NONE',  ( -12.50000000000001776, 0.000000000000000000, 6.499999999999999112 ) ) ;
#67 = CARTESIAN_POINT ( 'NONE',  ( -15.99999999999999645, 3.000000000000000000, 2.799999999999997602 ) ) ;
#68 = AXIS2_PLACEMENT_3D ( 'NONE', #3569, #244, #2859 ) ;
#69 = EDGE_CURVE ( 'NONE', #971, #3589, #1909, .T. ) ;
#70 = CARTESIAN_POINT ( 'NONE',  ( -11.79999999999999538, 3.000000000000000000, -7.000000000000001776 ) ) ;
#71 = EDGE_LOOP ( 'NONE', ( #1813, #3539, #2791, #4451 ) ) ;
#72 = VERTEX_POINT ( 'NONE', #1478 ) ;
#73 = VERTEX_POINT ( 'NONE', #4416 ) ;
#74 = VECTOR ( 'NONE', #128, 1000.000000000000000 ) ;
#75 = DIRECTION ( 'NONE',  ( -0.000000000000000000, 0.000000000000000000, 1.000000000000000000 ) ) ;
#76 = ORIENTED_EDGE ( 'NONE', *, *, #699, .T. ) ;
#77 = EDGE_CURVE ( 'NONE', #2245, #3663, #808, .T. ) ;
#78 = VECTOR ( 'NONE', #212, 1000.000000000000000 ) ;
#79 = CARTESIAN_POINT ( 'NONE',  ( -20.49999999999981526, 3.000000000000000000, -7.299999999999880806 ) ) ;
#80 = ORIENTED_EDGE ( 'NONE', *, *, #699, .F. ) ;
#81 =( NAMED_UNIT ( * ) PLANE_ANGLE_UNIT ( ) SI_UNIT ( $, .RADIAN. ) );
#82 = DIRECTION ( 'NONE',  ( -0.000000000000000000, 1.000000000000000000, -0.000000000000000000 ) ) ;
#83 = EDGE_CURVE ( 'NONE', #4471, #169, #2516, .T. ) ;
#84 = CIRCLE ( 'NONE', #4041, 1.700000000000000178 ) ;
#85 = EDGE_CURVE ( 'NONE', #3122, #2026, #2674, .T. ) ;
#86 = VECTOR ( 'NONE', #1085, 1000.000000000000000 ) ;
#87 = DIRECTION ( 'NONE',  ( 0.000000000000000000, 0.000000000000000000, 1.000000000000000000 ) ) ;
#88 = DIRECTION ( 'NONE',  ( -0.000000000000000000, 1.000000000000000000, -0.000000000000000000 ) ) ;
#89 = FACE_BOUND ( 'NONE', #2123, .T. ) ;
#90 = CIRCLE ( 'NONE', #2796, 1.700000000000000178 ) ;
#91 = DIRECTION ( 'NONE',  ( -0.000000000000000000, -1.000000000000000000, -0.000000000000000000 ) ) ;
#92 = VECTOR ( 'NONE', #749, 1000.000000000000000 ) ;
#93 = CYLINDRICAL_SURFACE ( 'NONE', #4203, 1.299999999999999156 ) ;
#94 = CARTESIAN_POINT ( 'NONE',  ( -14.44474519882378871, 2.999999999999999556, 6.735933842108980940 ) ) ;
#95 = AXIS2_PLACEMENT_3D ( 'NONE', #4575, #1934, #906 ) ;
#96 = DIRECTION ( 'NONE',  ( 0.000000000000000000, 0.000000000000000000, 1.000000000000000000 ) ) ;
#97 = VERTEX_POINT ( 'NONE', #362 ) ;
#98 = VERTEX_POINT ( 'NONE', #1503 ) ;
#99 = ORIENTED_EDGE ( 'NONE', *, *, #4176, .F. ) ;
#100 = EDGE_CURVE ( 'NONE', #2249, #4570, #3299, .T. ) ;
#101 = DIRECTION ( 'NONE',  ( -0.000000000000000000, -0.000000000000000000, 1.000000000000000000 ) ) ;
#102 = EDGE_LOOP ( 'NONE', ( #4163, #905, #2293, #4346 ) ) ;
#103 = FACE_OUTER_BOUND ( 'NONE', #347, .T. ) ;
#104 = ORIENTED_EDGE ( 'NONE', *, *, #223, .T. ) ;
#105 = CARTESIAN_POINT ( 'NONE',  ( -16.00000000000001421, 10.30000000000000071, 4.000000000000005329 ) ) ;
#106 = CARTESIAN_POINT ( 'NONE',  ( 16.00000000000000355, 0.2175000000000001099, -7.000000000000000888 ) ) ;
#107 = DIRECTION ( 'NONE',  ( -0.000000000000000000, 1.000000000000000000, -0.000000000000000000 ) ) ;
#108 = EDGE_CURVE ( 'NONE', #1822, #3613, #1201, .T. ) ;
#109 = FACE_BOUND ( 'NONE', #193, .T. ) ;
#110 = FACE_OUTER_BOUND ( 'NONE', #2690, .T. ) ;
#111 = FACE_OUTER_BOUND ( 'NONE', #1558, .T. ) ;
#112 = EDGE_CURVE ( 'NONE', #1601, #196, #2241, .T. ) ;
#113 = DIRECTION ( 'NONE',  ( 0.000000000000000000, 0.000000000000000000, -1.000000000000000000 ) ) ;
#114 = CIRCLE ( 'NONE', #576, 3.249999999999999556 ) ;
#115 = LINE ( 'NONE', #2373, #3502 ) ;
#116 = CARTESIAN_POINT ( 'NONE',  ( -14.48349619555813028, 3.000000000000000444, 6.723159046283419649 ) ) ;
#117 = FACE_OUTER_BOUND ( 'NONE', #1432, .T. ) ;
#118 = ORIENTED_EDGE ( 'NONE', *, *, #3293, .T. ) ;
#119 = ORIENTED_EDGE ( 'NONE', *, *, #1231, .T. ) ;
#120 = ORIENTED_EDGE ( 'NONE', *, *, #2344, .T. ) ;
#121 = DIRECTION ( 'NONE',  ( 0.000000000000000000, -1.000000000000000000, 0.000000000000000000 ) ) ;
#122 = ORIENTED_EDGE ( 'NONE', *, *, #3293, .F. ) ;
#123 = DIRECTION ( 'NONE',  ( -0.000000000000000000, 1.000000000000000000, -0.000000000000000000 ) ) ;
#124 = ORIENTED_EDGE ( 'NONE', *, *, #2135, .T. ) ;
#125 = EDGE_CURVE ( 'NONE', #4040, #1802, #3715, .T. ) ;
#126 = LINE ( 'NONE', #105, #550 ) ;
#127 = CARTESIAN_POINT ( 'NONE',  ( 11.80000000000000071, 2.160833333333332273, -7.000000000000001776 ) ) ;
#128 = DIRECTION ( 'NONE',  ( -0.000000000000000000, 1.000000000000000000, -0.000000000000000000 ) ) ;
#129 = MANIFOLD_SOLID_BREP ( 'Ø2.6 (2.6) Diameter Hole1', #1428 ) ;
#130 = ADVANCED_FACE ( 'NONE', ( #3489 ), #1068, .F. ) ;
#131 = LINE ( 'NONE', #2680, #2633 ) ;
#132 = DIRECTION ( 'NONE',  ( -0.000000000000000000, 1.000000000000000000, -0.000000000000000000 ) ) ;
#133 = CARTESIAN_POINT ( 'NONE',  ( -18.50000000000000355, 0.000000000000000000, -0.000000000000000000 ) ) ;
#134 = CARTESIAN_POINT ( 'NONE',  ( 2.999999999999989786, 0.000000000000000000, -12.49999999999999822 ) ) ;
#135 = EDGE_CURVE ( 'NONE', #1046, #1170, #2822, .T. ) ;
#136 = CARTESIAN_POINT ( 'NONE',  ( -32.49999999999999289, 5.000000000000000000, 24.00000000000000711 ) ) ;
#137 = CARTESIAN_POINT ( 'NONE',  ( -15.99999999999999645, 3.000000000000000000, 3.535992149334315382 ) ) ;
#138 = EDGE_CURVE ( 'NONE', #4398, #1031, #2333, .T. ) ;
#139 = DIRECTION ( 'NONE',  ( -2.891205793294678326E-16, -0.000000000000000000, -1.000000000000000000 ) ) ;
#140 = ORIENTED_EDGE ( 'NONE', *, *, #3187, .F. ) ;
#141 = VECTOR ( 'NONE', #4137, 1000.000000000000000 ) ;
#142 = ORIENTED_EDGE ( 'NONE', *, *, #3169, .T. ) ;
#143 = ORIENTED_EDGE ( 'NONE', *, *, #4433, .F. ) ;
#144 = AXIS2_PLACEMENT_3D ( 'NONE', #1713, #544, #939 ) ;
#145 = VECTOR ( 'NONE', #948, 1000.000000000000000 ) ;
#146 = AXIS2_PLACEMENT_3D ( 'NONE', #4330, #985, #278 ) ;
#147 = CYLINDRICAL_SURFACE ( 'NONE', #4177, 1.700000000000000178 ) ;
#148 = ORIENTED_EDGE ( 'NONE', *, *, #2602, .T. ) ;
#149 = CYLINDRICAL_SURFACE ( 'NONE', #2255, 2.499999999999998668 ) ;
#150 = VECTOR ( 'NONE', #4039, 1000.000000000000000 ) ;
#151 = ORIENTED_EDGE ( 'NONE', *, *, #4537, .T. ) ;
#152 = DIRECTION ( 'NONE',  ( 0.000000000000000000, 0.000000000000000000, 1.000000000000000000 ) ) ;
#153 = CIRCLE ( 'NONE', #3487, 1.250000000000001110 ) ;
#154 = CARTESIAN_POINT ( 'NONE',  ( 17.49999999999998934, 0.000000000000000000, 19.02499999999998792 ) ) ;
#155 = SHAPE_REPRESENTATION_RELATIONSHIP ( 'NONE' , 'NONE' ,  #1188, #2905 ) ;
#156 = ORIENTED_EDGE ( 'NONE', *, *, #4055, .F. ) ;
#157 = CARTESIAN_POINT ( 'NONE',  ( -18.50000000000000355, 10.30000000000000071, -1.426328191358708126E-14 ) ) ;
#158 = CARTESIAN_POINT ( 'NONE',  ( -23.50000000000000000, 8.000000000000000000, -17.99999999999999645 ) ) ;
#159 = EDGE_CURVE ( 'NONE', #4627, #2871, #4516, .T. ) ;
#160 = CARTESIAN_POINT ( 'NONE',  ( -18.50000000000000355, 0.000000000000000000, -15.50000000000000178 ) ) ;
#161 = CARTESIAN_POINT ( 'NONE',  ( 9.999999999999987566, 4.000000000000000000, -8.750000000000003553 ) ) ;
#162 = CARTESIAN_POINT ( 'NONE',  ( -14.49116801721064540, 3.000000000000000000, 6.720574900131785157 ) ) ;
#163 = VECTOR ( 'NONE', #2316, 1000.000000000000000 ) ;
#164 = DIRECTION ( 'NONE',  ( -0.000000000000000000, -1.000000000000000000, -0.000000000000000000 ) ) ;
#165 = ORIENTED_EDGE ( 'NONE', *, *, #645, .F. ) ;
#166 = VECTOR ( 'NONE', #4707, 1000.000000000000000 ) ;
#167 = EDGE_CURVE ( 'NONE', #1601, #3910, #4241, .T. ) ;
#168 = EDGE_LOOP ( 'NONE', ( #3525, #4427, #4064, #245 ) ) ;
#169 = VERTEX_POINT ( 'NONE', #3857 ) ;
#170 = VECTOR ( 'NONE', #1246, 1000.000000000000000 ) ;
#171 = EDGE_CURVE ( 'NONE', #1103, #862, #3218, .T. ) ;
#172 = PLANE ( 'NONE',  #3091 ) ;
#173 = ORIENTED_EDGE ( 'NONE', *, *, #1424, .T. ) ;
#174 = CARTESIAN_POINT ( 'NONE',  ( -3.000000000000012879, 10.30000000000000071, 17.49999999999999645 ) ) ;
#175 = VERTEX_POINT ( 'NONE', #3608 ) ;
#176 = DIRECTION ( 'NONE',  ( -1.000000000000000000, 0.000000000000000000, -2.891205793294678819E-16 ) ) ;
#177 = DIRECTION ( 'NONE',  ( -0.000000000000000000, -1.000000000000000000, -0.000000000000000000 ) ) ;
#178 = ORIENTED_EDGE ( 'NONE', *, *, #1508, .T. ) ;
#179 = LINE ( 'NONE', #4581, #4056 ) ;
#180 = CARTESIAN_POINT ( 'NONE',  ( 32.49999999999999289, 5.000000000000000000, -23.99999999999999289 ) ) ;
#181 = CARTESIAN_POINT ( 'NONE',  ( -18.50000000000000711, 0.000000000000000000, 6.499999999999998224 ) ) ;
#182 = CARTESIAN_POINT ( 'NONE',  ( 14.99055688203390346, 0.3500000000000000333, -6.497102039076714242 ) ) ;
#183 = PLANE ( 'NONE',  #2648 ) ;
#184 = CARTESIAN_POINT ( 'NONE',  ( 14.99030409360842420, 2.999999999999999556, 6.497241718881389794 ) ) ;
#185 = PRODUCT ( 'W1-LC-02_Moving_Slider_RevB', 'W1-LC-02_Moving_Slider_RevB', '', ( #781 ) ) ;
#186 = CARTESIAN_POINT ( 'NONE',  ( -20.75000000008231282, 0.000000000000000000, -22.00000000000000000 ) ) ;
#187 = ORIENTED_EDGE ( 'NONE', *, *, #1279, .T. ) ;
#188 = VERTEX_POINT ( 'NONE', #234 ) ;
#189 = ORIENTED_EDGE ( 'NONE', *, *, #3309, .T. ) ;
#190 = AXIS2_PLACEMENT_3D ( 'NONE', #3180, #1399, #3934 ) ;
#191 = EDGE_CURVE ( 'NONE', #1886, #1120, #3953, .T. ) ;
#192 = CARTESIAN_POINT ( 'NONE',  ( -32.49999999999999289, 5.000000000000000000, 24.00000000000000711 ) ) ;
#193 = EDGE_LOOP ( 'NONE', ( #3215, #2088 ) ) ;
#194 = CARTESIAN_POINT ( 'NONE',  ( -18.50000000000000355, 10.30000000000000071, -15.50000000000000178 ) ) ;
#195 = EDGE_CURVE ( 'NONE', #2449, #3749, #1367, .T. ) ;
#196 = VERTEX_POINT ( 'NONE', #1038 ) ;
#197 = CARTESIAN_POINT ( 'NONE',  ( -20.49999999999981526, 3.000000000000000000, 6.000000000000119016 ) ) ;
#198 = EDGE_CURVE ( 'NONE', #3896, #3365, #4612, .T. ) ;
#199 = DIRECTION ( 'NONE',  ( 0.000000000000000000, 0.000000000000000000, 1.000000000000000000 ) ) ;
#200 = LINE ( 'NONE', #1709, #1707 ) ;
#201 = VERTEX_POINT ( 'NONE', #3174 ) ;
#202 = CARTESIAN_POINT ( 'NONE',  ( -15.17519175173624646, 0.3499999999999999778, -6.355864957381867519 ) ) ;
#203 = DIRECTION ( 'NONE',  ( -1.000000000000000000, -0.000000000000000000, -0.000000000000000000 ) ) ;
#204 = DIRECTION ( 'NONE',  ( 0.000000000000000000, 0.000000000000000000, -1.000000000000000000 ) ) ;
#205 = CARTESIAN_POINT ( 'NONE',  ( 13.89160600078306729, 0.3500000000000000333, -6.868892378824544842 ) ) ;
#206 = CARTESIAN_POINT ( 'NONE',  ( -25.99999999999981526, 3.000000000000000000, -8.999999999999896971 ) ) ;
#207 = CARTESIAN_POINT ( 'NONE',  ( 14.48769167000090441, 3.000000000000000000, 6.721749370721362915 ) ) ;
#208 = B_SPLINE_CURVE_WITH_KNOTS ( 'NONE', 3,
 ( #1204, #1571, #3102, #4218 ),
 .UNSPECIFIED., .F., .F.,
 ( 4, 4 ),
 ( 0.000000000000000000, 1.000000000000000000 ),
 .UNSPECIFIED. ) ;
#209 = FACE_OUTER_BOUND ( 'NONE', #4255, .T. ) ;
#210 = ORIENTED_EDGE ( 'NONE', *, *, #2776, .T. ) ;
#211 = ORIENTED_EDGE ( 'NONE', *, *, #3845, .T. ) ;
#212 = DIRECTION ( 'NONE',  ( -0.000000000000000000, 1.000000000000000000, -0.000000000000000000 ) ) ;
#213 = EDGE_LOOP ( 'NONE', ( #4674, #4426, #4059, #3087 ) ) ;
#214 = EDGE_CURVE ( 'NONE', #1191, #920, #4633, .T. ) ;
#215 = CIRCLE ( 'NONE', #4252, 1.024999999999998135 ) ;
#216 = CARTESIAN_POINT ( 'NONE',  ( -13.62159308541178504, 2.999999999999999556, -6.908752198148822465 ) ) ;
#217 = ORIENTED_EDGE ( 'NONE', *, *, #3356, .T. ) ;
#218 = CARTESIAN_POINT ( 'NONE',  ( -10.00000000000001243, 11.50000000000000000, -11.25000000000000355 ) ) ;
#219 = AXIS2_PLACEMENT_3D ( 'NONE', #665, #688, #2874 ) ;
#220 = EDGE_LOOP ( 'NONE', ( #366, #2788, #4367, #2860 ) ) ;
#221 = CIRCLE ( 'NONE', #2940, 1.700000000000000178 ) ;
#222 = LINE ( 'NONE', #271, #2 ) ;
#223 = EDGE_CURVE ( 'NONE', #1771, #2022, #2134, .T. ) ;
#224 = LINE ( 'NONE', #3943, #3257 ) ;
#225 = EDGE_LOOP ( 'NONE', ( #156, #273 ) ) ;
#226 = CARTESIAN_POINT ( 'NONE',  ( -13.60452870997703556, 0.3500000000000000333, -6.910951153951553572 ) ) ;
#227 = DIRECTION ( 'NONE',  ( 0.000000000000000000, -1.000000000000000000, 0.000000000000000000 ) ) ;
#228 = AXIS2_PLACEMENT_3D ( 'NONE', #3163, #1218, #3504 ) ;
#229 = EDGE_CURVE ( 'NONE', #3286, #399, #3068, .T. ) ;
#230 = CYLINDRICAL_SURFACE ( 'NONE', #937, 1.024999999999987699 ) ;
#231 = CIRCLE ( 'NONE', #2950, 1.250000000000001110 ) ;
#232 = CARTESIAN_POINT ( 'NONE',  ( 11.80000000000000071, 3.000000000000000000, -7.000000000000001776 ) ) ;
#233 = DIRECTION ( 'NONE',  ( 0.000000000000000000, 0.000000000000000000, 1.000000000000000000 ) ) ;
#234 = CARTESIAN_POINT ( 'NONE',  ( 5.999999999999989342, 1.199999999999999734, 15.50000000000000533 ) ) ;
#235 = AXIS2_PLACEMENT_3D ( 'NONE', #4654, #4328, #1318 ) ;
#236 = PRESENTATION_STYLE_ASSIGNMENT (( #1744 ) ) ;
#237 = VERTEX_POINT ( 'NONE', #1720 ) ;
#238 = AXIS2_PLACEMENT_3D ( 'NONE', #513, #494, #3090 ) ;
#239 = ORIENTED_EDGE ( 'NONE', *, *, #3220, .F. ) ;
#240 = DIRECTION ( 'NONE',  ( -0.000000000000000000, -1.000000000000000000, -0.000000000000000000 ) ) ;
#241 = ORIENTED_EDGE ( 'NONE', *, *, #1374, .F. ) ;
#242 = B_SPLINE_CURVE_WITH_KNOTS ( 'NONE', 3,
 ( #2025, #1654, #3133, #4618, #4522, #1602, #3086, #4569, #3842, #2739, #1331, #1023, #1401, #1045, #2093, #2813, #2836, #1702, #3914, #290, #4315, #2143, #4272, #4294, #3640, #975, #3233, #2787, #955, #265, #1375, #1750, #3543, #994, #2470, #1773, #3616, #216, #3963, #3254, #657, #2448, #4710 ),
 .UNSPECIFIED., .F., .F.,
 ( 4, 1, 1, 1, 1, 1, 1, 2, 2, 1, 1, 1, 1, 1, 2, 2, 2, 1, 1, 1, 1, 1, 2, 2, 1, 1, 1, 1, 1, 2, 2, 4 ),
 ( 0.000000000000000000, 0.1250000000000152378, 0.1875000000000230371, 0.2187500000000272005, 0.2343750000000289491, 0.2421875000000298650, 0.2460937500000299760, 0.2480468750000296707, 0.2500000000000293654, 0.3125000000000211497, 0.3437500000000170419, 0.3593750000000149325, 0.3671875000000143219, 0.3710937500000142664, 0.3730468750000142109, 0.3750000000000141553, 0.5000000000000064393, 0.5625000000000023315, 0.5937500000000004441, 0.6093749999999998890, 0.6171875000000000000, 0.6210937499999996669, 0.6230468749999992228, 0.6249999999999987788, 0.6874999999999886757, 0.7187499999999835687, 0.7343749999999810152, 0.7421874999999794609, 0.7460937499999789058, 0.7480468749999783507, 0.7499999999999777955, 1.000000000000000000 ),
 .UNSPECIFIED. ) ;
#243 = CIRCLE ( 'NONE', #1323, 1.700000000000000178 ) ;
#244 = DIRECTION ( 'NONE',  ( -0.000000000000000000, -1.000000000000000000, -0.000000000000000000 ) ) ;
#245 = ORIENTED_EDGE ( 'NONE', *, *, #2965, .T. ) ;
#246 = CARTESIAN_POINT ( 'NONE',  ( 15.06112177837740163, 0.3500000000000000888, 6.444400802586228494 ) ) ;
#247 = ORIENTED_EDGE ( 'NONE', *, *, #138, .F. ) ;
#248 = AXIS2_PLACEMENT_3D ( 'NONE', #3586, #4285, #3560 ) ;
#249 = CYLINDRICAL_SURFACE ( 'NONE', #3485, 1.024999999999994582 ) ;
#250 = CARTESIAN_POINT ( 'NONE',  ( -20.49999999999981526, 0.000000000000000000, -5.999999999999880984 ) ) ;
#251 = VERTEX_POINT ( 'NONE', #4078 ) ;
#252 = CARTESIAN_POINT ( 'NONE',  ( 0.000000000000000000, 5.499999999999999112, 0.000000000000000000 ) ) ;
#253 = DIRECTION ( 'NONE',  ( 0.000000000000000000, 0.000000000000000000, 1.000000000000000000 ) ) ;
#254 = ADVANCED_FACE ( 'NONE', ( #773 ), #3350, .F. ) ;
#255 = FACE_BOUND ( 'NONE', #2049, .T. ) ;
#256 = CARTESIAN_POINT ( 'NONE',  ( 16.00000000000000355, 0.3500000000000000333, -3.170828722506127573 ) ) ;
#257 = EDGE_CURVE ( 'NONE', #3590, #98, #2261, .T. ) ;
#258 = FACE_BOUND ( 'NONE', #909, .T. ) ;
#259 = CARTESIAN_POINT ( 'NONE',  ( 14.16034696417536409, 3.000000000000000000, 6.818090702029349970 ) ) ;
#260 = CARTESIAN_POINT ( 'NONE',  ( 17.49999999999998934, 6.349999999999994316, 4.975000000000009415 ) ) ;
#261 = ORIENTED_EDGE ( 'NONE', *, *, #426, .F. ) ;
#262 = ORIENTED_EDGE ( 'NONE', *, *, #2382, .F. ) ;
#263 = LINE ( 'NONE', #1748, #166 ) ;
#264 = CARTESIAN_POINT ( 'NONE',  ( -15.91188116800949715, 0.3500000000000001443, 4.597210340883977508 ) ) ;
#265 = CARTESIAN_POINT ( 'NONE',  ( -14.49389208388460837, 3.000000000000000444, -6.719652946416124095 ) ) ;
#266 = VERTEX_POINT ( 'NONE', #4408 ) ;
#267 = CARTESIAN_POINT ( 'NONE',  ( 15.90163630509900550, 0.3500000000000000333, 4.675047810995828890 ) ) ;
#268 = CIRCLE ( 'NONE', #144, 1.024999999999998135 ) ;
#269 = VERTEX_POINT ( 'NONE', #3271 ) ;
#270 = PRODUCT_DEFINITION_SHAPE ( 'NONE', 'NONE',  #1977 ) ;
#271 = CARTESIAN_POINT ( 'NONE',  ( 17.49999999999998934, 0.000000000000000000, -19.02499999999999503 ) ) ;
#272 = CARTESIAN_POINT ( 'NONE',  ( -23.50000000000000000, 1.650000000000001243, 7.025000000000006573 ) ) ;
#273 = ORIENTED_EDGE ( 'NONE', *, *, #1716, .F. ) ;
#274 = CARTESIAN_POINT ( 'NONE',  ( -16.00000000000001421, 10.30000000000000071, 18.00000000000000000 ) ) ;
#275 = FACE_OUTER_BOUND ( 'NONE', #3688, .T. ) ;
#276 = EDGE_CURVE ( 'NONE', #3890, #3311, #305, .T. ) ;
#277 = CARTESIAN_POINT ( 'NONE',  ( 16.00000000000000355, 0.2175000000000001377, 2.799999999999997602 ) ) ;
#278 = DIRECTION ( 'NONE',  ( -1.927470528863117076E-16, 0.000000000000000000, 1.000000000000000000 ) ) ;
#279 = LINE ( 'NONE', #3607, #481 ) ;
#280 = CARTESIAN_POINT ( 'NONE',  ( 15.72057490013178693, 3.000000000000000444, 5.491168017210642738 ) ) ;
#281 = EDGE_CURVE ( 'NONE', #2947, #2604, #114, .T. ) ;
#282 = CARTESIAN_POINT ( 'NONE',  ( -16.00000000000000000, 0.000000000000000000, -18.29999999999999005 ) ) ;
#283 = ORIENTED_EDGE ( 'NONE', *, *, #191, .F. ) ;
#284 = B_SPLINE_CURVE_WITH_KNOTS ( 'NONE', 3,
 ( #2185, #3297, #1441, #2136 ),
 .UNSPECIFIED., .F., .F.,
 ( 4, 4 ),
 ( 0.000000000000000000, 1.000000000000000000 ),
 .UNSPECIFIED. ) ;
#285 = ORIENTED_EDGE ( 'NONE', *, *, #2554, .F. ) ;
#286 = DIRECTION ( 'NONE',  ( 0.000000000000000000, 0.000000000000000000, 1.000000000000000000 ) ) ;
#287 = ORIENTED_EDGE ( 'NONE', *, *, #4768, .F. ) ;
#288 = EDGE_CURVE ( 'NONE', #1031, #4639, #3660, .T. ) ;
#289 = EDGE_CURVE ( 'NONE', #3365, #3896, #3599, .T. ) ;
#290 = CARTESIAN_POINT ( 'NONE',  ( -15.71968775183102807, 2.999999999999999556, -5.493791923810231737 ) ) ;
#291 = ORIENTED_EDGE ( 'NONE', *, *, #1960, .F. ) ;
#292 = CARTESIAN_POINT ( 'NONE',  ( 15.86889237882624748, 0.3500000000000000333, 4.891606000777706242 ) ) ;
#293 = ORIENTED_EDGE ( 'NONE', *, *, #3009, .F. ) ;
#294 = PRODUCT_DEFINITION_CONTEXT ( 'detailed design', #3960, 'design' ) ;
#295 = FACE_OUTER_BOUND ( 'NONE', #4161, .T. ) ;
#296 = CARTESIAN_POINT ( 'NONE',  ( 5.999999999999986677, 10.30000000000000071, 15.50000000000000533 ) ) ;
#298 = VERTEX_POINT ( 'NONE', #4754 ) ;
#297 = VECTOR ( 'NONE', #1280, 1000.000000000000000 ) ;
#299 = CARTESIAN_POINT ( 'NONE',  ( -15.99999999999999645, 0.3500000000000000333, -2.800000000000001155 ) ) ;
#300 = DIRECTION ( 'NONE',  ( 0.000000000000000000, 0.000000000000000000, 1.000000000000000000 ) ) ;
#301 = CARTESIAN_POINT ( 'NONE',  ( 17.49999999999998934, 0.000000000000000000, 5.999999999999997335 ) ) ;
#302 = DIRECTION ( 'NONE',  ( -0.000000000000000000, -1.000000000000000000, -0.000000000000000000 ) ) ;
#303 = VECTOR ( 'NONE', #2549, 1000.000000000000000 ) ;
#304 = DIRECTION ( 'NONE',  ( 0.000000000000000000, 0.000000000000000000, 1.000000000000000000 ) ) ;
#305 = LINE ( 'NONE', #333, #502 ) ;
#306 = LINE ( 'NONE', #1139, #2952 ) ;
#307 = ORIENTED_EDGE ( 'NONE', *, *, #793, .F. ) ;
#308 = ORIENTED_EDGE ( 'NONE', *, *, #767, .F. ) ;
#309 = CARTESIAN_POINT ( 'NONE',  ( -23.50000000000000000, 1.650000000000001243, -7.024999999999989697 ) ) ;
#310 = ORIENTED_EDGE ( 'NONE', *, *, #4379, .F. ) ;
#311 = AXIS2_PLACEMENT_3D ( 'NONE', #2928, #4104, #751 ) ;
#312 = ADVANCED_FACE ( 'NONE', ( #1820 ), #408, .F. ) ;
#313 = CIRCLE ( 'NONE', #3031, 1.024999999999987699 ) ;
#314 = CARTESIAN_POINT ( 'NONE',  ( 16.00000000000000355, 1.233333333333333171, 2.799999999999998046 ) ) ;
#315 = VERTEX_POINT ( 'NONE', #4778 ) ;
#316 = DIRECTION ( 'NONE',  ( 0.000000000000000000, 0.000000000000000000, 1.000000000000000000 ) ) ;
#317 = ORIENTED_EDGE ( 'NONE', *, *, #1178, .F. ) ;
#318 = ADVANCED_FACE ( 'NONE', ( #21 ), #2903, .T. ) ;
#319 = AXIS2_PLACEMENT_3D ( 'NONE', #1798, #2856, #2118 ) ;
#320 = CARTESIAN_POINT ( 'NONE',  ( -15.00000000000001421, 10.30000000000000071, -17.99999999999999645 ) ) ;
#321 = ORIENTED_EDGE ( 'NONE', *, *, #4653, .F. ) ;
#322 = AXIS2_PLACEMENT_3D ( 'NONE', #694, #966, #233 ) ;
#323 = EDGE_LOOP ( 'NONE', ( #1862, #3112, #1125, #1476 ) ) ;
#324 = CYLINDRICAL_SURFACE ( 'NONE', #622, 1.024999999999989475 ) ;
#325 = EDGE_LOOP ( 'NONE', ( #3959, #2444, #3864, #790 ) ) ;
#326 = DIRECTION ( 'NONE',  ( 0.000000000000000000, -0.000000000000000000, 1.000000000000000000 ) ) ;
#327 = LINE ( 'NONE', #2507, #3792 ) ;
#328 = AXIS2_PLACEMENT_3D ( 'NONE', #4502, #4146, #3371 ) ;
#329 = CYLINDRICAL_SURFACE ( 'NONE', #3110, 1.249999999999999334 ) ;
#330 = LINE ( 'NONE', #1160, #3275 ) ;
#331 = CARTESIAN_POINT ( 'NONE',  ( 14.48349619555814094, 3.000000000000001332, -6.723159046283420537 ) ) ;
#332 = DIRECTION ( 'NONE',  ( 0.000000000000000000, 0.000000000000000000, 1.000000000000000000 ) ) ;
#333 = CARTESIAN_POINT ( 'NONE',  ( 16.00000000000000000, 5.000000000000000000, 18.30000000000000782 ) ) ;
#334 = PLANE ( 'NONE',  #311 ) ;
#335 = EDGE_LOOP ( 'NONE', ( #2215, #2982, #4224, #3333, #3799, #4280, #3386, #922 ) ) ;
#336 = ORIENTED_EDGE ( 'NONE', *, *, #4594, .F. ) ;
#337 = FACE_OUTER_BOUND ( 'NONE', #4310, .T. ) ;
#338 = CARTESIAN_POINT ( 'NONE',  ( -14.51877502558838096, 0.3500000000000000888, 6.711093125388449820 ) ) ;
#339 = DIRECTION ( 'NONE',  ( 0.000000000000000000, -1.000000000000000000, 0.000000000000000000 ) ) ;
#340 = ORIENTED_EDGE ( 'NONE', *, *, #1701, .T. ) ;
#341 = LINE ( 'NONE', #3307, #150 ) ;
#342 = ORIENTED_EDGE ( 'NONE', *, *, #2044, .T. ) ;
#343 = LINE ( 'NONE', #1885, #4361 ) ;
#344 = CIRCLE ( 'NONE', #425, 1.024999999999991251 ) ;
#345 = VERTEX_POINT ( 'NONE', #3376 ) ;
#346 = EDGE_CURVE ( 'NONE', #4736, #3910, #4076, .T. ) ;
#347 = EDGE_LOOP ( 'NONE', ( #579, #2074 ) ) ;
#348 = CYLINDRICAL_SURFACE ( 'NONE', #1309, 1.024999999999989475 ) ;
#349 = VERTEX_POINT ( 'NONE', #4131 ) ;
#350 = LINE ( 'NONE', #795, #1806 ) ;
#351 = CARTESIAN_POINT ( 'NONE',  ( -23.50000000000000000, 1.650000000000001243, 19.02500000000000568 ) ) ;
#352 = EDGE_CURVE ( 'NONE', #1054, #2337, #4384, .T. ) ;
#353 = COLOUR_RGB ( '',0.7921568627450980005, 0.8196078431372548767, 0.9333333333333333481 ) ;
#354 = CARTESIAN_POINT ( 'NONE',  ( -3.000000000000012879, 10.30000000000000071, 20.49999999999999289 ) ) ;
#355 = CARTESIAN_POINT ( 'NONE',  ( -18.50000000000000355, 10.30000000000000071, -6.500000000000003553 ) ) ;
#356 = LINE ( 'NONE', #821, #4744 ) ;
#357 = DIRECTION ( 'NONE',  ( 0.000000000000000000, -0.000000000000000000, -1.000000000000000000 ) ) ;
#358 = DIRECTION ( 'NONE',  ( 3.430415673744137212E-15, 0.000000000000000000, -1.000000000000000000 ) ) ;
#359 = VERTEX_POINT ( 'NONE', #750 ) ;
#360 = ORIENTED_EDGE ( 'NONE', *, *, #1345, .F. ) ;
#361 = DIRECTION ( 'NONE',  ( 0.000000000000000000, -1.000000000000000000, 0.000000000000000000 ) ) ;
#362 = CARTESIAN_POINT ( 'NONE',  ( -16.00000000000001421, 10.30000000000000071, 4.000000000000005329 ) ) ;
#363 = APPLICATION_PROTOCOL_DEFINITION ( 'draft international standard', 'automotive_design', 1998, #3960 ) ;
#364 = CARTESIAN_POINT ( 'NONE',  ( -15.99999999999999645, 0.3500000000000000333, 2.799999999999997602 ) ) ;
#365 = ORIENTED_EDGE ( 'NONE', *, *, #2107, .T. ) ;
#366 = ORIENTED_EDGE ( 'NONE', *, *, #4287, .F. ) ;
#367 = CARTESIAN_POINT ( 'NONE',  ( -32.50000000000000000, 8.000000000000000000, -23.99999999999999289 ) ) ;
#368 = ORIENTED_EDGE ( 'NONE', *, *, #2393, .T. ) ;
#369 = ORIENTED_EDGE ( 'NONE', *, *, #1893, .F. ) ;
#370 = DIRECTION ( 'NONE',  ( -0.000000000000000000, -1.000000000000000000, -0.000000000000000000 ) ) ;
#371 = ORIENTED_EDGE ( 'NONE', *, *, #1768, .F. ) ;
#372 = DIRECTION ( 'NONE',  ( 0.000000000000000000, 0.000000000000000000, 1.000000000000000000 ) ) ;
#373 = CARTESIAN_POINT ( 'NONE',  ( -15.00000000000001421, 10.30000000000000071, 4.000000000000005329 ) ) ;
#374 = ADVANCED_FACE ( 'NONE', ( #44 ), #2537, .F. ) ;
#375 = VECTOR ( 'NONE', #1851, 1000.000000000000000 ) ;
#376 = PLANE ( 'NONE',  #3424 ) ;
#377 = CARTESIAN_POINT ( 'NONE',  ( -6.000000000000008882, 1.200000000000003064, 17.49999999999998579 ) ) ;
#378 = AXIS2_PLACEMENT_3D ( 'NONE', #1340, #2413, #568 ) ;
#379 = CARTESIAN_POINT ( 'NONE',  ( 28.99999999999998934, 0.000000000000000000, -22.00000000000000000 ) ) ;
#380 = CARTESIAN_POINT ( 'NONE',  ( -32.49999999999999289, 5.000000000000000000, 24.00000000000000711 ) ) ;
#381 = EDGE_CURVE ( 'NONE', #3565, #2601, #344, .T. ) ;
#382 = AXIS2_PLACEMENT_3D ( 'NONE', #2114, #1395, #4336 ) ;
#383 = FACE_OUTER_BOUND ( 'NONE', #1883, .T. ) ;
#384 = VERTEX_POINT ( 'NONE', #2212 ) ;
#385 = AXIS2_PLACEMENT_3D ( 'NONE', #3285, #1808, #1431 ) ;
#386 = EDGE_LOOP ( 'NONE', ( #4521, #317, #3645, #4400 ) ) ;
#387 = DIRECTION ( 'NONE',  ( 0.000000000000000000, 0.000000000000000000, -1.000000000000000000 ) ) ;
#388 = DIRECTION ( 'NONE',  ( -1.000000000000000000, -0.000000000000000000, -0.000000000000000000 ) ) ;
#389 = DIRECTION ( 'NONE',  ( 1.000000000000000000, 0.000000000000000000, 0.000000000000000000 ) ) ;
#390 = B_SPLINE_CURVE_WITH_KNOTS ( 'NONE', 3,
 ( #1683, #3829, #1961, #4277 ),
 .UNSPECIFIED., .F., .F.,
 ( 4, 4 ),
 ( 0.000000000000000000, 1.000000000000000000 ),
 .UNSPECIFIED. ) ;
#391 = AXIS2_PLACEMENT_3D ( 'NONE', #4186, #3541, #3066 ) ;
#392 = CARTESIAN_POINT ( 'NONE',  ( -10.00000000000001243, 11.50000000000000000, 9.999999999999998224 ) ) ;
#393 = EDGE_LOOP ( 'NONE', ( #978, #4185, #1052, #1882, #1769, #2852, #4018, #3391 ) ) ;
#394 = AXIS2_PLACEMENT_3D ( 'NONE', #2011, #3486, #4534 ) ;
#395 = ORIENTED_EDGE ( 'NONE', *, *, #611, .T. ) ;
#396 = AXIS2_PLACEMENT_3D ( 'NONE', #4599, #3823, #1305 ) ;
#397 = CARTESIAN_POINT ( 'NONE',  ( 0.000000000000000000, 1.199999999999999956, 0.000000000000000000 ) ) ;
#398 = EDGE_LOOP ( 'NONE', ( #663, #4312 ) ) ;
#399 = VERTEX_POINT ( 'NONE', #1844 ) ;
#400 = LINE ( 'NONE', #1154, #4335 ) ;
#401 = AXIS2_PLACEMENT_3D ( 'NONE', #2636, #3758, #3395 ) ;
#402 = DIRECTION ( 'NONE',  ( -2.168404344971008868E-16, -0.000000000000000000, 1.000000000000000000 ) ) ;
#403 = CARTESIAN_POINT ( 'NONE',  ( 17.49999999999998934, 0.000000000000000000, 7.024999999999987033 ) ) ;
#404 = AXIS2_PLACEMENT_3D ( 'NONE', #3007, #1899, #2684 ) ;
#405 = FACE_OUTER_BOUND ( 'NONE', #58, .T. ) ;
#406 = CARTESIAN_POINT ( 'NONE',  ( 15.61950086459868459, 2.999999999999999112, -5.750775868827826542 ) ) ;
#407 = DIRECTION ( 'NONE',  ( -0.000000000000000000, 1.000000000000000000, -0.000000000000000000 ) ) ;
#408 = CYLINDRICAL_SURFACE ( 'NONE', #2058, 1.249999999999999334 ) ;
#409 = CIRCLE ( 'NONE', #873, 1.250000000000001110 ) ;
#410 = ADVANCED_FACE ( 'NONE', ( #3321 ), #1470, .F. ) ;
#411 = CARTESIAN_POINT ( 'NONE',  ( 16.00000000000000000, 5.000000000000000000, -19.99999999999998934 ) ) ;
#412 = EDGE_CURVE ( 'NONE', #1794, #4739, #4103, .T. ) ;
#413 = DIRECTION ( 'NONE',  ( -0.000000000000000000, 1.000000000000000000, -0.000000000000000000 ) ) ;
#414 = CARTESIAN_POINT ( 'NONE',  ( -14.50386904162340684, 0.3500000000000001443, 6.716238546443609181 ) ) ;
#415 = DIRECTION ( 'NONE',  ( 1.000000000000000000, 0.000000000000000000, 0.000000000000000000 ) ) ;
#416 = FACE_OUTER_BOUND ( 'NONE', #607, .T. ) ;
#417 = ORIENTED_EDGE ( 'NONE', *, *, #2629, .F. ) ;
#418 = EDGE_LOOP ( 'NONE', ( #2740, #4464 ) ) ;
#419 = CARTESIAN_POINT ( 'NONE',  ( 17.49999999999998934, -1.429775138004531790E-15, -16.97500000000001208 ) ) ;
#420 = DIRECTION ( 'NONE',  ( 0.000000000000000000, -0.000000000000000000, -1.000000000000000000 ) ) ;
#421 = ORIENTED_EDGE ( 'NONE', *, *, #1530, .F. ) ;
#422 = LINE ( 'NONE', #2205, #4655 ) ;
#423 = CARTESIAN_POINT ( 'NONE',  ( 0.000000000000000000, 5.000000000000000000, 0.000000000000000000 ) ) ;
#424 = CYLINDRICAL_SURFACE ( 'NONE', #613, 1.299999999999999156 ) ;
#425 = AXIS2_PLACEMENT_3D ( 'NONE', #2956, #726, #4462 ) ;
#426 = EDGE_CURVE ( 'NONE', #1601, #981, #4691, .T. ) ;
#427 = CARTESIAN_POINT ( 'NONE',  ( -32.50000000000000000, 0.000000000000000000, -23.99999999999999289 ) ) ;
#428 = CARTESIAN_POINT ( 'NONE',  ( -25.99999999999981171, 3.000000000000000000, 9.000000000000119016 ) ) ;
#429 = AXIS2_PLACEMENT_3D ( 'NONE', #2962, #3746, #4445 ) ;
#430 = CARTESIAN_POINT ( 'NONE',  ( 2.999999999999990230, 0.000000000000000000, -17.50000000000000000 ) ) ;
#431 = FACE_BOUND ( 'NONE', #630, .T. ) ;
#432 = ADVANCED_FACE ( 'NONE', ( #111 ), #2662, .F. ) ;
#433 = DIRECTION ( 'NONE',  ( 0.000000000000000000, 0.000000000000000000, 1.000000000000000000 ) ) ;
#434 = CARTESIAN_POINT ( 'NONE',  ( -11.79999999999999538, 3.000000000000000000, 6.999999999999998224 ) ) ;
#435 = SURFACE_STYLE_USAGE ( .BOTH. , #3381 ) ;
#436 = SHAPE_DEFINITION_REPRESENTATION ( #3054, #3637 ) ;
#437 = ADVANCED_FACE ( 'NONE', ( #1247 ), #4582, .F. ) ;
#438 = CARTESIAN_POINT ( 'NONE',  ( -5.999999999999949374, 1.199999999999999734, -2.058249404246464263E-14 ) ) ;
#439 = ORIENTED_EDGE ( 'NONE', *, *, #1564, .T. ) ;
#440 = EDGE_CURVE ( 'NONE', #2921, #3632, #1182, .T. ) ;
#441 = ORIENTED_EDGE ( 'NONE', *, *, #3009, .T. ) ;
#442 = ADVANCED_FACE ( 'NONE', ( #431, #2329, #3398, #1569, #3419, #2682, #89, #3048, #2731 ), #64, .F. ) ;
#443 = CARTESIAN_POINT ( 'NONE',  ( -6.500000000000011546, 0.000000000000000000, 18.50000000000000355 ) ) ;
#444 = DIRECTION ( 'NONE',  ( 0.000000000000000000, -0.000000000000000000, -1.000000000000000000 ) ) ;
#445 = ORIENTED_EDGE ( 'NONE', *, *, #1235, .F. ) ;
#446 = FILL_AREA_STYLE ('',( #4291 ) ) ;
#447 = DIRECTION ( 'NONE',  ( -0.000000000000000000, -1.000000000000000000, -0.000000000000000000 ) ) ;
#448 = CARTESIAN_POINT ( 'NONE',  ( -15.99999999999999645, 3.000000000000000000, 6.999999999999998224 ) ) ;
#449 = CARTESIAN_POINT ( 'NONE',  ( 16.00000000000000000, 0.000000000000000000, 20.00000000000000711 ) ) ;
#450 = CARTESIAN_POINT ( 'NONE',  ( -16.00000000000001421, 10.30000000000000071, 6.499999999999999112 ) ) ;
#451 = DIRECTION ( 'NONE',  ( 0.000000000000000000, 0.000000000000000000, 1.000000000000000000 ) ) ;
#452 = VECTOR ( 'NONE', #1624, 1000.000000000000000 ) ;
#453 = DIRECTION ( 'NONE',  ( 1.000000000000000000, 0.000000000000000000, 0.000000000000000000 ) ) ;
#454 = CARTESIAN_POINT ( 'NONE',  ( -11.50000000000000000, 5.000000000000000000, 24.00000000000000711 ) ) ;
#455 = CARTESIAN_POINT ( 'NONE',  ( -15.71965294641610988, 2.999999999999999112, 5.493892083884609256 ) ) ;
#456 = AXIS2_PLACEMENT_3D ( 'NONE', #4392, #1828, #3305 ) ;
#457 = APPLICATION_PROTOCOL_DEFINITION ( 'draft international standard', 'automotive_design', 1998, #51 ) ;
#458 = DIRECTION ( 'NONE',  ( 0.000000000000000000, 0.000000000000000000, -1.000000000000000000 ) ) ;
#459 = ORIENTED_EDGE ( 'NONE', *, *, #4180, .F. ) ;
#460 = ORIENTED_EDGE ( 'NONE', *, *, #2225, .T. ) ;
#461 = EDGE_LOOP ( 'NONE', ( #486, #658 ) ) ;
#462 = VECTOR ( 'NONE', #177, 1000.000000000000000 ) ;
#463 = EDGE_CURVE ( 'NONE', #1076, #3797, #802, .T. ) ;
#464 = DIRECTION ( 'NONE',  ( 1.000000000000000000, 0.000000000000000000, 0.000000000000000000 ) ) ;
#465 = ORIENTED_EDGE ( 'NONE', *, *, #1430, .F. ) ;
#466 = VECTOR ( 'NONE', #3239, 1000.000000000000000 ) ;
#467 = DIRECTION ( 'NONE',  ( -0.000000000000000000, 1.000000000000000000, -0.000000000000000000 ) ) ;
#468 = EDGE_CURVE ( 'NONE', #2759, #2046, #500, .T. ) ;
#469 = ORIENTED_EDGE ( 'NONE', *, *, #4684, .F. ) ;
#470 = CARTESIAN_POINT ( 'NONE',  ( 0.000000000000000000, 10.30000000000000071, 4.000000000000005329 ) ) ;
#471 = CARTESIAN_POINT ( 'NONE',  ( 16.00000000000000355, 1.189166666666666927, -7.000000000000000888 ) ) ;
#472 = AXIS2_PLACEMENT_3D ( 'NONE', #3605, #4238, #915 ) ;
#473 = LINE ( 'NONE', #4604, #3802 ) ;
#474 = VECTOR ( 'NONE', #4528, 1000.000000000000000 ) ;
#475 =( LENGTH_UNIT ( ) NAMED_UNIT ( * ) SI_UNIT ( .MILLI., .METRE. ) );
#476 = FACE_OUTER_BOUND ( 'NONE', #1232, .T. ) ;
#477 = CARTESIAN_POINT ( 'NONE',  ( -32.50000000000000000, 8.000000000000000000, -23.99999999999999289 ) ) ;
#478 = DIRECTION ( 'NONE',  ( -0.000000000000000000, 1.000000000000000000, -0.000000000000000000 ) ) ;
#479 = AXIS2_PLACEMENT_3D ( 'NONE', #4758, #2570, #2543 ) ;
#480 = CARTESIAN_POINT ( 'NONE',  ( 16.00000000000000000, 2.000000000000000000, -19.99999999999998934 ) ) ;
#481 = VECTOR ( 'NONE', #4306, 1000.000000000000000 ) ;
#482 = CARTESIAN_POINT ( 'NONE',  ( 32.50000000000000711, 0.000000000000000000, 24.00000000000000711 ) ) ;
#483 = VECTOR ( 'NONE', #864, 1000.000000000000000 ) ;
#484 = FACE_OUTER_BOUND ( 'NONE', #4792, .T. ) ;
#485 = ORIENTED_EDGE ( 'NONE', *, *, #4259, .T. ) ;
#486 = ORIENTED_EDGE ( 'NONE', *, *, #2301, .T. ) ;
#487 = ORIENTED_EDGE ( 'NONE', *, *, #3077, .F. ) ;
#488 = EDGE_CURVE ( 'NONE', #507, #2921, #518, .T. ) ;
#489 = FACE_OUTER_BOUND ( 'NONE', #3450, .T. ) ;
#490 = EDGE_LOOP ( 'NONE', ( #2163, #217 ) ) ;
#491 = CARTESIAN_POINT ( 'NONE',  ( -16.00000000000001421, 10.30000000000000071, -15.50000000000000178 ) ) ;
#492 = VERTEX_POINT ( 'NONE', #822 ) ;
#493 = DIRECTION ( 'NONE',  ( 0.000000000000000000, -0.000000000000000000, -1.000000000000000000 ) ) ;
#494 = DIRECTION ( 'NONE',  ( 0.000000000000000000, 1.000000000000000000, 0.000000000000000000 ) ) ;
#495 = EDGE_CURVE ( 'NONE', #1582, #2467, #892, .T. ) ;
#496 = CARTESIAN_POINT ( 'NONE',  ( 1.010333609296565564E-15, 11.50000000000000000, -8.249999999999992895 ) ) ;
#497 = EDGE_CURVE ( 'NONE', #359, #1484, #1967, .T. ) ;
#498 = DIRECTION ( 'NONE',  ( 0.000000000000000000, 0.000000000000000000, -1.000000000000000000 ) ) ;
#499 = CARTESIAN_POINT ( 'NONE',  ( -12.17082872251141623, 0.3500000000000000888, -7.000000000000002665 ) ) ;
#500 = LINE ( 'NONE', #133, #4297 ) ;
#501 = CARTESIAN_POINT ( 'NONE',  ( 16.00000000000000000, 5.000000000000000000, -19.99999999999998934 ) ) ;
#502 = VECTOR ( 'NONE', #3739, 1000.000000000000000 ) ;
#503 = DIRECTION ( 'NONE',  ( -0.000000000000000000, -1.000000000000000000, -0.000000000000000000 ) ) ;
#504 = CARTESIAN_POINT ( 'NONE',  ( -15.91106109218189069, 3.000000000000000000, 4.603672719727113005 ) ) ;
#505 = CARTESIAN_POINT ( 'NONE',  ( -16.00000000000000000, 2.000000000000000000, -16.74999999999998934 ) ) ;
#506 = ORIENTED_EDGE ( 'NONE', *, *, #53, .F. ) ;
#507 = VERTEX_POINT ( 'NONE', #1592 ) ;
#508 = VERTEX_POINT ( 'NONE', #3075 ) ;
#509 = DIRECTION ( 'NONE',  ( 0.000000000000000000, 0.000000000000000000, -1.000000000000000000 ) ) ;
#510 = ORIENTED_EDGE ( 'NONE', *, *, #3463, .F. ) ;
#511 = CARTESIAN_POINT ( 'NONE',  ( -23.50000000000000000, 8.000000000000000000, 6.000000000000008882 ) ) ;
#512 = ORIENTED_EDGE ( 'NONE', *, *, #1320, .T. ) ;
#513 = CARTESIAN_POINT ( 'NONE',  ( 0.000000000000000000, 11.50000000000000000, 0.000000000000000000 ) ) ;
#514 = PLANE ( 'NONE',  #1782 ) ;
#515 =( NAMED_UNIT ( * ) SI_UNIT ( $, .STERADIAN. ) SOLID_ANGLE_UNIT ( ) );
#516 = CARTESIAN_POINT ( 'NONE',  ( 26.00000000000018829, 0.000000000000000000, -8.999999999999896971 ) ) ;
#517 = CARTESIAN_POINT ( 'NONE',  ( -11.79999999999999538, 0.3500000000000000333, -7.000000000000001776 ) ) ;
#518 = LINE ( 'NONE', #3808, #1587 ) ;
#519 = AXIS2_PLACEMENT_3D ( 'NONE', #1902, #4086, #756 ) ;
#520 = EDGE_CURVE ( 'NONE', #2743, #698, #4765, .T. ) ;
#521 = DIRECTION ( 'NONE',  ( 0.000000000000000000, 0.000000000000000000, -1.000000000000000000 ) ) ;
#522 = EDGE_CURVE ( 'NONE', #2812, #3057, #4460, .T. ) ;
#523 = DIRECTION ( 'NONE',  ( 7.709882115452475208E-16, 0.000000000000000000, -1.000000000000000000 ) ) ;
#524 = CARTESIAN_POINT ( 'NONE',  ( 17.49999999999998934, 6.349999999999994316, 18.00000000000000000 ) ) ;
#525 = CARTESIAN_POINT ( 'NONE',  ( 16.00000000000000000, 5.000000000000000000, 20.00000000000000711 ) ) ;
#526 = VERTEX_POINT ( 'NONE', #2705 ) ;
#527 = AXIS2_PLACEMENT_3D ( 'NONE', #3837, #1549, #3493 ) ;
#528 = EDGE_LOOP ( 'NONE', ( #2819, #3324, #3721, #34 ) ) ;
#529 = ORIENTED_EDGE ( 'NONE', *, *, #819, .T. ) ;
#530 =( BOUNDED_SURFACE ( )  B_SPLINE_SURFACE ( 2, 3, ( 
 ( #2060, #2824, #545, #1717 ),
 ( #2037, #964, #3878, #984 ),
 ( #2777, #3197, #4260, #277 ) ),
 .UNSPECIFIED., .F., .F., .F. ) 
 B_SPLINE_SURFACE_WITH_KNOTS ( ( 3, 3 ),
 ( 4, 4 ),
 ( 0.000000000000000000, 1.000000000000000000 ),
 ( -0.002782499999999999817, 0.0001324999999999999952 ),
 .UNSPECIFIED. ) 
 GEOMETRIC_REPRESENTATION_ITEM ( )  RATIONAL_B_SPLINE_SURFACE ( (
 ( 1.000000000000000000, 1.000000000000000000, 1.000000000000000000, 1.000000000000000000),
 ( 1.857142857142857428, 1.857142857142857428, 1.857142857142857428, 1.857142857142857428),
 ( 1.000000000000000000, 1.000000000000000000, 1.000000000000000000, 1.000000000000000000) ) ) 
 REPRESENTATION_ITEM ( '' )  SURFACE ( )  );
#531 = AXIS2_PLACEMENT_3D ( 'NONE', #2483, #911, #2436 ) ;
#532 = VECTOR ( 'NONE', #839, 1000.000000000000000 ) ;
#533 = CARTESIAN_POINT ( 'NONE',  ( 17.49999999999998934, 6.349999999999996980, 5.999999999999997335 ) ) ;
#534 = ORIENTED_EDGE ( 'NONE', *, *, #412, .F. ) ;
#535 = DIRECTION ( 'NONE',  ( 0.000000000000000000, 0.000000000000000000, -1.000000000000000000 ) ) ;
#536 = ORIENTED_EDGE ( 'NONE', *, *, #1565, .T. ) ;
#537 = CARTESIAN_POINT ( 'NONE',  ( 28.99999999999998934, 0.000000000000000000, -22.00000000000000000 ) ) ;
#538 = PRESENTATION_LAYER_ASSIGNMENT (  '', '', ( #2638 ) ) ;
#539 = CYLINDRICAL_SURFACE ( 'NONE', #3877, 8.249999999999992895 ) ;
#540 = ORIENTED_EDGE ( 'NONE', *, *, #806, .T. ) ;
#541 = APPLICATION_CONTEXT ( 'automotive_design' ) ;
#542 = CIRCLE ( 'NONE', #2403, 1.700000000000000178 ) ;
#543 = DIRECTION ( 'NONE',  ( -0.000000000000000000, -0.000000000000000000, 1.000000000000000000 ) ) ;
#544 = DIRECTION ( 'NONE',  ( -0.000000000000000000, 1.000000000000000000, -0.000000000000000000 ) ) ;
#545 = CARTESIAN_POINT ( 'NONE',  ( 11.80000000000000249, 1.189166666666667371, 6.999999999999998224 ) ) ;
#546 = CARTESIAN_POINT ( 'NONE',  ( 12.67565841884349176, 3.000000000000000000, -6.988751955960576190 ) ) ;
#547 = FACE_OUTER_BOUND ( 'NONE', #4157, .T. ) ;
#548 = CARTESIAN_POINT ( 'NONE',  ( -15.76388479376826446, 3.000000000000000000, 5.362138391306266350 ) ) ;
#549 = EDGE_CURVE ( 'NONE', #2226, #1076, #2352, .T. ) ;
#550 = VECTOR ( 'NONE', #1585, 1000.000000000000000 ) ;
#551 = ADVANCED_FACE ( 'NONE', ( #1989 ), #2371, .F. ) ;
#552 = DIRECTION ( 'NONE',  ( 0.000000000000000000, -1.000000000000000000, 0.000000000000000000 ) ) ;
#553 = ORIENTED_EDGE ( 'NONE', *, *, #4036, .T. ) ;
#554 = VECTOR ( 'NONE', #4019, 1000.000000000000000 ) ;
#555 = VERTEX_POINT ( 'NONE', #4608 ) ;
#556 = VERTEX_POINT ( 'NONE', #1268 ) ;
#557 = ADVANCED_FACE ( 'NONE', ( #2284 ), #3761, .F. ) ;
#558 = VECTOR ( 'NONE', #2406, 1000.000000000000000 ) ;
#559 = CARTESIAN_POINT ( 'NONE',  ( -10.00000000000001243, 11.50000000000000000, 8.749999999999998224 ) ) ;
#560 = VERTEX_POINT ( 'NONE', #644 ) ;
#561 = CARTESIAN_POINT ( 'NONE',  ( -20.49999999999981526, 3.000000000000000000, 6.000000000000119016 ) ) ;
#562 = ORIENTED_EDGE ( 'NONE', *, *, #1530, .T. ) ;
#563 = CARTESIAN_POINT ( 'NONE',  ( -32.50000000000000000, 8.000000000000000000, 24.00000000000000711 ) ) ;
#564 = DIRECTION ( 'NONE',  ( 0.000000000000000000, 0.000000000000000000, 1.000000000000000000 ) ) ;
#565 = DIRECTION ( 'NONE',  ( 3.430415673744137212E-15, 0.000000000000000000, -1.000000000000000000 ) ) ;
#566 = ORIENTED_EDGE ( 'NONE', *, *, #1157, .T. ) ;
#567 = CARTESIAN_POINT ( 'NONE',  ( 28.99999999999998934, 11.50000000000000000, -22.00000000000000000 ) ) ;
#568 = DIRECTION ( 'NONE',  ( 0.000000000000000000, 0.000000000000000000, -1.000000000000000000 ) ) ;
#569 = EDGE_CURVE ( 'NONE', #196, #936, #2057, .T. ) ;
#570 = FACE_OUTER_BOUND ( 'NONE', #418, .T. ) ;
#571 = APPLICATION_CONTEXT ( 'automotive_design' ) ;
#572 = CARTESIAN_POINT ( 'NONE',  ( 15.59765210134221824, 0.3500000000000000888, -5.803476787307108253 ) ) ;
#573 = LINE ( 'NONE', #3078, #1642 ) ;
#574 = CARTESIAN_POINT ( 'NONE',  ( -23.50000000000000000, 8.000000000000001776, 18.00000000000001066 ) ) ;
#575 = EDGE_CURVE ( 'NONE', #3818, #816, #268, .T. ) ;
#576 = AXIS2_PLACEMENT_3D ( 'NONE', #1897, #1521, #2564 ) ;
#577 =( LENGTH_UNIT ( ) NAMED_UNIT ( * ) SI_UNIT ( .MILLI., .METRE. ) );
#578 = ORIENTED_EDGE ( 'NONE', *, *, #3737, .T. ) ;
#579 = ORIENTED_EDGE ( 'NONE', *, *, #3909, .T. ) ;
#580 = PRESENTATION_STYLE_ASSIGNMENT (( #4501 ) ) ;
#581 = CARTESIAN_POINT ( 'NONE',  ( -15.16058051256335126, 0.3500000000000000888, 6.368282023044494977 ) ) ;
#582 = AXIS2_PLACEMENT_3D ( 'NONE', #973, #1373, #3986 ) ;
#583 = EDGE_CURVE ( 'NONE', #3035, #1304, #4236, .T. ) ;
#584 = DIRECTION ( 'NONE',  ( 7.228014483236695816E-17, 0.000000000000000000, 1.000000000000000000 ) ) ;
#585 = ORIENTED_EDGE ( 'NONE', *, *, #673, .T. ) ;
#586 = CARTESIAN_POINT ( 'NONE',  ( 13.58620757054088912, 0.3500000000000001443, 6.913270696887416022 ) ) ;
#587 = ORIENTED_EDGE ( 'NONE', *, *, #2427, .F. ) ;
#588 = EDGE_CURVE ( 'NONE', #3613, #1822, #3478, .T. ) ;
#589 = CARTESIAN_POINT ( 'NONE',  ( -23.50000000000000000, 8.000000000000000000, -5.999999999999991118 ) ) ;
#590 = UNCERTAINTY_MEASURE_WITH_UNIT (LENGTH_MEASURE( 1.000000000000000082E-05 ), #3095, 'distance_accuracy_value', 'NONE');
#591 = LINE ( 'NONE', #1337, #466 ) ;
#592 = EDGE_LOOP ( 'NONE', ( #1745, #1727, #3874, #4420 ) ) ;
#593 = CARTESIAN_POINT ( 'NONE',  ( -15.06112177837999866, 0.3500000000000000333, -6.444400802584636878 ) ) ;
#594 = FACE_OUTER_BOUND ( 'NONE', #711, .T. ) ;
#595 = CARTESIAN_POINT ( 'NONE',  ( -12.50000000000001776, 10.30000000000000071, 6.499999999999999112 ) ) ;
#596 = DIRECTION ( 'NONE',  ( -0.000000000000000000, -1.000000000000000000, -0.000000000000000000 ) ) ;
#597 = CARTESIAN_POINT ( 'NONE',  ( -3.000000000000012879, 10.30000000000000071, 17.49999999999999645 ) ) ;
#598 = CARTESIAN_POINT ( 'NONE',  ( 13.74850850802043212, 3.000000000000000000, 6.891262478326821928 ) ) ;
#599 = ADVANCED_FACE ( 'NONE', ( #275 ), #3147, .F. ) ;
#600 = CARTESIAN_POINT ( 'NONE',  ( 0.000000000000000000, 0.000000000000000000, -4.000000000000009770 ) ) ;
#601 = ORIENTED_EDGE ( 'NONE', *, *, #3377, .F. ) ;
#602 = EDGE_LOOP ( 'NONE', ( #2542, #2424, #4786, #4449 ) ) ;
#603 = DIRECTION ( 'NONE',  ( 0.000000000000000000, 0.000000000000000000, 1.000000000000000000 ) ) ;
#604 = CARTESIAN_POINT ( 'NONE',  ( 20.50000000000018474, 3.000000000000000000, -7.299999999999880806 ) ) ;
#605 = AXIS2_PLACEMENT_3D ( 'NONE', #1728, #4009, #677 ) ;
#606 = CARTESIAN_POINT ( 'NONE',  ( 17.49999999999998934, -1.429775138004531790E-15, -18.00000000000000355 ) ) ;
#607 = EDGE_LOOP ( 'NONE', ( #36, #540 ) ) ;
#608 = CARTESIAN_POINT ( 'NONE',  ( 14.44467351906397035, 0.3500000000000000333, 6.735948246620885094 ) ) ;
#609 = AXIS2_PLACEMENT_3D ( 'NONE', #766, #1839, #3316 ) ;
#610 = ORIENTED_EDGE ( 'NONE', *, *, #3137, .T. ) ;
#611 = EDGE_CURVE ( 'NONE', #201, #1109, #4027, .T. ) ;
#612 = VECTOR ( 'NONE', #2189, 1000.000000000000000 ) ;
#613 = AXIS2_PLACEMENT_3D ( 'NONE', #1914, #4480, #796 ) ;
#614 = LINE ( 'NONE', #320, #1306 ) ;
#615 = EDGE_CURVE ( 'NONE', #3364, #2892, #1616, .T. ) ;
#616 = CIRCLE ( 'NONE', #4258, 1.024999999999991251 ) ;
#617 = DIRECTION ( 'NONE',  ( 1.927470528863117076E-16, 0.000000000000000000, 1.000000000000000000 ) ) ;
#618 = VERTEX_POINT ( 'NONE', #3168 ) ;
#619 = DIRECTION ( 'NONE',  ( 1.000000000000000000, 0.000000000000000000, 0.000000000000000000 ) ) ;
#620 = CYLINDRICAL_SURFACE ( 'NONE', #531, 1.024999999999987699 ) ;
#621 = LINE ( 'NONE', #2109, #1949 ) ;
#622 = AXIS2_PLACEMENT_3D ( 'NONE', #3313, #370, #2946 ) ;
#623 = CARTESIAN_POINT ( 'NONE',  ( 15.91071346838648282, 0.3500000000000000333, -4.606398575840470855 ) ) ;
#624 = CARTESIAN_POINT ( 'NONE',  ( -21.00000000000000000, 8.000000000000000000, -23.99999999999999289 ) ) ;
#625 = CARTESIAN_POINT ( 'NONE',  ( 14.75077586882783010, 3.000000000000000000, 6.619500864598682810 ) ) ;
#626 = AXIS2_PLACEMENT_3D ( 'NONE', #3510, #3557, #941 ) ;
#627 = DIRECTION ( 'NONE',  ( 0.000000000000000000, -1.000000000000000000, 0.000000000000000000 ) ) ;
#628 = EDGE_LOOP ( 'NONE', ( #3531, #1925, #1500, #901 ) ) ;
#629 = AXIS2_PLACEMENT_3D ( 'NONE', #2631, #2998, #1133 ) ;
#630 = EDGE_LOOP ( 'NONE', ( #1723, #1349 ) ) ;
#631 = DIRECTION ( 'NONE',  ( 0.000000000000000000, 0.000000000000000000, -1.000000000000000000 ) ) ;
#632 = CARTESIAN_POINT ( 'NONE',  ( 1.010333609296565169E-15, 11.50000000000000000, -8.249999999999985789 ) ) ;
#633 = EDGE_CURVE ( 'NONE', #3663, #2760, #1362, .T. ) ;
#634 = AXIS2_PLACEMENT_3D ( 'NONE', #992, #2466, #631 ) ;
#635 = LINE ( 'NONE', #4735, #921 ) ;
#636 = ORIENTED_EDGE ( 'NONE', *, *, #741, .F. ) ;
#637 = CARTESIAN_POINT ( 'NONE',  ( 13.50795255966067288, 0.3500000000000001443, 6.922728280791658584 ) ) ;
#638 = EDGE_LOOP ( 'NONE', ( #4685, #143 ) ) ;
#639 = EDGE_CURVE ( 'NONE', #2399, #10, #4326, .T. ) ;
#640 = CARTESIAN_POINT ( 'NONE',  ( -15.99999999999999645, 3.000000000000000000, 2.799999999999997602 ) ) ;
#641 = LINE ( 'NONE', #4279, #3727 ) ;
#642 = ORIENTED_EDGE ( 'NONE', *, *, #3113, .F. ) ;
#643 = CARTESIAN_POINT ( 'NONE',  ( 0.000000000000000000, -0.000000000000000000, 12.50000000000000178 ) ) ;
#644 = CARTESIAN_POINT ( 'NONE',  ( 17.49999999999998934, -1.429775138004531790E-15, -19.02499999999999503 ) ) ;
#645 = EDGE_CURVE ( 'NONE', #2584, #345, #1541, .T. ) ;
#646 = EDGE_CURVE ( 'NONE', #9, #4666, #1074, .T. ) ;
#647 = PLANE ( 'NONE',  #472 ) ;
#648 = CARTESIAN_POINT ( 'NONE',  ( 15.84693281132432752, 0.3500000000000000333, -5.026398414276450843 ) ) ;
#649 = CARTESIAN_POINT ( 'NONE',  ( -15.99999999999999645, 3.132499999999999840, -2.800000000000001155 ) ) ;
#650 = DIRECTION ( 'NONE',  ( -0.000000000000000000, 1.000000000000000000, -0.000000000000000000 ) ) ;
#651 = CARTESIAN_POINT ( 'NONE',  ( -3.000000000000012879, 1.199999999999999734, 17.49999999999999645 ) ) ;
#652 = EDGE_LOOP ( 'NONE', ( #465, #1005 ) ) ;
#653 = EDGE_LOOP ( 'NONE', ( #2357, #4159, #1107, #2891 ) ) ;
#654 = CARTESIAN_POINT ( 'NONE',  ( -12.50000000000001776, 10.30000000000000071, 6.499999999999999112 ) ) ;
#655 = CARTESIAN_POINT ( 'NONE',  ( -15.88768538522476703, 0.3500000000000000333, 4.785367031183518804 ) ) ;
#656 =( GEOMETRIC_REPRESENTATION_CONTEXT ( 3 ) GLOBAL_UNCERTAINTY_ASSIGNED_CONTEXT ( ( #1973 ) ) GLOBAL_UNIT_ASSIGNED_CONTEXT ( ( #2644, #3765, #1943 ) ) REPRESENTATION_CONTEXT ( 'NONE', 'WORKASPACE' ) );
#657 = CARTESIAN_POINT ( 'NONE',  ( -13.13600795315405811, 3.000000000000000000, -6.970507305179491908 ) ) ;
#658 = ORIENTED_EDGE ( 'NONE', *, *, #2441, .T. ) ;
#659 = DIRECTION ( 'NONE',  ( -0.000000000000000000, 1.000000000000000000, -0.000000000000000000 ) ) ;
#660 = VERTEX_POINT ( 'NONE', #2844 ) ;
#661 = DIRECTION ( 'NONE',  ( -0.000000000000000000, -1.000000000000000000, -0.000000000000000000 ) ) ;
#662 = CARTESIAN_POINT ( 'NONE',  ( -20.49999999999981526, 3.000000000000000000, 4.700000000000120082 ) ) ;
#663 = ORIENTED_EDGE ( 'NONE', *, *, #2988, .T. ) ;
#664 = CARTESIAN_POINT ( 'NONE',  ( -14.65897766441712413, 0.3500000000000000333, -6.663302161102215848 ) ) ;
#665 = CARTESIAN_POINT ( 'NONE',  ( 0.000000000000000000, 10.30000000000000071, 12.50000000000000178 ) ) ;
#666 = CYLINDRICAL_SURFACE ( 'NONE', #2789, 2.999999999999997335 ) ;
#667 = CARTESIAN_POINT ( 'NONE',  ( 15.89126247832682637, 3.000000000000000444, -4.748508508020430341 ) ) ;
#668 = CARTESIAN_POINT ( 'NONE',  ( -15.99999999999999822, 0.2175000000000001099, -7.000000000000002665 ) ) ;
#669 = CARTESIAN_POINT ( 'NONE',  ( -16.00000000000000000, 5.000000000000000000, -18.29999999999999005 ) ) ;
#670 = EDGE_CURVE ( 'NONE', #3369, #3506, #4720, .T. ) ;
#671 = CARTESIAN_POINT ( 'NONE',  ( -15.99999999999999645, 0.2175000000000001377, 2.799999999999997602 ) ) ;
#672 = ORIENTED_EDGE ( 'NONE', *, *, #1775, .T. ) ;
#673 = EDGE_CURVE ( 'NONE', #3369, #3469, #2130, .T. ) ;
#674 = EDGE_LOOP ( 'NONE', ( #2581, #3945, #3248, #2405 ) ) ;
#675 = PLANE ( 'NONE',  #404 ) ;
#676 = CARTESIAN_POINT ( 'NONE',  ( -15.73594824662088598, 0.3500000000000000333, 5.444673519063624845 ) ) ;
#677 = DIRECTION ( 'NONE',  ( 0.000000000000000000, -0.000000000000000000, -1.000000000000000000 ) ) ;
#678 = ORIENTED_EDGE ( 'NONE', *, *, #2577, .F. ) ;
#679 = CARTESIAN_POINT ( 'NONE',  ( 13.60639857584052237, 0.3499999999999999778, 6.910713468386467717 ) ) ;
#680 = VERTEX_POINT ( 'NONE', #3580 ) ;
#681 = DIRECTION ( 'NONE',  ( 0.000000000000000000, -1.000000000000000000, 0.000000000000000000 ) ) ;
#682 = VERTEX_POINT ( 'NONE', #4676 ) ;
#683 = ORIENTED_EDGE ( 'NONE', *, *, #2898, .F. ) ;
#684 = DIRECTION ( 'NONE',  ( 0.000000000000000000, -0.000000000000000000, 1.000000000000000000 ) ) ;
#686 = EDGE_LOOP ( 'NONE', ( #3825, #2606 ) ) ;
#685 = VECTOR ( 'NONE', #101, 1000.000000000000000 ) ;
#687 = DIRECTION ( 'NONE',  ( 0.000000000000000000, 0.000000000000000000, 1.000000000000000000 ) ) ;
#688 = DIRECTION ( 'NONE',  ( 0.000000000000000000, 0.000000000000000000, -1.000000000000000000 ) ) ;
#689 = AXIS2_PLACEMENT_3D ( 'NONE', #3508, #3554, #2388 ) ;
#690 = PLANE ( 'NONE',  #3886 ) ;
#691 = DIRECTION ( 'NONE',  ( 0.000000000000000000, 0.000000000000000000, -1.000000000000000000 ) ) ;
#692 = DIRECTION ( 'NONE',  ( -0.000000000000000000, -1.000000000000000000, -0.000000000000000000 ) ) ;
#693 = VECTOR ( 'NONE', #1755, 1000.000000000000000 ) ;
#694 = CARTESIAN_POINT ( 'NONE',  ( -10.00000000000001243, 11.50000000000000000, 9.999999999999998224 ) ) ;
#695 = DIRECTION ( 'NONE',  ( 0.000000000000000000, 0.000000000000000000, -1.000000000000000000 ) ) ;
#696 = MECHANICAL_DESIGN_GEOMETRIC_PRESENTATION_REPRESENTATION (  '', ( #2638 ), #3181 ) ;
#697 = DIRECTION ( 'NONE',  ( -0.000000000000000000, -1.000000000000000000, -0.000000000000000000 ) ) ;
#698 = VERTEX_POINT ( 'NONE', #1007 ) ;
#699 = EDGE_CURVE ( 'NONE', #2760, #2097, #2698, .T. ) ;
#700 = EDGE_LOOP ( 'NONE', ( #3964, #3752, #2171, #761, #189, #2068, #728, #3702 ) ) ;
#701 = CARTESIAN_POINT ( 'NONE',  ( -20.49999999999981526, 0.000000000000000000, 7.300000000000117950 ) ) ;
#702 = DIRECTION ( 'NONE',  ( 0.000000000000000000, 0.000000000000000000, -1.000000000000000000 ) ) ;
#703 = ADVANCED_FACE ( 'NONE', ( #3876 ), #620, .F. ) ;
#704 = VECTOR ( 'NONE', #453, 1000.000000000000000 ) ;
#705 = ADVANCED_FACE ( 'NONE', ( #594 ), #2081, .F. ) ;
#706 = CIRCLE ( 'NONE', #95, 1.249999999999997558 ) ;
#707 = FACE_OUTER_BOUND ( 'NONE', #2669, .T. ) ;
#708 = ORIENTED_EDGE ( 'NONE', *, *, #1060, .F. ) ;
#709 = ADVANCED_FACE ( 'NONE', ( #3603 ), #1492, .F. ) ;
#710 = CARTESIAN_POINT ( 'NONE',  ( -23.50000000000000000, 1.650000000000001243, 4.975000000000010303 ) ) ;
#711 = EDGE_LOOP ( 'NONE', ( #1875, #2855, #4661, #1997 ) ) ;
#712 = AXIS2_PLACEMENT_3D ( 'NONE', #3826, #2320, #493 ) ;
#713 = DIRECTION ( 'NONE',  ( -0.000000000000000000, -1.000000000000000000, -0.000000000000000000 ) ) ;
#714 = EDGE_LOOP ( 'NONE', ( #211, #4388 ) ) ;
#715 = AXIS2_PLACEMENT_3D ( 'NONE', #1843, #88, #1088 ) ;
#716 = ORIENTED_EDGE ( 'NONE', *, *, #3549, .F. ) ;
#717 = DIRECTION ( 'NONE',  ( -0.000000000000000000, 1.000000000000000000, -0.000000000000000000 ) ) ;
#718 = ORIENTED_EDGE ( 'NONE', *, *, #3049, .T. ) ;
#719 = LINE ( 'NONE', #817, #1554 ) ;
#720 = CARTESIAN_POINT ( 'NONE',  ( 20.50000000000018474, 3.000000000000000000, -5.999999999999880984 ) ) ;
#721 = VECTOR ( 'NONE', #2558, 1000.000000000000000 ) ;
#722 = EDGE_CURVE ( 'NONE', #3613, #72, #1111, .T. ) ;
#723 = LINE ( 'NONE', #3682, #2268 ) ;
#724 = CARTESIAN_POINT ( 'NONE',  ( 15.36836184007532680, 3.000000000000000000, -6.160436062035042681 ) ) ;
#725 = CARTESIAN_POINT ( 'NONE',  ( 2.999999999999990674, 10.30000000000000071, -15.50000000000000000 ) ) ;
#726 = DIRECTION ( 'NONE',  ( -0.000000000000000000, 1.000000000000000000, -0.000000000000000000 ) ) ;
#727 = CARTESIAN_POINT ( 'NONE',  ( -15.99999999999999822, 2.160833333333332718, 6.999999999999998224 ) ) ;
#728 = ORIENTED_EDGE ( 'NONE', *, *, #3157, .T. ) ;
#729 = ADVANCED_FACE ( 'NONE', ( #4749 ), #1412, .T. ) ;
#730 = ORIENTED_EDGE ( 'NONE', *, *, #970, .F. ) ;
#731 = DIRECTION ( 'NONE',  ( -0.000000000000000000, -1.000000000000000000, -0.000000000000000000 ) ) ;
#732 = CARTESIAN_POINT ( 'NONE',  ( 17.49999999999998934, 6.349999999999994316, 5.999999999999997335 ) ) ;
#733 = DIRECTION ( 'NONE',  ( 1.000000000000000000, 0.000000000000000000, 0.000000000000000000 ) ) ;
#734 = PLANE ( 'NONE',  #456 ) ;
#735 = ORIENTED_EDGE ( 'NONE', *, *, #4151, .F. ) ;
#736 =( REPRESENTATION_RELATIONSHIP ('NONE','NONE', #1682, #2823 ) REPRESENTATION_RELATIONSHIP_WITH_TRANSFORMATION ( #4417 )SHAPE_REPRESENTATION_RELATIONSHIP( ) );
#737 = VERTEX_POINT ( 'NONE', #3372 ) ;
#738 = ADVANCED_FACE ( 'NONE', ( #1786 ), #2152, .F. ) ;
#739 = CARTESIAN_POINT ( 'NONE',  ( -15.99999999999999645, 3.000000000000000000, -7.000000000000001776 ) ) ;
#740 = ORIENTED_EDGE ( 'NONE', *, *, #1775, .F. ) ;
#741 = EDGE_CURVE ( 'NONE', #660, #3134, #327, .T. ) ;
#742 = EDGE_LOOP ( 'NONE', ( #3696, #601, #3634, #2244 ) ) ;
#743 = DIRECTION ( 'NONE',  ( 0.000000000000000000, 0.000000000000000000, -1.000000000000000000 ) ) ;
#744 = ORIENTED_EDGE ( 'NONE', *, *, #1746, .F. ) ;
#745 = DIRECTION ( 'NONE',  ( 0.000000000000000000, 0.000000000000000000, -1.000000000000000000 ) ) ;
#746 = DIRECTION ( 'NONE',  ( 0.000000000000000000, 0.000000000000000000, 1.000000000000000000 ) ) ;
#747 = CARTESIAN_POINT ( 'NONE',  ( 11.49999999999999645, 0.000000000000000000, 22.75000000000000711 ) ) ;
#748 = FACE_OUTER_BOUND ( 'NONE', #1371, .T. ) ;
#749 = DIRECTION ( 'NONE',  ( -0.000000000000000000, -1.000000000000000000, -0.000000000000000000 ) ) ;
#750 = CARTESIAN_POINT ( 'NONE',  ( -20.75000000008231282, 11.50000000000000000, 22.00000000000000000 ) ) ;
#751 = DIRECTION ( 'NONE',  ( 1.000000000000000000, 0.000000000000000000, -0.000000000000000000 ) ) ;
#752 = ORIENTED_EDGE ( 'NONE', *, *, #4774, .F. ) ;
#753 = EDGE_LOOP ( 'NONE', ( #989, #2736, #3894, #4442 ) ) ;
#754 = CARTESIAN_POINT ( 'NONE',  ( -20.75000000008231282, 0.000000000000000000, 22.00000000000000000 ) ) ;
#755 = DIRECTION ( 'NONE',  ( 0.000000000000000000, 0.000000000000000000, -1.000000000000000000 ) ) ;
#756 = DIRECTION ( 'NONE',  ( 1.000000000000000000, 0.000000000000000000, 0.000000000000000000 ) ) ;
#757 = DIRECTION ( 'NONE',  ( 0.000000000000000000, 0.000000000000000000, 1.000000000000000000 ) ) ;
#758 = ORIENTED_EDGE ( 'NONE', *, *, #3287, .T. ) ;
#759 = ORIENTED_EDGE ( 'NONE', *, *, #2508, .F. ) ;
#760 = PLANE ( 'NONE',  #2514 ) ;
#761 = ORIENTED_EDGE ( 'NONE', *, *, #2593, .T. ) ;
#762 = ORIENTED_EDGE ( 'NONE', *, *, #4370, .F. ) ;
#763 = ADVANCED_FACE ( 'NONE', ( #4073 ), #4402, .F. ) ;
#764 = DIRECTION ( 'NONE',  ( 0.000000000000000000, 0.000000000000000000, 1.000000000000000000 ) ) ;
#765 = CARTESIAN_POINT ( 'NONE',  ( 2.999999999999986677, 10.30000000000000071, 15.49999999999999467 ) ) ;
#766 = CARTESIAN_POINT ( 'NONE',  ( 16.00000000000000000, 2.000000000000000000, 20.00000000000000711 ) ) ;
#767 = EDGE_CURVE ( 'NONE', #1981, #4788, #2850, .T. ) ;
#768 = AXIS2_PLACEMENT_3D ( 'NONE', #606, #2070, #3208 ) ;
#769 = CARTESIAN_POINT ( 'NONE',  ( -3.000000000000009770, 10.30000000000000071, -12.50000000000000000 ) ) ;
#770 = PLANE ( 'NONE',  #4181 ) ;
#771 = VECTOR ( 'NONE', #203, 1000.000000000000000 ) ;
#772 = CYLINDRICAL_SURFACE ( 'NONE', #715, 1.299999999999999156 ) ;
#773 = FACE_OUTER_BOUND ( 'NONE', #3012, .T. ) ;
#774 =( GEOMETRIC_REPRESENTATION_CONTEXT ( 3 ) GLOBAL_UNCERTAINTY_ASSIGNED_CONTEXT ( ( #3082 ) ) GLOBAL_UNIT_ASSIGNED_CONTEXT ( ( #577, #2851, #3588 ) ) REPRESENTATION_CONTEXT ( 'NONE', 'WORKASPACE' ) );
#775 = VECTOR ( 'NONE', #596, 1000.000000000000000 ) ;
#776 = CARTESIAN_POINT ( 'NONE',  ( -3.000000000000012879, -0.000000000000000000, 20.49999999999999289 ) ) ;
#777 = VECTOR ( 'NONE', #3212, 1000.000000000000000 ) ;
#778 = ORIENTED_EDGE ( 'NONE', *, *, #1475, .T. ) ;
#779 = CARTESIAN_POINT ( 'NONE',  ( -12.50000000000001954, 10.30000000000000071, -4.818676322157804672E-15 ) ) ;
#780 = CARTESIAN_POINT ( 'NONE',  ( -11.79999999999999538, 0.3500000000000000333, 6.999999999999998224 ) ) ;
#781 = PRODUCT_CONTEXT ( 'NONE', #3710, 'mechanical' ) ;
#782 = AXIS2_PLACEMENT_3D ( 'NONE', #1889, #1434, #1461 ) ;
#783 = DIRECTION ( 'NONE',  ( -0.000000000000000000, -1.000000000000000000, -0.000000000000000000 ) ) ;
#784 = ORIENTED_EDGE ( 'NONE', *, *, #1854, .F. ) ;
#785 = VECTOR ( 'NONE', #697, 1000.000000000000000 ) ;
#786 = VERTEX_POINT ( 'NONE', #373 ) ;
#787 = EDGE_CURVE ( 'NONE', #1046, #3429, #3654, .T. ) ;
#788 = VECTOR ( 'NONE', #3117, 1000.000000000000000 ) ;
#789 = CARTESIAN_POINT ( 'NONE',  ( 28.99999999999998934, 11.50000000000000000, -22.00000000000000000 ) ) ;
#790 = ORIENTED_EDGE ( 'NONE', *, *, #4021, .T. ) ;
#791 = CARTESIAN_POINT ( 'NONE',  ( -3.000000000000009770, 10.30000000000000071, -15.50000000000000000 ) ) ;
#792 = ORIENTED_EDGE ( 'NONE', *, *, #4237, .T. ) ;
#793 = EDGE_CURVE ( 'NONE', #2434, #831, #3870, .T. ) ;
#794 = DIRECTION ( 'NONE',  ( -0.000000000000000000, 1.000000000000000000, -0.000000000000000000 ) ) ;
#795 = CARTESIAN_POINT ( 'NONE',  ( -6.500000000000011546, 0.000000000000000000, 18.50000000000000355 ) ) ;
#796 = DIRECTION ( 'NONE',  ( 0.000000000000000000, 0.000000000000000000, 1.000000000000000000 ) ) ;
#797 = AXIS2_PLACEMENT_3D ( 'NONE', #2425, #4032, #3667 ) ;
#798 = DIRECTION ( 'NONE',  ( -0.000000000000000000, 1.000000000000000000, -0.000000000000000000 ) ) ;
#799 = CARTESIAN_POINT ( 'NONE',  ( -16.00000000000000000, 5.000000000000000000, -19.99999999999998934 ) ) ;
#800 = ADVANCED_FACE ( 'NONE', ( #4049 ), #14, .F. ) ;
#801 = CARTESIAN_POINT ( 'NONE',  ( 16.00000000000000000, 5.000000000000000000, 20.00000000000000711 ) ) ;
#802 = LINE ( 'NONE', #2009, #2295 ) ;
#803 = CIRCLE ( 'NONE', #322, 1.250000000000001110 ) ;
#804 = ADVANCED_FACE ( 'NONE', ( #4378 ), #4355, .F. ) ;
#805 = CYLINDRICAL_SURFACE ( 'NONE', #2560, 2.999999999999995559 ) ;
#806 = EDGE_CURVE ( 'NONE', #698, #2743, #845, .T. ) ;
#807 = DIRECTION ( 'NONE',  ( 0.000000000000000000, -0.000000000000000000, 1.000000000000000000 ) ) ;
#808 = LINE ( 'NONE', #3304, #4617 ) ;
#809 = CARTESIAN_POINT ( 'NONE',  ( 0.000000000000000000, 0.000000000000000000, 0.000000000000000000 ) ) ;
#810 = DIRECTION ( 'NONE',  ( 0.000000000000000000, 0.000000000000000000, 1.000000000000000000 ) ) ;
#811 = VERTEX_POINT ( 'NONE', #1056 ) ;
#812 = EDGE_LOOP ( 'NONE', ( #2567, #4229, #1066, #2694 ) ) ;
#813 = CARTESIAN_POINT ( 'NONE',  ( -11.50000000000000000, 0.000000000000000000, 24.00000000000000711 ) ) ;
#814 = EDGE_LOOP ( 'NONE', ( #3552, #4662, #3207, #4373, #142, #2203 ) ) ;
#815 = FACE_OUTER_BOUND ( 'NONE', #899, .T. ) ;
#816 = VERTEX_POINT ( 'NONE', #351 ) ;
#817 = CARTESIAN_POINT ( 'NONE',  ( -15.00000000000001421, 10.30000000000000071, 18.00000000000000000 ) ) ;
#818 = VECTOR ( 'NONE', #2355, 1000.000000000000000 ) ;
#819 = EDGE_CURVE ( 'NONE', #1410, #1582, #1456, .T. ) ;
#820 = CARTESIAN_POINT ( 'NONE',  ( -3.000000000000013323, 10.30000000000000071, 12.50000000000000178 ) ) ;
#821 = CARTESIAN_POINT ( 'NONE',  ( -23.50000000000000000, 8.000000000000000000, -16.97500000000000142 ) ) ;
#822 = CARTESIAN_POINT ( 'NONE',  ( -15.99999999999999645, 0.3500000000000000333, -2.800000000000001155 ) ) ;
#823 = FACE_OUTER_BOUND ( 'NONE', #2738, .T. ) ;
#824 = DIRECTION ( 'NONE',  ( -0.000000000000000000, 1.000000000000000000, -0.000000000000000000 ) ) ;
#825 = CARTESIAN_POINT ( 'NONE',  ( -13.58622174687375939, 3.000000000000000000, 6.913270696887413358 ) ) ;
#826 = ADVANCED_FACE ( 'NONE', ( #2253 ), #4796, .F. ) ;
#827 = CIRCLE ( 'NONE', #3069, 1.250000000000001110 ) ;
#828 = EDGE_CURVE ( 'NONE', #3589, #2314, #4020, .T. ) ;
#829 = DIRECTION ( 'NONE',  ( 1.000000000000000000, 0.000000000000000000, 0.000000000000000000 ) ) ;
#830 = ORIENTED_EDGE ( 'NONE', *, *, #2421, .T. ) ;
#831 = VERTEX_POINT ( 'NONE', #4772 ) ;
#832 = ORIENTED_EDGE ( 'NONE', *, *, #2835, .T. ) ;
#833 = DIRECTION ( 'NONE',  ( -0.000000000000000000, -1.000000000000000000, -0.000000000000000000 ) ) ;
#834 = DIRECTION ( 'NONE',  ( -1.000000000000000000, 0.000000000000000000, -0.000000000000000000 ) ) ;
#835 = ORIENTED_EDGE ( 'NONE', *, *, #4314, .T. ) ;
#836 = PLANE ( 'NONE',  #712 ) ;
#837 = PLANE ( 'NONE',  #2719 ) ;
#838 = DIRECTION ( 'NONE',  ( -0.000000000000000000, 1.000000000000000000, -0.000000000000000000 ) ) ;
#839 = DIRECTION ( 'NONE',  ( -0.000000000000000000, -1.000000000000000000, -0.000000000000000000 ) ) ;
#840 = CARTESIAN_POINT ( 'NONE',  ( 29.00000000000000000, 11.50000000000000000, 22.00000000000000000 ) ) ;
#841 = DIRECTION ( 'NONE',  ( -0.000000000000000000, 1.000000000000000000, -0.000000000000000000 ) ) ;
#842 = EDGE_CURVE ( 'NONE', #2043, #1928, #2920, .T. ) ;
#843 = AXIS2_PLACEMENT_3D ( 'NONE', #1303, #2428, #584 ) ;
#844 = CARTESIAN_POINT ( 'NONE',  ( 32.49999999999999289, 5.000000000000000000, -23.99999999999999289 ) ) ;
#845 = CIRCLE ( 'NONE', #3555, 1.249999999999997558 ) ;
#846 = FACE_OUTER_BOUND ( 'NONE', #3129, .T. ) ;
#847 = CARTESIAN_POINT ( 'NONE',  ( 17.49999999999998934, 0.000000000000000000, -18.00000000000000355 ) ) ;
#848 = AXIS2_PLACEMENT_3D ( 'NONE', #2807, #627, #3515 ) ;
#849 = AXIS2_PLACEMENT_3D ( 'NONE', #4147, #2369, #3001 ) ;
#850 = PRODUCT_DEFINITION_SHAPE ( 'NONE', 'NONE',  #4808 ) ;
#851 = LINE ( 'NONE', #4174, #1455 ) ;
#852 = ORIENTED_EDGE ( 'NONE', *, *, #352, .F. ) ;
#853 = ORIENTED_EDGE ( 'NONE', *, *, #2285, .F. ) ;
#854 = EDGE_LOOP ( 'NONE', ( #3335, #929, #3713, #2881 ) ) ;
#855 = ADVANCED_FACE ( 'NONE', ( #2280 ), #424, .F. ) ;
#856 = CIRCLE ( 'NONE', #2469, 1.700000000000000178 ) ;
#857 = ADVANCED_FACE ( 'NONE', ( #3394 ), #1517, .F. ) ;
#858 = LINE ( 'NONE', #192, #3869 ) ;
#859 = EDGE_LOOP ( 'NONE', ( #4429, #999 ) ) ;
#860 = CIRCLE ( 'NONE', #4497, 8.250000000000000000 ) ;
#861 = DIRECTION ( 'NONE',  ( -0.000000000000000000, 1.000000000000000000, -0.000000000000000000 ) ) ;
#862 = VERTEX_POINT ( 'NONE', #1319 ) ;
#863 = DIRECTION ( 'NONE',  ( -0.000000000000000000, 1.000000000000000000, -0.000000000000000000 ) ) ;
#864 = DIRECTION ( 'NONE',  ( -3.154042683594195121E-16, -0.000000000000000000, -1.000000000000000000 ) ) ;
#865 = DIRECTION ( 'NONE',  ( 0.000000000000000000, 0.000000000000000000, 1.000000000000000000 ) ) ;
#866 = AXIS2_PLACEMENT_3D ( 'NONE', #3000, #1179, #4482 ) ;
#867 = SHAPE_REPRESENTATION_RELATIONSHIP ( 'NONE' , 'NONE' ,  #2823, #1574 ) ;
#868 = LINE ( 'NONE', #3460, #4329 ) ;
#869 = DIRECTION ( 'NONE',  ( 0.000000000000000000, -0.000000000000000000, 1.000000000000000000 ) ) ;
#870 = CARTESIAN_POINT ( 'NONE',  ( -10.00000000000001243, 4.000000000000000000, 9.999999999999998224 ) ) ;
#871 = CIRCLE ( 'NONE', #3892, 2.499999999999998668 ) ;
#872 = CARTESIAN_POINT ( 'NONE',  ( -12.50000000000001421, 10.30000000000000071, 15.50000000000000000 ) ) ;
#873 = AXIS2_PLACEMENT_3D ( 'NONE', #4383, #3270, #304 ) ;
#874 = DIRECTION ( 'NONE',  ( 0.000000000000000000, 0.000000000000000000, 1.000000000000000000 ) ) ;
#875 = CARTESIAN_POINT ( 'NONE',  ( -15.90665070412090110, 3.000000000000000444, 4.637686823623328181 ) ) ;
#876 = DIRECTION ( 'NONE',  ( 2.168404344971008868E-16, 0.000000000000000000, -1.000000000000000000 ) ) ;
#877 = VERTEX_POINT ( 'NONE', #2778 ) ;
#878 = VECTOR ( 'NONE', #2580, 1000.000000000000000 ) ;
#879 = ORIENTED_EDGE ( 'NONE', *, *, #2368, .F. ) ;
#880 = VERTEX_POINT ( 'NONE', #1364 ) ;
#881 = DIRECTION ( 'NONE',  ( -3.154042683594195121E-16, -0.000000000000000000, -1.000000000000000000 ) ) ;
#882 = EDGE_LOOP ( 'NONE', ( #759, #2594, #3338, #3816 ) ) ;
#883 = CARTESIAN_POINT ( 'NONE',  ( 9.999999999999987566, 11.50000000000000000, -11.25000000000000355 ) ) ;
#884 = EDGE_LOOP ( 'NONE', ( #879, #3570, #3302, #4598 ) ) ;
#885 = CARTESIAN_POINT ( 'NONE',  ( -11.50000000000000000, 5.000000000000000000, 22.75000000000000711 ) ) ;
#886 = CARTESIAN_POINT ( 'NONE',  ( -3.000000000000012879, 0.000000000000000000, 17.49999999999999645 ) ) ;
#887 = ADVANCED_FACE ( 'NONE', ( #3198 ), #1690, .F. ) ;
#888 = DIRECTION ( 'NONE',  ( 1.000000000000000000, 0.000000000000000000, 0.000000000000000000 ) ) ;
#889 = EDGE_CURVE ( 'NONE', #1553, #3617, #1563, .T. ) ;
#890 = DIRECTION ( 'NONE',  ( 0.000000000000000000, -1.000000000000000000, 0.000000000000000000 ) ) ;
#891 = DIRECTION ( 'NONE',  ( 0.000000000000000000, 0.000000000000000000, -1.000000000000000000 ) ) ;
#892 = LINE ( 'NONE', #3853, #3379 ) ;
#893 = VECTOR ( 'NONE', #650, 1000.000000000000000 ) ;
#894 = DIRECTION ( 'NONE',  ( -0.000000000000000000, 1.000000000000000000, -0.000000000000000000 ) ) ;
#895 = AXIS2_PLACEMENT_3D ( 'NONE', #1612, #1939, #3782 ) ;
#896 = DIRECTION ( 'NONE',  ( -0.000000000000000000, 1.000000000000000000, -0.000000000000000000 ) ) ;
#897 = CARTESIAN_POINT ( 'NONE',  ( -6.000000000000005329, 10.30000000000000071, 15.49999999999998401 ) ) ;
#898 = LINE ( 'NONE', #1229, #4403 ) ;
#899 = EDGE_LOOP ( 'NONE', ( #1580, #187, #1435, #417 ) ) ;
#900 = ORIENTED_EDGE ( 'NONE', *, *, #4233, .T. ) ;
#901 = ORIENTED_EDGE ( 'NONE', *, *, #3142, .T. ) ;
#902 = LINE ( 'NONE', #2048, #3013 ) ;
#903 = ORIENTED_EDGE ( 'NONE', *, *, #1810, .T. ) ;
#904 = CYLINDRICAL_SURFACE ( 'NONE', #3022, 1.299999999999999156 ) ;
#905 = ORIENTED_EDGE ( 'NONE', *, *, #4210, .F. ) ;
#906 = DIRECTION ( 'NONE',  ( 0.000000000000000000, 0.000000000000000000, 1.000000000000000000 ) ) ;
#907 = DIRECTION ( 'NONE',  ( -0.000000000000000000, 1.000000000000000000, -0.000000000000000000 ) ) ;
#908 = EDGE_CURVE ( 'NONE', #2501, #4788, #1271, .T. ) ;
#909 = EDGE_LOOP ( 'NONE', ( #3990, #1512 ) ) ;
#910 = LINE ( 'NONE', #2351, #2493 ) ;
#911 = DIRECTION ( 'NONE',  ( -0.000000000000000000, -1.000000000000000000, -0.000000000000000000 ) ) ;
#912 = EDGE_CURVE ( 'NONE', #3325, #4301, #4334, .T. ) ;
#913 = PRODUCT_DEFINITION_FORMATION_WITH_SPECIFIED_SOURCE ( 'ANY', '', #185, .NOT_KNOWN. ) ;
#914 = ADVANCED_FACE ( 'NONE', ( #748 ), #770, .F. ) ;
#915 = DIRECTION ( 'NONE',  ( 0.000000000000000000, -0.000000000000000000, 1.000000000000000000 ) ) ;
#916 = CARTESIAN_POINT ( 'NONE',  ( 15.44440080258516446, 0.3500000000000002554, -6.061121778379483516 ) ) ;
#917 = CYLINDRICAL_SURFACE ( 'NONE', #2409, 2.499999999999992006 ) ;
#918 = DIRECTION ( 'NONE',  ( -0.000000000000000000, -1.000000000000000000, -0.000000000000000000 ) ) ;
#919 = CARTESIAN_POINT ( 'NONE',  ( -12.50000000000001421, 0.000000000000000000, 15.50000000000000000 ) ) ;
#920 = VERTEX_POINT ( 'NONE', #4101 ) ;
#921 = VECTOR ( 'NONE', #2167, 1000.000000000000000 ) ;
#922 = ORIENTED_EDGE ( 'NONE', *, *, #912, .T. ) ;
#923 = ORIENTED_EDGE ( 'NONE', *, *, #4476, .F. ) ;
#924 = EDGE_CURVE ( 'NONE', #492, #2784, #2234, .T. ) ;
#925 = DIRECTION ( 'NONE',  ( -0.000000000000000000, 1.000000000000000000, -0.000000000000000000 ) ) ;
#926 = EDGE_LOOP ( 'NONE', ( #4492, #3861, #3448, #1627 ) ) ;
#927 = CARTESIAN_POINT ( 'NONE',  ( -3.000000000000010214, 10.30000000000000071, -20.49999999999999645 ) ) ;
#928 = VECTOR ( 'NONE', #2861, 1000.000000000000000 ) ;
#929 = ORIENTED_EDGE ( 'NONE', *, *, #4709, .F. ) ;
#930 = EDGE_CURVE ( 'NONE', #349, #2759, #2258, .T. ) ;
#931 = DIRECTION ( 'NONE',  ( 0.000000000000000000, 0.000000000000000000, -1.000000000000000000 ) ) ;
#932 = CIRCLE ( 'NONE', #1090, 1.700000000000000178 ) ;
#933 = CARTESIAN_POINT ( 'NONE',  ( -12.50000000000001954, 10.30000000000000071, 4.818676322157803883E-15 ) ) ;
#934 = EDGE_CURVE ( 'NONE', #682, #4713, #2092, .T. ) ;
#935 = CARTESIAN_POINT ( 'NONE',  ( -23.50000000000000000, 8.000000000000001776, -17.99999999999999645 ) ) ;
#936 = VERTEX_POINT ( 'NONE', #377 ) ;
#937 = AXIS2_PLACEMENT_3D ( 'NONE', #3904, #1270, #2437 ) ;
#938 = CARTESIAN_POINT ( 'NONE',  ( -13.17375048507963164, 0.3500000000000000888, -6.955945160845589115 ) ) ;
#939 = DIRECTION ( 'NONE',  ( 0.000000000000000000, 0.000000000000000000, 1.000000000000000000 ) ) ;
#940 = AXIS2_PLACEMENT_3D ( 'NONE', #2587, #2257, #691 ) ;
#941 = DIRECTION ( 'NONE',  ( 0.000000000000000000, 0.000000000000000000, 1.000000000000000000 ) ) ;
#942 = ADVANCED_FACE ( 'NONE', ( #4776 ), #1868, .F. ) ;
#943 = CARTESIAN_POINT ( 'NONE',  ( 15.95594516084558201, 0.3499999999999999223, -4.173750485072686978 ) ) ;
#944 = DIRECTION ( 'NONE',  ( -0.000000000000000000, -1.000000000000000000, -0.000000000000000000 ) ) ;
#945 = CARTESIAN_POINT ( 'NONE',  ( 14.36213839130626013, 3.000000000000000444, 6.763884793768276005 ) ) ;
#946 = CIRCLE ( 'NONE', #3655, 1.700000000000000178 ) ;
#947 = EDGE_CURVE ( 'NONE', #560, #1210, #3097, .T. ) ;
#948 = DIRECTION ( 'NONE',  ( 0.000000000000000000, 0.000000000000000000, -1.000000000000000000 ) ) ;
#949 = ORIENTED_EDGE ( 'NONE', *, *, #4036, .F. ) ;
#950 = CIRCLE ( 'NONE', #3820, 2.499999999999993339 ) ;
#951 = EDGE_CURVE ( 'NONE', #2226, #4639, #1036, .T. ) ;
#952 = ORIENTED_EDGE ( 'NONE', *, *, #3065, .T. ) ;
#953 = CARTESIAN_POINT ( 'NONE',  ( -15.59765210134349367, 0.3500000000000000333, 5.803476787306004248 ) ) ;
#954 = CIRCLE ( 'NONE', #3575, 2.999999999999995559 ) ;
#955 = CARTESIAN_POINT ( 'NONE',  ( -14.50385133796979176, 3.000000000000001776, -6.716248328706675430 ) ) ;
#956 = ORIENTED_EDGE ( 'NONE', *, *, #2835, .F. ) ;
#957 = CARTESIAN_POINT ( 'NONE',  ( 9.999999999999987566, 11.50000000000000000, 8.749999999999998224 ) ) ;
#958 = ORIENTED_EDGE ( 'NONE', *, *, #1235, .T. ) ;
#959 = CARTESIAN_POINT ( 'NONE',  ( -16.00000000000000000, 2.000000000000000000, 18.30000000000000426 ) ) ;
#960 = CARTESIAN_POINT ( 'NONE',  ( 17.49999999999998934, -1.429775138004531790E-15, 4.975000000000006750 ) ) ;
#961 = ORIENTED_EDGE ( 'NONE', *, *, #159, .F. ) ;
#962 = CARTESIAN_POINT ( 'NONE',  ( -15.86889237882550141, 0.3500000000000000888, -4.891606000782984687 ) ) ;
#963 = CARTESIAN_POINT ( 'NONE',  ( 16.00000000000000000, 2.000000000000000000, -19.99999999999998934 ) ) ;
#964 = CARTESIAN_POINT ( 'NONE',  ( 16.00000000000000355, 2.160833333333332718, 6.999999999999999112 ) ) ;
#965 = CARTESIAN_POINT ( 'NONE',  ( 15.92272828079165414, 0.3500000000000000888, -4.507952559661283942 ) ) ;
#966 = DIRECTION ( 'NONE',  ( -0.000000000000000000, 1.000000000000000000, -0.000000000000000000 ) ) ;
#967 = CARTESIAN_POINT ( 'NONE',  ( 13.61083896765059009, 3.000000000000000444, 6.910143972839553506 ) ) ;
#968 = AXIS2_PLACEMENT_3D ( 'NONE', #2304, #4532, #2753 ) ;
#969 = ORIENTED_EDGE ( 'NONE', *, *, #2201, .F. ) ;
#970 = EDGE_CURVE ( 'NONE', #2930, #2245, #1700, .T. ) ;
#971 = VERTEX_POINT ( 'NONE', #2326 ) ;
#972 = DIRECTION ( 'NONE',  ( -0.000000000000000000, 1.000000000000000000, -0.000000000000000000 ) ) ;
#973 = CARTESIAN_POINT ( 'NONE',  ( -16.00000000000000000, 0.000000000000000000, -19.99999999999998934 ) ) ;
#974 = EDGE_CURVE ( 'NONE', #862, #2022, #2702, .T. ) ;
#975 = CARTESIAN_POINT ( 'NONE',  ( -14.62075152436680625, 3.000000000000000444, -6.673605259234890674 ) ) ;
#976 = ORIENTED_EDGE ( 'NONE', *, *, #3113, .T. ) ;
#977 = CARTESIAN_POINT ( 'NONE',  ( 14.80347678730502636, 0.3500000000000000333, 6.597652101343276954 ) ) ;
#978 = ORIENTED_EDGE ( 'NONE', *, *, #1584, .T. ) ;
#979 = FACE_BOUND ( 'NONE', #2600, .T. ) ;
#980 = DIRECTION ( 'NONE',  ( 1.000000000000000000, 0.000000000000000000, 0.000000000000000000 ) ) ;
#981 = VERTEX_POINT ( 'NONE', #820 ) ;
#982 = CARTESIAN_POINT ( 'NONE',  ( 11.80000000000000071, 2.116666666666666252, 6.999999999999998224 ) ) ;
#983 = CARTESIAN_POINT ( 'NONE',  ( 6.000000000000042633, 0.000000000000000000, 2.058249404246496448E-14 ) ) ;
#984 = CARTESIAN_POINT ( 'NONE',  ( 16.00000000000000355, 0.2175000000000001099, 6.999999999999999112 ) ) ;
#985 = DIRECTION ( 'NONE',  ( -1.000000000000000000, 0.000000000000000000, -1.927470528863117076E-16 ) ) ;
#986 = DIRECTION ( 'NONE',  ( 0.000000000000000000, 0.000000000000000000, -1.000000000000000000 ) ) ;
#987 = CARTESIAN_POINT ( 'NONE',  ( 15.95594516084558201, 3.000000000000000000, 4.173923301319184098 ) ) ;
#988 = ADVANCED_FACE ( 'NONE', ( #4215 ), #3805, .F. ) ;
#989 = ORIENTED_EDGE ( 'NONE', *, *, #3700, .F. ) ;
#990 = ADVANCED_FACE ( 'NONE', ( #4129 ), #62, .F. ) ;
#991 = ORIENTED_EDGE ( 'NONE', *, *, #3520, .F. ) ;
#992 = CARTESIAN_POINT ( 'NONE',  ( 17.49999999999998934, -1.429775138004531790E-15, -6.000000000000002665 ) ) ;
#993 = ORIENTED_EDGE ( 'NONE', *, *, #588, .F. ) ;
#994 = CARTESIAN_POINT ( 'NONE',  ( -13.89137879899358374, 3.000000000000000000, -6.868937463671419330 ) ) ;
#995 = ORIENTED_EDGE ( 'NONE', *, *, #48, .T. ) ;
#996 = CARTESIAN_POINT ( 'NONE',  ( 15.69886842454307185, 0.3500000000000001998, 5.553233541406207507 ) ) ;
#997 = VECTOR ( 'NONE', #2800, 1000.000000000000000 ) ;
#998 = EDGE_CURVE ( 'NONE', #4376, #2175, #868, .T. ) ;
#999 = ORIENTED_EDGE ( 'NONE', *, *, #646, .F. ) ;
#1000 = MECHANICAL_DESIGN_GEOMETRIC_PRESENTATION_REPRESENTATION (  '', ( #3480 ), #774 ) ;
#1001 = ADVANCED_FACE ( 'NONE', ( #4553 ), #3396, .F. ) ;
#1002 = VECTOR ( 'NONE', #302, 1000.000000000000000 ) ;
#1003 = FACE_BOUND ( 'NONE', #2429, .T. ) ;
#1004 = PLANE ( 'NONE',  #1008 ) ;
#1005 = ORIENTED_EDGE ( 'NONE', *, *, #4652, .F. ) ;
#1006 = DIRECTION ( 'NONE',  ( -0.000000000000000000, -1.000000000000000000, -0.000000000000000000 ) ) ;
#1007 = CARTESIAN_POINT ( 'NONE',  ( -10.00000000000001243, 4.000000000000000000, 8.750000000000000000 ) ) ;
#1008 = AXIS2_PLACEMENT_3D ( 'NONE', #4746, #2770, #4254 ) ;
#1009 = CARTESIAN_POINT ( 'NONE',  ( -15.99999999999999645, 1.233333333333333171, -2.800000000000001155 ) ) ;
#1010 = VECTOR ( 'NONE', #894, 1000.000000000000000 ) ;
#1011 = CARTESIAN_POINT ( 'NONE',  ( 15.91327069688741602, 0.3499999999999999778, -4.586207570541047218 ) ) ;
#1012 = CARTESIAN_POINT ( 'NONE',  ( -18.50000000000000355, 10.30000000000000071, -15.50000000000000178 ) ) ;
#1013 = CARTESIAN_POINT ( 'NONE',  ( 15.91071456587309108, 2.999999999999999556, 4.606393114525484833 ) ) ;
#1014 = AXIS2_PLACEMENT_3D ( 'NONE', #1678, #2363, #2430 ) ;
#1015 = CARTESIAN_POINT ( 'NONE',  ( -32.50000000000000000, 0.000000000000000000, -23.99999999999999289 ) ) ;
#1016 = ORIENTED_EDGE ( 'NONE', *, *, #2165, .F. ) ;
#1017 = AXIS2_PLACEMENT_3D ( 'NONE', #2183, #3024, #4458 ) ;
#1018 = EDGE_LOOP ( 'NONE', ( #2117, #1024 ) ) ;
#1019 = DIRECTION ( 'NONE',  ( 0.000000000000000000, 0.000000000000000000, -1.000000000000000000 ) ) ;
#1020 = ORIENTED_EDGE ( 'NONE', *, *, #135, .F. ) ;
#1021 = EDGE_CURVE ( 'NONE', #682, #1404, #2350, .T. ) ;
#1022 = AXIS2_PLACEMENT_3D ( 'NONE', #3445, #1596, #1295 ) ;
#1023 = CARTESIAN_POINT ( 'NONE',  ( -15.88765026565287108, 3.000000000000000000, -4.785541793265454480 ) ) ;
#1024 = ORIENTED_EDGE ( 'NONE', *, *, #4646, .T. ) ;
#1025 = FACE_OUTER_BOUND ( 'NONE', #4791, .T. ) ;
#1026 = ORIENTED_EDGE ( 'NONE', *, *, #3665, .T. ) ;
#1027 = AXIS2_PLACEMENT_3D ( 'NONE', #3532, #4531, #3902 ) ;
#1028 = FACE_OUTER_BOUND ( 'NONE', #3918, .T. ) ;
#1029 = EDGE_CURVE ( 'NONE', #4092, #298, #131, .T. ) ;
#1030 = CARTESIAN_POINT ( 'NONE',  ( -15.00000000000001421, 10.30000000000000071, -17.99999999999999645 ) ) ;
#1031 = VERTEX_POINT ( 'NONE', #516 ) ;
#1032 = CARTESIAN_POINT ( 'NONE',  ( -15.89123617883336692, 0.3500000000000000333, -4.748641042397585998 ) ) ;
#1033 = DIRECTION ( 'NONE',  ( 1.000000000000000000, -0.000000000000000000, 3.430415673744137212E-15 ) ) ;
#1034 = EDGE_CURVE ( 'NONE', #3358, #1603, #1865, .T. ) ;
#1035 = DIRECTION ( 'NONE',  ( 1.000000000000000000, 0.000000000000000000, 2.891205793294678819E-16 ) ) ;
#1036 = LINE ( 'NONE', #2184, #1002 ) ;
#1037 = LINE ( 'NONE', #1819, #3430 ) ;
#1038 = CARTESIAN_POINT ( 'NONE',  ( -6.000000000000008882, 10.30000000000000071, 17.49999999999998579 ) ) ;
#1039 = FACE_OUTER_BOUND ( 'NONE', #674, .T. ) ;
#1040 = EDGE_LOOP ( 'NONE', ( #835, #340, #2808, #2313 ) ) ;
#1041 = ORIENTED_EDGE ( 'NONE', *, *, #767, .T. ) ;
#1042 = CARTESIAN_POINT ( 'NONE',  ( -15.00000000000001421, 0.000000000000000000, 15.50000000000000000 ) ) ;
#1043 = CARTESIAN_POINT ( 'NONE',  ( -15.91095115395154913, 0.3499999999999999778, 4.604528709976857925 ) ) ;
#1044 = MECHANICAL_DESIGN_GEOMETRIC_PRESENTATION_REPRESENTATION (  '', ( #1511 ), #656 ) ;
#1045 = CARTESIAN_POINT ( 'NONE',  ( -15.78664198196929114, 3.000000000000000000, -5.274079922034982992 ) ) ;
#1046 = VERTEX_POINT ( 'NONE', #3374 ) ;
#1047 = CARTESIAN_POINT ( 'NONE',  ( 15.91106109218190490, 0.3500000000000000333, 4.603670685922158334 ) ) ;
#1048 = VECTOR ( 'NONE', #2142, 1000.000000000000000 ) ;
#1049 = ORIENTED_EDGE ( 'NONE', *, *, #3744, .T. ) ;
#1050 = CARTESIAN_POINT ( 'NONE',  ( 16.00000000000000355, 0.3500000000000000333, 2.799999999999997602 ) ) ;
#1051 = ORIENTED_EDGE ( 'NONE', *, *, #4789, .T. ) ;
#1052 = ORIENTED_EDGE ( 'NONE', *, *, #2368, .T. ) ;
#1053 = CARTESIAN_POINT ( 'NONE',  ( -20.74999999999994316, 0.000000000000000000, -7.116312747412737391E-14 ) ) ;
#1054 = VERTEX_POINT ( 'NONE', #3073 ) ;
#1055 = CARTESIAN_POINT ( 'NONE',  ( -25.99999999999981171, 3.000000000000000000, 9.000000000000119016 ) ) ;
#1056 = CARTESIAN_POINT ( 'NONE',  ( -16.00000000000000000, 2.000000000000000000, 23.25000000000000355 ) ) ;
#1057 = EDGE_CURVE ( 'NONE', #2402, #3749, #1219, .T. ) ;
#1058 = LINE ( 'NONE', #2627, #3571 ) ;
#1059 = CARTESIAN_POINT ( 'NONE',  ( 14.47195053838854761, 2.999999999999999556, -6.727021142775456042 ) ) ;
#1060 = EDGE_CURVE ( 'NONE', #2449, #4038, #2302, .T. ) ;
#1061 = CARTESIAN_POINT ( 'NONE',  ( -23.50000000000000000, 8.000000000000001776, 19.02499999999999858 ) ) ;
#1062 = DIRECTION ( 'NONE',  ( -0.000000000000000000, -1.000000000000000000, -0.000000000000000000 ) ) ;
#1063 = ADVANCED_FACE ( 'NONE', ( #4579 ), #1245, .F. ) ;
#1064 = CARTESIAN_POINT ( 'NONE',  ( 9.999999999999987566, 11.50000000000000000, -10.00000000000000178 ) ) ;
#1065 = EDGE_LOOP ( 'NONE', ( #4397, #3116, #1338, #510, #3712, #4706 ) ) ;
#1066 = ORIENTED_EDGE ( 'NONE', *, *, #3137, .F. ) ;
#1067 = CARTESIAN_POINT ( 'NONE',  ( 2.999999999999987121, 10.30000000000000071, 20.49999999999999289 ) ) ;
#1068 = CYLINDRICAL_SURFACE ( 'NONE', #1907, 1.024999999999991251 ) ;
#1069 = CARTESIAN_POINT ( 'NONE',  ( 16.00000000000000355, 0.3500000000000000333, 2.799999999999997602 ) ) ;
#1070 = ORIENTED_EDGE ( 'NONE', *, *, #108, .T. ) ;
#1071 = CARTESIAN_POINT ( 'NONE',  ( 14.48347477696324326, 0.3499999999999999778, 6.723163350488760237 ) ) ;
#1072 = ORIENTED_EDGE ( 'NONE', *, *, #722, .T. ) ;
#1073 = AXIS2_PLACEMENT_3D ( 'NONE', #3498, #3521, #4182 ) ;
#1074 = CIRCLE ( 'NONE', #689, 8.249999999999985789 ) ;
#1075 = DIRECTION ( 'NONE',  ( -0.000000000000000000, -1.000000000000000000, -0.000000000000000000 ) ) ;
#1076 = VERTEX_POINT ( 'NONE', #428 ) ;
#1077 = EDGE_LOOP ( 'NONE', ( #368, #2810, #99, #4244, #4493, #585 ) ) ;
#1078 = PLANE ( 'NONE',  #2098 ) ;
#1080 = ORIENTED_EDGE ( 'NONE', *, *, #167, .F. ) ;
#1079 = CIRCLE ( 'NONE', #4567, 3.249999999999999556 ) ;
#1081 = CARTESIAN_POINT ( 'NONE',  ( 6.499999999999987566, 1.199999999999999956, 18.50000000000000355 ) ) ;
#1082 = DIRECTION ( 'NONE',  ( -0.000000000000000000, 1.000000000000000000, -0.000000000000000000 ) ) ;
#1083 = AXIS2_PLACEMENT_3D ( 'NONE', #2208, #1033, #2974 ) ;
#1084 = ADVANCED_FACE ( 'NONE', ( #109, #476 ), #2659, .F. ) ;
#1085 = DIRECTION ( 'NONE',  ( 1.445602896647339163E-16, 0.000000000000000000, 1.000000000000000000 ) ) ;
#1086 = CARTESIAN_POINT ( 'NONE',  ( 15.49724171888139068, 3.000000000000000000, -5.990304093608430414 ) ) ;
#1087 = AXIS2_PLACEMENT_3D ( 'NONE', #511, #2001, #3474 ) ;
#1088 = DIRECTION ( 'NONE',  ( 0.000000000000000000, 0.000000000000000000, 1.000000000000000000 ) ) ;
#1089 = CARTESIAN_POINT ( 'NONE',  ( -23.50000000000000000, 8.000000000000001776, 18.00000000000001066 ) ) ;
#1090 = AXIS2_PLACEMENT_3D ( 'NONE', #1240, #3436, #59 ) ;
#1091 = LINE ( 'NONE', #3687, #3420 ) ;
#1092 = VERTEX_POINT ( 'NONE', #3851 ) ;
#1093 = ORIENTED_EDGE ( 'NONE', *, *, #1873, .F. ) ;
#1094 = CARTESIAN_POINT ( 'NONE',  ( 20.50000000000018474, 3.000000000000000000, -4.699999999999882050 ) ) ;
#1095 = CARTESIAN_POINT ( 'NONE',  ( -14.49390104151014214, 0.3500000000000000888, 6.719647996824846814 ) ) ;
#1096 = ADVANCED_FACE ( 'NONE', ( #3780 ), #1965, .F. ) ;
#1097 = CIRCLE ( 'NONE', #626, 3.249999999999999556 ) ;
#1098 = CARTESIAN_POINT ( 'NONE',  ( -3.000000000000182965, 8.000000000000000000, -12.00000000000011546 ) ) ;
#1099 = EDGE_CURVE ( 'NONE', #3890, #3699, #221, .T. ) ;
#1100 = VECTOR ( 'NONE', #4048, 1000.000000000000000 ) ;
#1101 = FACE_BOUND ( 'NONE', #1460, .T. ) ;
#1102 = ORIENTED_EDGE ( 'NONE', *, *, #229, .F. ) ;
#1103 = VERTEX_POINT ( 'NONE', #3046 ) ;
#1104 = LINE ( 'NONE', #2651, #2305 ) ;
#1105 = ORIENTED_EDGE ( 'NONE', *, *, #1835, .T. ) ;
#1106 = CIRCLE ( 'NONE', #1887, 3.249999999999999556 ) ;
#1107 = ORIENTED_EDGE ( 'NONE', *, *, #645, .T. ) ;
#1108 = FACE_OUTER_BOUND ( 'NONE', #1077, .T. ) ;
#1109 = VERTEX_POINT ( 'NONE', #1555 ) ;
#1110 = CARTESIAN_POINT ( 'NONE',  ( -10.00000000000001243, 4.000000000000000000, -11.25000000000000000 ) ) ;
#1111 = LINE ( 'NONE', #403, #2087 ) ;
#1112 = AXIS2_PLACEMENT_3D ( 'NONE', #2608, #1155, #1464 ) ;
#1113 = CARTESIAN_POINT ( 'NONE',  ( 16.00000000000000355, 0.3500000000000000333, -7.000000000000001776 ) ) ;
#1114 = CARTESIAN_POINT ( 'NONE',  ( 15.90165039411312087, 3.000000000000000000, -4.674976810438288943 ) ) ;
#1115 = FACE_OUTER_BOUND ( 'NONE', #1018, .T. ) ;
#1116 = CARTESIAN_POINT ( 'NONE',  ( 9.999999999999987566, 11.50000000000000000, 9.999999999999998224 ) ) ;
#1117 = PRODUCT_DEFINITION ( 'UNKNOWN', '', #3621, #2866 ) ;
#1118 = CARTESIAN_POINT ( 'NONE',  ( -23.50000000000000000, 8.000000000000000000, -7.024999999999986144 ) ) ;
#1119 = ORIENTED_EDGE ( 'NONE', *, *, #1840, .F. ) ;
#1120 = VERTEX_POINT ( 'NONE', #1486 ) ;
#1121 = PLANE ( 'NONE',  #4664 ) ;
#1122 = CARTESIAN_POINT ( 'NONE',  ( -13.89160600078331420, 0.3499999999999999778, 6.868892378824224210 ) ) ;
#1123 = EDGE_CURVE ( 'NONE', #2446, #4040, #3408, .T. ) ;
#1124 = LINE ( 'NONE', #3748, #1538 ) ;
#1125 = ORIENTED_EDGE ( 'NONE', *, *, #1681, .T. ) ;
#1126 = ORIENTED_EDGE ( 'NONE', *, *, #3642, .F. ) ;
#1127 = ADVANCED_FACE ( 'NONE', ( #55 ), #4396, .T. ) ;
#1128 = DIRECTION ( 'NONE',  ( 1.000000000000000000, 0.000000000000000000, 0.000000000000000000 ) ) ;
#1129 = AXIS2_PLACEMENT_3D ( 'NONE', #574, #2488, #4307 ) ;
#1130 = VERTEX_POINT ( 'NONE', #1531 ) ;
#1131 = ORIENTED_EDGE ( 'NONE', *, *, #1374, .T. ) ;
#1132 = CARTESIAN_POINT ( 'NONE',  ( 9.999999999999987566, 11.50000000000000000, 9.999999999999998224 ) ) ;
#1133 = DIRECTION ( 'NONE',  ( 0.000000000000000000, 0.000000000000000000, 1.000000000000000000 ) ) ;
#1134 = CARTESIAN_POINT ( 'NONE',  ( -3.000000000000010214, 0.000000000000000000, -17.50000000000000000 ) ) ;
#1135 = DIRECTION ( 'NONE',  ( -0.000000000000000000, -1.000000000000000000, -0.000000000000000000 ) ) ;
#1136 = CARTESIAN_POINT ( 'NONE',  ( 14.49116801721065073, 2.999999999999999556, -6.720574900131788709 ) ) ;
#1137 = CARTESIAN_POINT ( 'NONE',  ( 2.999999999999987121, 0.000000000000000000, 17.49999999999999645 ) ) ;
#1138 = DIRECTION ( 'NONE',  ( 0.000000000000000000, 0.000000000000000000, 1.000000000000000000 ) ) ;
#1139 = CARTESIAN_POINT ( 'NONE',  ( -23.50000000000000000, 8.000000000000000000, 7.025000000000003908 ) ) ;
#1140 = ORIENTED_EDGE ( 'NONE', *, *, #4263, .F. ) ;
#1141 = CARTESIAN_POINT ( 'NONE',  ( 16.00000000000000000, 0.000000000000000000, 21.70000000000000639 ) ) ;
#1142 = CARTESIAN_POINT ( 'NONE',  ( -14.55323354140562131, 0.3500000000000000888, 6.698868424543317879 ) ) ;
#1143 = ADVANCED_FACE ( 'NONE', ( #3366 ), #3014, .T. ) ;
#1144 = CARTESIAN_POINT ( 'NONE',  ( -16.00000000000000000, 2.000000000000000000, -23.24999999999998934 ) ) ;
#1145 = ORIENTED_EDGE ( 'NONE', *, *, #2686, .T. ) ;
#1146 = ORIENTED_EDGE ( 'NONE', *, *, #4649, .F. ) ;
#1147 = B_SPLINE_CURVE_WITH_KNOTS ( 'NONE', 3,
 ( #4283, #1009, #3171, #3125 ),
 .UNSPECIFIED., .F., .F.,
 ( 4, 4 ),
 ( 0.000000000000000000, 1.000000000000000000 ),
 .UNSPECIFIED. ) ;
#1148 = AXIS2_PLACEMENT_3D ( 'NONE', #809, #1850, #389 ) ;
#1149 = FACE_OUTER_BOUND ( 'NONE', #926, .T. ) ;
#1150 = EDGE_LOOP ( 'NONE', ( #2342, #1948, #1051, #900 ) ) ;
#1151 = ADVANCED_FACE ( 'NONE', ( #8 ), #3697, .F. ) ;
#1152 = CARTESIAN_POINT ( 'NONE',  ( 32.50000000000000711, 5.000000000000000000, 24.00000000000000711 ) ) ;
#1153 = ORIENTED_EDGE ( 'NONE', *, *, #1584, .F. ) ;
#1154 = CARTESIAN_POINT ( 'NONE',  ( -15.99999999999999645, 0.3500000000000000333, -7.000000000000001776 ) ) ;
#1155 = DIRECTION ( 'NONE',  ( -0.000000000000000000, 1.000000000000000000, -0.000000000000000000 ) ) ;
#1156 = CARTESIAN_POINT ( 'NONE',  ( 6.000000000000042633, 10.30000000000000071, 2.058249404246496448E-14 ) ) ;
#1157 = EDGE_CURVE ( 'NONE', #3325, #1626, #2625, .T. ) ;
#1158 = EDGE_CURVE ( 'NONE', #3973, #2945, #2273, .T. ) ;
#1159 = CIRCLE ( 'NONE', #1855, 1.250000000000001110 ) ;
#1160 = CARTESIAN_POINT ( 'NONE',  ( -15.00000000000001066, 10.30000000000000071, -4.000000000000010658 ) ) ;
#1161 = DIRECTION ( 'NONE',  ( -0.000000000000000000, -1.000000000000000000, -0.000000000000000000 ) ) ;
#1162 = CARTESIAN_POINT ( 'NONE',  ( -15.00000000000001421, 10.30000000000000071, 4.000000000000005329 ) ) ;
#1163 = DIRECTION ( 'NONE',  ( -0.000000000000000000, 1.000000000000000000, -0.000000000000000000 ) ) ;
#1164 = LINE ( 'NONE', #3762, #1313 ) ;
#1165 = CARTESIAN_POINT ( 'NONE',  ( -6.500000000000010658, 1.199999999999999956, 14.50000000000000178 ) ) ;
#1166 = SHAPE_DEFINITION_REPRESENTATION ( #3955, #1682 ) ;
#1167 = CARTESIAN_POINT ( 'NONE',  ( 16.00000000000000000, 2.000000000000000000, 23.25000000000000711 ) ) ;
#1168 = EDGE_LOOP ( 'NONE', ( #2916, #2883, #4083, #752 ) ) ;
#1169 = AXIS2_PLACEMENT_3D ( 'NONE', #501, #1544, #1991 ) ;
#1170 = VERTEX_POINT ( 'NONE', #2993 ) ;
#1171 = PLANE ( 'NONE',  #2499 ) ;
#1172 = CARTESIAN_POINT ( 'NONE',  ( 6.499999999999988454, 0.000000000000000000, 14.50000000000000178 ) ) ;
#1173 = ORIENTED_EDGE ( 'NONE', *, *, #1873, .T. ) ;
#1174 =( LENGTH_UNIT ( ) NAMED_UNIT ( * ) SI_UNIT ( .MILLI., .METRE. ) );
#1175 = AXIS2_PLACEMENT_3D ( 'NONE', #4264, #4586, #2709 ) ;
#1176 = CARTESIAN_POINT ( 'NONE',  ( 16.00000000000000000, 5.000000000000000000, -16.74999999999998934 ) ) ;
#1177 = AXIS2_PLACEMENT_3D ( 'NONE', #252, #1361, #687 ) ;
#1178 = EDGE_CURVE ( 'NONE', #359, #3611, #1104, .T. ) ;
#1179 = DIRECTION ( 'NONE',  ( -0.000000000000000000, -1.000000000000000000, -0.000000000000000000 ) ) ;
#1180 = CARTESIAN_POINT ( 'NONE',  ( -20.49999999999981526, 3.000000000000000000, -5.999999999999880984 ) ) ;
#1181 = CYLINDRICAL_SURFACE ( 'NONE', #1488, 1.700000000000000178 ) ;
#1182 = LINE ( 'NONE', #1918, #40 ) ;
#1183 = VECTOR ( 'NONE', #4096, 1000.000000000000000 ) ;
#1184 = EDGE_CURVE ( 'NONE', #345, #2584, #827, .T. ) ;
#1185 = DIRECTION ( 'NONE',  ( -0.000000000000000000, 1.000000000000000000, -0.000000000000000000 ) ) ;
#1186 = LINE ( 'NONE', #1165, #3817 ) ;
#1187 = DIRECTION ( 'NONE',  ( 0.000000000000000000, 0.000000000000000000, -1.000000000000000000 ) ) ;
#1188 = SHAPE_REPRESENTATION ( 'W1-LC-01_Parallel_Flexure_RevB', ( #2077 ), #2615 ) ;
#1189 = DIRECTION ( 'NONE',  ( 0.000000000000000000, -1.000000000000000000, 0.000000000000000000 ) ) ;
#1190 = EDGE_LOOP ( 'NONE', ( #1281, #165 ) ) ;
#1191 = VERTEX_POINT ( 'NONE', #367 ) ;
#1192 = ORIENTED_EDGE ( 'NONE', *, *, #1493, .F. ) ;
#1193 = FACE_OUTER_BOUND ( 'NONE', #3236, .T. ) ;
#1194 = VERTEX_POINT ( 'NONE', #2202 ) ;
#1195 = DIRECTION ( 'NONE',  ( 0.000000000000000000, 0.000000000000000000, -1.000000000000000000 ) ) ;
#1196 = ORIENTED_EDGE ( 'NONE', *, *, #4533, .F. ) ;
#1197 = LINE ( 'NONE', #885, #2191 ) ;
#1198 = CARTESIAN_POINT ( 'NONE',  ( 1.010333609296566550E-15, 5.499999999999999112, -8.250000000000000000 ) ) ;
#1199 = VECTOR ( 'NONE', #3907, 1000.000000000000000 ) ;
#1200 = DIRECTION ( 'NONE',  ( -0.000000000000000000, 1.000000000000000000, -0.000000000000000000 ) ) ;
#1201 = CIRCLE ( 'NONE', #3919, 1.024999999999987699 ) ;
#1202 = CYLINDRICAL_SURFACE ( 'NONE', #1027, 3.249999999999999556 ) ;
#1203 = DIRECTION ( 'NONE',  ( 0.000000000000000000, 0.000000000000000000, -1.000000000000000000 ) ) ;
#1204 = CARTESIAN_POINT ( 'NONE',  ( 16.00000000000000355, 3.000000000000000000, -2.800000000000001155 ) ) ;
#1205 = EDGE_CURVE ( 'NONE', #2945, #2759, #2828, .T. ) ;
#1206 = CYLINDRICAL_SURFACE ( 'NONE', #2568, 1.024999999999991251 ) ;
#1207 = CARTESIAN_POINT ( 'NONE',  ( -15.67360525923487380, 2.999999999999999556, 5.620751524366805363 ) ) ;
#1208 = EDGE_CURVE ( 'NONE', #4211, #2760, #3337, .T. ) ;
#1209 = DIRECTION ( 'NONE',  ( -0.000000000000000000, -1.000000000000000000, -0.000000000000000000 ) ) ;
#1210 = VERTEX_POINT ( 'NONE', #419 ) ;
#1211 = ORIENTED_EDGE ( 'NONE', *, *, #3929, .F. ) ;
#1212 = ORIENTED_EDGE ( 'NONE', *, *, #3253, .T. ) ;
#1213 = DIRECTION ( 'NONE',  ( 0.000000000000000000, 0.000000000000000000, 1.000000000000000000 ) ) ;
#1214 = DIRECTION ( 'NONE',  ( -0.000000000000000000, 1.000000000000000000, -0.000000000000000000 ) ) ;
#1215 = ORIENTED_EDGE ( 'NONE', *, *, #1123, .F. ) ;
#1216 = CYLINDRICAL_SURFACE ( 'NONE', #797, 1.024999999999994582 ) ;
#1217 = FACE_BOUND ( 'NONE', #1778, .T. ) ;
#1218 = DIRECTION ( 'NONE',  ( -0.000000000000000000, 1.000000000000000000, -0.000000000000000000 ) ) ;
#1219 = LINE ( 'NONE', #1987, #532 ) ;
#1220 =( REPRESENTATION_RELATIONSHIP ('NONE','NONE', #1682, #1188 ) REPRESENTATION_RELATIONSHIP_WITH_TRANSFORMATION ( #4446 )SHAPE_REPRESENTATION_RELATIONSHIP( ) );
#1221 = PLANE ( 'NONE',  #2801 ) ;
#1222 = DIRECTION ( 'NONE',  ( -0.000000000000000000, 1.000000000000000000, -0.000000000000000000 ) ) ;
#1223 = AXIS2_PLACEMENT_3D ( 'NONE', #3770, #1209, #4518 ) ;
#1224 = CARTESIAN_POINT ( 'NONE',  ( -12.50000000000001421, 10.30000000000000071, -15.50000000000000178 ) ) ;
#1225 = DIRECTION ( 'NONE',  ( -0.000000000000000000, 1.000000000000000000, -0.000000000000000000 ) ) ;
#1226 = CARTESIAN_POINT ( 'NONE',  ( -15.89126247832681571, 3.000000000000000000, 4.748508508020441887 ) ) ;
#1227 = VECTOR ( 'NONE', #3096, 1000.000000000000000 ) ;
#1228 = AXIS2_PLACEMENT_3D ( 'NONE', #3545, #4011, #316 ) ;
#1229 = CARTESIAN_POINT ( 'NONE',  ( -16.00000000000000000, 5.000000000000000000, -16.74999999999998934 ) ) ;
#1230 = ORIENTED_EDGE ( 'NONE', *, *, #198, .F. ) ;
#1231 = EDGE_CURVE ( 'NONE', #3475, #2097, #3674, .T. ) ;
#1232 = EDGE_LOOP ( 'NONE', ( #395, #1679 ) ) ;
#1233 = VERTEX_POINT ( 'NONE', #813 ) ;
#1234 = VECTOR ( 'NONE', #794, 1000.000000000000000 ) ;
#1235 = EDGE_CURVE ( 'NONE', #2364, #4736, #343, .T. ) ;
#1236 = DIRECTION ( 'NONE',  ( 0.000000000000000000, -1.000000000000000000, 0.000000000000000000 ) ) ;
#1237 = CIRCLE ( 'NONE', #1945, 1.299999999999999156 ) ;
#1238 = FACE_OUTER_BOUND ( 'NONE', #32, .T. ) ;
#1239 = ORIENTED_EDGE ( 'NONE', *, *, #288, .T. ) ;
#1240 = CARTESIAN_POINT ( 'NONE',  ( -16.00000000000000000, 2.000000000000000000, 20.00000000000000355 ) ) ;
#1241 = CARTESIAN_POINT ( 'NONE',  ( 16.00000000000000000, 1.189166666666667371, -2.800000000000001155 ) ) ;
#1242 = VECTOR ( 'NONE', #91, 1000.000000000000000 ) ;
#1243 = LINE ( 'NONE', #4214, #2174 ) ;
#1244 = VECTOR ( 'NONE', #3804, 1000.000000000000000 ) ;
#1245 = CYLINDRICAL_SURFACE ( 'NONE', #2254, 1.299999999999999156 ) ;
#1246 = DIRECTION ( 'NONE',  ( -0.000000000000000000, -1.000000000000000000, -0.000000000000000000 ) ) ;
#1247 = FACE_OUTER_BOUND ( 'NONE', #490, .T. ) ;
#1248 = DIRECTION ( 'NONE',  ( -0.000000000000000000, -1.000000000000000000, -0.000000000000000000 ) ) ;
#1249 = B_SPLINE_CURVE_WITH_KNOTS ( 'NONE', 3,
 ( #3185, #4368, #2122, #4667, #3643, #637, #4762, #586, #1704, #3572, #679, #3938, #2815, #1333, #1427, #608, #4296, #1071, #2072, #2912, #2095, #977, #246, #1730, #3210, #3916, #4690, #1356, #996, #2145, #2838, #3618, #2472, #3966, #2888, #292, #3595, #267, #4737, #1752, #1776, #1047, #2524, #2169, #1803 ),
 .UNSPECIFIED., .F., .F.,
 ( 4, 1, 1, 1, 1, 1, 1, 2, 2, 1, 1, 1, 1, 1, 2, 2, 2, 2, 1, 1, 1, 1, 1, 2, 2, 1, 1, 1, 1, 1, 2, 2, 4 ),
 ( 0.000000000000000000, 0.1249999999999931721, 0.1874999999999901190, 0.2187499999999889810, 0.2343749999999884259, 0.2421874999999876765, 0.2460937499999878153, 0.2480468749999874545, 0.2499999999999870659, 0.3124999999999788503, 0.3437499999999747424, 0.3593749999999726885, 0.3671874999999716338, 0.3710937499999707456, 0.3730468749999702460, 0.3749999999999697464, 0.4374999999999649170, 0.4999999999999600320, 0.5624999999999551470, 0.5937499999999529265, 0.6093749999999515943, 0.6171874999999507061, 0.6210937499999501510, 0.6230468749999500400, 0.6249999999999500400, 0.6874999999999565903, 0.7187499999999599209, 0.7343749999999616973, 0.7421874999999626965, 0.7460937499999633626, 0.7480468749999636957, 0.7499999999999640288, 1.000000000000000000 ),
 .UNSPECIFIED. ) ;
#1250 = ADVANCED_FACE ( 'NONE', ( #1149 ), #1171, .T. ) ;
#1251 = VECTOR ( 'NONE', #4359, 1000.000000000000000 ) ;
#1252 = CARTESIAN_POINT ( 'NONE',  ( 6.499999999999987566, 1.199999999999999956, 18.50000000000000355 ) ) ;
#1253 = CARTESIAN_POINT ( 'NONE',  ( -11.50000000000000000, 5.000000000000000000, 22.75000000000000711 ) ) ;
#1254 = EDGE_LOOP ( 'NONE', ( #1888, #4369, #1446, #956 ) ) ;
#1255 = EDGE_LOOP ( 'NONE', ( #991, #1454 ) ) ;
#1256 = ORIENTED_EDGE ( 'NONE', *, *, #4170, .T. ) ;
#1257 = EDGE_CURVE ( 'NONE', #2943, #3754, #4091, .T. ) ;
#1258 = LINE ( 'NONE', #3431, #685 ) ;
#1259 = VERTEX_POINT ( 'NONE', #2942 ) ;
#1260 = CARTESIAN_POINT ( 'NONE',  ( 28.99999999999998934, 11.50000000000000000, -22.00000000000000000 ) ) ;
#1261 = ADVANCED_FACE ( 'NONE', ( #4425 ), #760, .F. ) ;
#1262 = ORIENTED_EDGE ( 'NONE', *, *, #3939, .T. ) ;
#1263 = CARTESIAN_POINT ( 'NONE',  ( 16.00000000000000000, 2.000000000000000000, -21.69999999999998863 ) ) ;
#1264 = CARTESIAN_POINT ( 'NONE',  ( -18.50000000000000355, 0.000000000000000000, -6.500000000000003553 ) ) ;
#1265 = DIRECTION ( 'NONE',  ( 0.000000000000000000, 0.000000000000000000, 1.000000000000000000 ) ) ;
#1266 = ORIENTED_EDGE ( 'NONE', *, *, #828, .T. ) ;
#1267 = DIRECTION ( 'NONE',  ( 3.154042683594195121E-16, 0.000000000000000000, 1.000000000000000000 ) ) ;
#1268 = CARTESIAN_POINT ( 'NONE',  ( -20.99999999999999645, 5.000000000000000000, 24.00000000000000711 ) ) ;
#1269 = VECTOR ( 'NONE', #4510, 1000.000000000000000 ) ;
#1270 = DIRECTION ( 'NONE',  ( -0.000000000000000000, -1.000000000000000000, -0.000000000000000000 ) ) ;
#1271 = LINE ( 'NONE', #2755, #775 ) ;
#1272 = DIRECTION ( 'NONE',  ( -0.000000000000000000, 1.000000000000000000, -0.000000000000000000 ) ) ;
#1273 = CARTESIAN_POINT ( 'NONE',  ( -13.17392330131918321, 3.000000000000000000, 6.955945160845582897 ) ) ;
#1274 = EDGE_CURVE ( 'NONE', #4316, #1876, #1629, .T. ) ;
#1275 = CARTESIAN_POINT ( 'NONE',  ( 32.49999999999999289, 0.000000000000000000, -23.99999999999999289 ) ) ;
#1276 = ORIENTED_EDGE ( 'NONE', *, *, #2195, .F. ) ;
#1277 = EDGE_LOOP ( 'NONE', ( #1153, #4175, #3017, #1327 ) ) ;
#1278 = ORIENTED_EDGE ( 'NONE', *, *, #2420, .F. ) ;
#1279 = EDGE_CURVE ( 'NONE', #698, #3084, #2721, .T. ) ;
#1280 = DIRECTION ( 'NONE',  ( -0.000000000000000000, -1.000000000000000000, -0.000000000000000000 ) ) ;
#1281 = ORIENTED_EDGE ( 'NONE', *, *, #1184, .F. ) ;
#1282 = DIRECTION ( 'NONE',  ( -0.000000000000000000, 1.000000000000000000, -0.000000000000000000 ) ) ;
#1283 = ORIENTED_EDGE ( 'NONE', *, *, #2869, .T. ) ;
#1284 = CARTESIAN_POINT ( 'NONE',  ( 16.00000000000000000, 0.2175000000000001377, -2.800000000000001155 ) ) ;
#1285 = EDGE_CURVE ( 'NONE', #98, #3058, #1733, .T. ) ;
#1286 = CARTESIAN_POINT ( 'NONE',  ( -15.00000000000001066, 10.30000000000000071, -6.500000000000002665 ) ) ;
#1287 = EDGE_CURVE ( 'NONE', #2967, #4081, #2849, .T. ) ;
#1288 = CARTESIAN_POINT ( 'NONE',  ( -6.500000000000011546, 1.199999999999999956, 18.50000000000000355 ) ) ;
#1289 = ORIENTED_EDGE ( 'NONE', *, *, #2427, .T. ) ;
#1290 = CARTESIAN_POINT ( 'NONE',  ( -12.50000000000001954, 10.30000000000000071, 4.818676322157803883E-15 ) ) ;
#1291 = DIRECTION ( 'NONE',  ( -3.430415673744136424E-15, 0.000000000000000000, 1.000000000000000000 ) ) ;
#1292 = ADVANCED_FACE ( 'NONE', ( #1193 ), #147, .F. ) ;
#1293 = DIRECTION ( 'NONE',  ( 2.891205793294678326E-16, 0.000000000000000000, 1.000000000000000000 ) ) ;
#1294 = CARTESIAN_POINT ( 'NONE',  ( 15.72702858510653279, 0.3500000000000000333, -5.471913503846292492 ) ) ;
#1295 = DIRECTION ( 'NONE',  ( 0.000000000000000000, 0.000000000000000000, 1.000000000000000000 ) ) ;
#1296 = DIRECTION ( 'NONE',  ( 0.000000000000000000, 0.000000000000000000, -1.000000000000000000 ) ) ;
#1297 = CARTESIAN_POINT ( 'NONE',  ( 26.00000000000018474, 0.000000000000000000, 9.000000000000119016 ) ) ;
#1298 = EDGE_LOOP ( 'NONE', ( #3473, #3967, #683, #2065 ) ) ;
#1299 = AXIS2_PLACEMENT_3D ( 'NONE', #2497, #3987, #4665 ) ;
#1300 = ORIENTED_EDGE ( 'NONE', *, *, #1498, .T. ) ;
#1301 = ORIENTED_EDGE ( 'NONE', *, *, #970, .T. ) ;
#1302 = AXIS2_PLACEMENT_3D ( 'NONE', #4303, #4257, #4629 ) ;
#1303 = CARTESIAN_POINT ( 'NONE',  ( -21.00000000000000000, 8.000000000000000000, -23.99999999999999289 ) ) ;
#1304 = VERTEX_POINT ( 'NONE', #4160 ) ;
#1305 = DIRECTION ( 'NONE',  ( 0.000000000000000000, 0.000000000000000000, 1.000000000000000000 ) ) ;
#1306 = VECTOR ( 'NONE', #661, 1000.000000000000000 ) ;
#1307 = EDGE_LOOP ( 'NONE', ( #4295, #4122, #1458, #1397 ) ) ;
#1308 = DIRECTION ( 'NONE',  ( -0.000000000000000000, 1.000000000000000000, -0.000000000000000000 ) ) ;
#1309 = AXIS2_PLACEMENT_3D ( 'NONE', #3650, #1836, #743 ) ;
#1310 = FACE_OUTER_BOUND ( 'NONE', #3240, .T. ) ;
#1311 = DIRECTION ( 'NONE',  ( -0.000000000000000000, 1.000000000000000000, -0.000000000000000000 ) ) ;
#1312 = ORIENTED_EDGE ( 'NONE', *, *, #4560, .T. ) ;
#1313 = VECTOR ( 'NONE', #433, 1000.000000000000000 ) ;
#1314 = CARTESIAN_POINT ( 'NONE',  ( -13.78536703118906459, 0.3500000000000001443, -6.887685385223514700 ) ) ;
#1315 = CARTESIAN_POINT ( 'NONE',  ( -16.00000000000000000, 5.000000000000000000, -19.99999999999998934 ) ) ;
#1316 = EDGE_CURVE ( 'NONE', #4316, #266, #2000, .T. ) ;
#1317 = AXIS2_PLACEMENT_3D ( 'NONE', #3706, #1494, #1439 ) ;
#1318 = DIRECTION ( 'NONE',  ( 0.000000000000000000, 0.000000000000000000, 1.000000000000000000 ) ) ;
#1319 = CARTESIAN_POINT ( 'NONE',  ( 17.49999999999998934, 6.349999999999994316, 16.97500000000001208 ) ) ;
#1320 = EDGE_CURVE ( 'NONE', #920, #2103, #858, .T. ) ;
#1321 = CARTESIAN_POINT ( 'NONE',  ( -15.00000000000001421, 0.000000000000000000, 4.000000000000005329 ) ) ;
#1322 = CARTESIAN_POINT ( 'NONE',  ( 15.73593384210898094, 3.000000000000000000, 5.444745198823793153 ) ) ;
#1323 = AXIS2_PLACEMENT_3D ( 'NONE', #4487, #824, #1365 ) ;
#1324 = DIRECTION ( 'NONE',  ( 0.000000000000000000, 0.000000000000000000, 1.000000000000000000 ) ) ;
#1325 = ORIENTED_EDGE ( 'NONE', *, *, #1929, .T. ) ;
#1326 = AXIS2_PLACEMENT_3D ( 'NONE', #1137, #3738, #2283 ) ;
#1327 = ORIENTED_EDGE ( 'NONE', *, *, #4379, .T. ) ;
#1328 = CARTESIAN_POINT ( 'NONE',  ( -12.50000000000001776, 10.30000000000000071, -6.500000000000002665 ) ) ;
#1329 = ORIENTED_EDGE ( 'NONE', *, *, #3786, .F. ) ;
#1330 = CIRCLE ( 'NONE', #1112, 1.700000000000000178 ) ;
#1331 = CARTESIAN_POINT ( 'NONE',  ( -15.91071456587308397, 2.999999999999999112, -4.606393114525484833 ) ) ;
#1332 = ORIENTED_EDGE ( 'NONE', *, *, #3382, .F. ) ;
#1333 = CARTESIAN_POINT ( 'NONE',  ( 14.27385054680351573, 0.3500000000000000888, 6.786688076407394021 ) ) ;
#1334 = ORIENTED_EDGE ( 'NONE', *, *, #3015, .T. ) ;
#1335 = DIRECTION ( 'NONE',  ( -3.430415673744136424E-15, 0.000000000000000000, 1.000000000000000000 ) ) ;
#1336 = ADVANCED_FACE ( 'NONE', ( #2673 ), #4545, .F. ) ;
#1337 = CARTESIAN_POINT ( 'NONE',  ( -5.999999999999949374, 10.30000000000000071, -17.50000000000001066 ) ) ;
#1338 = ORIENTED_EDGE ( 'NONE', *, *, #3971, .T. ) ;
#1339 = CARTESIAN_POINT ( 'NONE',  ( -15.36828202304266000, 0.3500000000000000888, -6.160580512565320355 ) ) ;
#1340 = CARTESIAN_POINT ( 'NONE',  ( 17.49999999999998934, 6.349999999999994316, 5.999999999999997335 ) ) ;
#1341 = EDGE_CURVE ( 'NONE', #526, #2249, #1579, .T. ) ;
#1342 = CARTESIAN_POINT ( 'NONE',  ( -23.50000000000000000, 8.000000000000001776, -19.02499999999998792 ) ) ;
#1343 = CARTESIAN_POINT ( 'NONE',  ( 14.55323354140583980, 0.3500000000000000333, -6.698868424543152678 ) ) ;
#1344 = DIRECTION ( 'NONE',  ( 1.000000000000000000, 0.000000000000000000, 0.000000000000000000 ) ) ;
#1345 = EDGE_CURVE ( 'NONE', #1484, #2446, #902, .T. ) ;
#1346 = PRESENTATION_LAYER_ASSIGNMENT (  '', '', ( #1511 ) ) ;
#1347 = ADVANCED_FACE ( 'NONE', ( #489 ), #3115, .F. ) ;
#1348 = LINE ( 'NONE', #3631, #2700 ) ;
#1349 = ORIENTED_EDGE ( 'NONE', *, *, #3519, .F. ) ;
#1350 = ORIENTED_EDGE ( 'NONE', *, *, #2593, .F. ) ;
#1351 = DIRECTION ( 'NONE',  ( 0.000000000000000000, 0.000000000000000000, -1.000000000000000000 ) ) ;
#1352 = CARTESIAN_POINT ( 'NONE',  ( -14.62086211930254187, 0.3500000000000000888, 6.673544149320651542 ) ) ;
#1353 = ADVANCED_FACE ( 'NONE', ( #1953 ), #3452, .T. ) ;
#1354 = DIRECTION ( 'NONE',  ( -0.000000000000000000, 1.000000000000000000, -0.000000000000000000 ) ) ;
#1355 = ORIENTED_EDGE ( 'NONE', *, *, #468, .T. ) ;
#1356 = CARTESIAN_POINT ( 'NONE',  ( 15.67354414932018258, 0.3500000000000000888, 5.620862119303645876 ) ) ;
#1357 = ORIENTED_EDGE ( 'NONE', *, *, #2992, .F. ) ;
#1358 = LINE ( 'NONE', #4764, #2708 ) ;
#1359 = CARTESIAN_POINT ( 'NONE',  ( 6.000000000000042633, 1.199999999999999734, 2.058249404246496448E-14 ) ) ;
#1360 = ORIENTED_EDGE ( 'NONE', *, *, #3909, .F. ) ;
#1361 = DIRECTION ( 'NONE',  ( -0.000000000000000000, 1.000000000000000000, -0.000000000000000000 ) ) ;
#1362 = LINE ( 'NONE', #983, #4644 ) ;
#1363 = DIRECTION ( 'NONE',  ( 0.000000000000000000, 0.000000000000000000, -1.000000000000000000 ) ) ;
#1364 = CARTESIAN_POINT ( 'NONE',  ( 2.999999999999987121, 0.000000000000000000, 20.49999999999999289 ) ) ;
#1365 = DIRECTION ( 'NONE',  ( 0.000000000000000000, 0.000000000000000000, 1.000000000000000000 ) ) ;
#1366 = DIRECTION ( 'NONE',  ( -0.000000000000000000, -1.000000000000000000, -0.000000000000000000 ) ) ;
#1367 = LINE ( 'NONE', #2513, #3451 ) ;
#1368 = PRODUCT_DEFINITION ( 'UNKNOWN', '', #3005, #2526 ) ;
#1369 = DIRECTION ( 'NONE',  ( -0.000000000000000000, 1.000000000000000000, -0.000000000000000000 ) ) ;
#1370 = ORIENTED_EDGE ( 'NONE', *, *, #930, .T. ) ;
#1371 = EDGE_LOOP ( 'NONE', ( #2029, #1550, #369, #2523 ) ) ;
#1372 = CARTESIAN_POINT ( 'NONE',  ( -5.999999999999952038, 0.000000000000000000, -15.50000000000001066 ) ) ;
#1373 = DIRECTION ( 'NONE',  ( -0.000000000000000000, 1.000000000000000000, -0.000000000000000000 ) ) ;
#1374 = EDGE_CURVE ( 'NONE', #1698, #3666, #1258, .T. ) ;
#1375 = CARTESIAN_POINT ( 'NONE',  ( -14.48769167000090086, 3.000000000000001332, -6.721749370721370909 ) ) ;
#1376 = EDGE_LOOP ( 'NONE', ( #4395, #24, #3156, #3957 ) ) ;
#1377 = CARTESIAN_POINT ( 'NONE',  ( 9.999999999999987566, 11.50000000000000000, 8.749999999999998224 ) ) ;
#1378 = AXIS2_PLACEMENT_3D ( 'NONE', #1315, #1759, #2773 ) ;
#1379 = ORIENTED_EDGE ( 'NONE', *, *, #112, .F. ) ;
#1380 = ADVANCED_FACE ( 'NONE', ( #1978 ), #172, .F. ) ;
#1381 = VECTOR ( 'NONE', #3662, 1000.000000000000000 ) ;
#1382 = AXIS2_PLACEMENT_3D ( 'NONE', #1818, #2923, #3831 ) ;
#1383 = LINE ( 'NONE', #2840, #1384 ) ;
#1384 = VECTOR ( 'NONE', #2868, 1000.000000000000000 ) ;
#1385 = CARTESIAN_POINT ( 'NONE',  ( -10.00000000000001243, 11.50000000000000000, 8.749999999999998224 ) ) ;
#1386 = EDGE_LOOP ( 'NONE', ( #636, #853, #4689, #4733 ) ) ;
#1387 = CARTESIAN_POINT ( 'NONE',  ( -15.76385044340948482, 0.3500000000000000888, -5.362311497431512031 ) ) ;
#1388 = DIRECTION ( 'NONE',  ( 0.000000000000000000, 0.000000000000000000, -1.000000000000000000 ) ) ;
#1389 = AXIS2_PLACEMENT_3D ( 'NONE', #3392, #1861, #4769 ) ;
#1390 = PLANE ( 'NONE',  #3961 ) ;
#1391 = VECTOR ( 'NONE', #3925, 1000.000000000000000 ) ;
#1392 = CARTESIAN_POINT ( 'NONE',  ( -3.000000000000013323, 10.30000000000000071, 15.49999999999999467 ) ) ;
#1393 = CARTESIAN_POINT ( 'NONE',  ( -15.99999999999999822, 3.132499999999999396, -7.000000000000002665 ) ) ;
#1394 = CARTESIAN_POINT ( 'NONE',  ( 15.16043606203504091, 3.000000000000001332, 6.368361840075332125 ) ) ;
#1395 = DIRECTION ( 'NONE',  ( -0.000000000000000000, 1.000000000000000000, -0.000000000000000000 ) ) ;
#1396 = ORIENTED_EDGE ( 'NONE', *, *, #2749, .F. ) ;
#1397 = ORIENTED_EDGE ( 'NONE', *, *, #3080, .T. ) ;
#1398 = CARTESIAN_POINT ( 'NONE',  ( -16.00000000000000000, 0.000000000000000000, 21.70000000000000284 ) ) ;
#1399 = DIRECTION ( 'NONE',  ( -0.000000000000000000, 1.000000000000000000, -0.000000000000000000 ) ) ;
#1400 = CIRCLE ( 'NONE', #634, 1.024999999999991251 ) ;
#1401 = CARTESIAN_POINT ( 'NONE',  ( -15.84687135207411224, 2.999999999999999556, -5.026704247915755097 ) ) ;
#1402 = EDGE_LOOP ( 'NONE', ( #2895, #3771 ) ) ;
#1403 = LINE ( 'NONE', #1453, #3175 ) ;
#1404 = VERTEX_POINT ( 'NONE', #3893 ) ;
#1405 = EDGE_CURVE ( 'NONE', #3983, #1626, #242, .T. ) ;
#1406 = CARTESIAN_POINT ( 'NONE',  ( 16.00000000000000000, 5.000000000000000000, 16.75000000000000711 ) ) ;
#1407 = EDGE_LOOP ( 'NONE', ( #1357, #1266, #2248, #2090 ) ) ;
#1408 = EDGE_CURVE ( 'NONE', #4736, #98, #635, .T. ) ;
#1409 = CARTESIAN_POINT ( 'NONE',  ( -15.00000000000001066, 0.000000000000000000, -4.000000000000010658 ) ) ;
#1410 = VERTEX_POINT ( 'NONE', #2522 ) ;
#1411 = DIRECTION ( 'NONE',  ( 1.000000000000000000, 0.000000000000000000, 0.000000000000000000 ) ) ;
#1412 = PLANE ( 'NONE',  #4566 ) ;
#1413 = ADVANCED_FACE ( 'NONE', ( #2886 ), #2120, .F. ) ;
#1414 = LINE ( 'NONE', #2899, #4580 ) ;
#1415 = CARTESIAN_POINT ( 'NONE',  ( 14.27407992203496967, 3.000000000000000000, -6.786641981969300907 ) ) ;
#1416 = LINE ( 'NONE', #624, #4356 ) ;
#1417 = CARTESIAN_POINT ( 'NONE',  ( -6.500000000000010658, 0.000000000000000000, 14.50000000000000178 ) ) ;
#1418 = FACE_OUTER_BOUND ( 'NONE', #753, .T. ) ;
#1419 = ORIENTED_EDGE ( 'NONE', *, *, #167, .T. ) ;
#1420 = ORIENTED_EDGE ( 'NONE', *, *, #4625, .T. ) ;
#1421 = PLANE ( 'NONE',  #3267 ) ;
#1422 = DIRECTION ( 'NONE',  ( 0.000000000000000000, 0.000000000000000000, 1.000000000000000000 ) ) ;
#1423 = VECTOR ( 'NONE', #1497, 1000.000000000000000 ) ;
#1424 = EDGE_CURVE ( 'NONE', #72, #3083, #2697, .T. ) ;
#1425 = LINE ( 'NONE', #2966, #4322 ) ;
#1426 = VERTEX_POINT ( 'NONE', #4342 ) ;
#1427 = CARTESIAN_POINT ( 'NONE',  ( 14.38913882613304196, 0.3500000000000000333, 6.753390692606709322 ) ) ;
#1428 = CLOSED_SHELL ( 'NONE', ( #3705, #2502, #763, #855, #887, #3814, #990, #3673, #4347, #3862, #4738, #374, #3574, #1096, #2287, #2012, #3889, #4583, #2187, #4066, #804, #3997, #1063 ) ) ;
#1429 = ORIENTED_EDGE ( 'NONE', *, *, #2988, .F. ) ;
#1430 = EDGE_CURVE ( 'NONE', #1426, #2314, #2322, .T. ) ;
#1431 = DIRECTION ( 'NONE',  ( -1.000000000000000000, 0.000000000000000000, -0.000000000000000000 ) ) ;
#1432 = EDGE_LOOP ( 'NONE', ( #1256, #4223, #321, #2381 ) ) ;
#1433 = ORIENTED_EDGE ( 'NONE', *, *, #3849, .F. ) ;
#1434 = DIRECTION ( 'NONE',  ( -0.000000000000000000, 1.000000000000000000, -0.000000000000000000 ) ) ;
#1435 = ORIENTED_EDGE ( 'NONE', *, *, #3941, .T. ) ;
#1436 = FACE_BOUND ( 'NONE', #2528, .T. ) ;
#1437 = DIRECTION ( 'NONE',  ( -0.000000000000000000, 1.000000000000000000, -0.000000000000000000 ) ) ;
#1438 = ADVANCED_FACE ( 'NONE', ( #4366 ), #3593, .T. ) ;
#1439 = DIRECTION ( 'NONE',  ( 0.000000000000000000, 0.000000000000000000, -1.000000000000000000 ) ) ;
#1440 = CARTESIAN_POINT ( 'NONE',  ( 14.44474519882379759, 3.000000000000000000, -6.735933842108983605 ) ) ;
#1441 = CARTESIAN_POINT ( 'NONE',  ( 11.80000000000000071, 2.116666666666666252, -7.000000000000001776 ) ) ;
#1442 = CARTESIAN_POINT ( 'NONE',  ( -3.000000000000013323, 1.199999999999999734, 15.49999999999999467 ) ) ;
#1443 = ADVANCED_FACE ( 'NONE', ( #3158 ), #4638, .F. ) ;
#1444 = DIRECTION ( 'NONE',  ( -0.000000000000000000, -1.000000000000000000, -0.000000000000000000 ) ) ;
#1445 = ORIENTED_EDGE ( 'NONE', *, *, #27, .F. ) ;
#1446 = ORIENTED_EDGE ( 'NONE', *, *, #1459, .T. ) ;
#1447 = DIRECTION ( 'NONE',  ( 0.000000000000000000, 0.000000000000000000, -1.000000000000000000 ) ) ;
#1448 = CARTESIAN_POINT ( 'NONE',  ( -5.999999999999949374, 10.30000000000000071, -2.058249404246464263E-14 ) ) ;
#1449 = B_SPLINE_CURVE_WITH_KNOTS ( 'NONE', 3,
 ( #2292, #1451, #1482, #364 ),
 .UNSPECIFIED., .F., .F.,
 ( 4, 4 ),
 ( 0.000000000000000000, 1.000000000000000000 ),
 .UNSPECIFIED. ) ;
#1450 = ITEM_DEFINED_TRANSFORMATION ( 'NONE', 'NONE', #4242,  #2077 ) ;
#1451 = CARTESIAN_POINT ( 'NONE',  ( -15.99999999999999645, 2.116666666666666252, 2.799999999999998934 ) ) ;
#1452 = ORIENTED_EDGE ( 'NONE', *, *, #3232, .T. ) ;
#1453 = CARTESIAN_POINT ( 'NONE',  ( -10.00000000000001243, 11.50000000000000000, 11.24999999999999822 ) ) ;
#1454 = ORIENTED_EDGE ( 'NONE', *, *, #1424, .F. ) ;
#1455 = VECTOR ( 'NONE', #829, 1000.000000000000000 ) ;
#1456 = CIRCLE ( 'NONE', #609, 3.249999999999999556 ) ;
#1457 = DIRECTION ( 'NONE',  ( -1.000000000000000000, 0.000000000000000000, -3.854941057726239083E-16 ) ) ;
#1458 = ORIENTED_EDGE ( 'NONE', *, *, #1345, .T. ) ;
#1459 = EDGE_CURVE ( 'NONE', #1210, #560, #3630, .T. ) ;
#1460 = EDGE_LOOP ( 'NONE', ( #4362, #3774 ) ) ;
#1461 = DIRECTION ( 'NONE',  ( 0.000000000000000000, 0.000000000000000000, 1.000000000000000000 ) ) ;
#1463 = ORIENTED_EDGE ( 'NONE', *, *, #1658, .F. ) ;
#1462 = CIRCLE ( 'NONE', #2089, 2.999999999999995559 ) ;
#1464 = DIRECTION ( 'NONE',  ( 0.000000000000000000, 0.000000000000000000, 1.000000000000000000 ) ) ;
#1465 = DIRECTION ( 'NONE',  ( 0.000000000000000000, 0.000000000000000000, 1.000000000000000000 ) ) ;
#1466 = AXIS2_PLACEMENT_3D ( 'NONE', #1156, #2632, #4125 ) ;
#1467 = CARTESIAN_POINT ( 'NONE',  ( -20.49999999999981526, 0.000000000000000000, 6.000000000000119016 ) ) ;
#1468 = CARTESIAN_POINT ( 'NONE',  ( 17.49999999999998934, -1.429775138004531790E-15, -18.00000000000000355 ) ) ;
#1469 = FACE_OUTER_BOUND ( 'NONE', #2094, .T. ) ;
#1470 = CYLINDRICAL_SURFACE ( 'NONE', #1984, 1.249999999999999334 ) ;
#1471 = EDGE_CURVE ( 'NONE', #816, #3818, #215, .T. ) ;
#1472 = AXIS2_PLACEMENT_3D ( 'NONE', #2445, #972, #603 ) ;
#1473 = CARTESIAN_POINT ( 'NONE',  ( -15.99999999999999645, 3.132499999999999840, 2.799999999999997602 ) ) ;
#1474 = ORIENTED_EDGE ( 'NONE', *, *, #3020, .F. ) ;
#1475 = EDGE_CURVE ( 'NONE', #2871, #2784, #1449, .T. ) ;
#1476 = ORIENTED_EDGE ( 'NONE', *, *, #639, .T. ) ;
#1477 = CARTESIAN_POINT ( 'NONE',  ( 11.80000000000000071, 0.3500000000000000333, -7.000000000000001776 ) ) ;
#1478 = CARTESIAN_POINT ( 'NONE',  ( 17.49999999999998934, -1.429775138004531790E-15, 7.024999999999988809 ) ) ;
#1479 = CIRCLE ( 'NONE', #1551, 1.024999999999991251 ) ;
#1480 = SHAPE_DEFINITION_REPRESENTATION ( #270, #2823 ) ;
#1481 = CIRCLE ( 'NONE', #4671, 2.999999999999997335 ) ;
#1482 = CARTESIAN_POINT ( 'NONE',  ( -15.99999999999999645, 1.233333333333333171, 2.799999999999998046 ) ) ;
#1483 = ORIENTED_EDGE ( 'NONE', *, *, #1475, .F. ) ;
#1484 = VERTEX_POINT ( 'NONE', #3669 ) ;
#1485 = VECTOR ( 'NONE', #413, 1000.000000000000000 ) ;
#1486 = CARTESIAN_POINT ( 'NONE',  ( -16.00000000000000000, 2.000000000000000000, -18.29999999999999005 ) ) ;
#1487 = ORIENTED_EDGE ( 'NONE', *, *, #2927, .F. ) ;
#1488 = AXIS2_PLACEMENT_3D ( 'NONE', #3685, #407, #3781 ) ;
#1489 = ORIENTED_EDGE ( 'NONE', *, *, #1341, .T. ) ;
#1490 = CARTESIAN_POINT ( 'NONE',  ( 2.999999999999987121, 1.199999999999999734, 17.49999999999999645 ) ) ;
#1491 = CARTESIAN_POINT ( 'NONE',  ( -16.00000000000001421, 0.000000000000000000, -17.99999999999999645 ) ) ;
#1492 = CYLINDRICAL_SURFACE ( 'NONE', #3330, 1.024999999999994582 ) ;
#1493 = EDGE_CURVE ( 'NONE', #2918, #3286, #3021, .T. ) ;
#1494 = DIRECTION ( 'NONE',  ( -0.000000000000000000, -1.000000000000000000, -0.000000000000000000 ) ) ;
#1495 = CARTESIAN_POINT ( 'NONE',  ( 15.71111003973971165, 3.000000000000000444, -5.518744414490096339 ) ) ;
#1496 = CARTESIAN_POINT ( 'NONE',  ( 17.49999999999998934, 6.349999999999996980, -18.00000000000000355 ) ) ;
#1497 = DIRECTION ( 'NONE',  ( -1.000000000000000000, -0.000000000000000000, -0.000000000000000000 ) ) ;
#1498 = EDGE_CURVE ( 'NONE', #4739, #2449, #2910, .T. ) ;
#1499 = LINE ( 'NONE', #4411, #612 ) ;
#1500 = ORIENTED_EDGE ( 'NONE', *, *, #4062, .F. ) ;
#1501 = ORIENTED_EDGE ( 'NONE', *, *, #908, .F. ) ;
#1502 = CARTESIAN_POINT ( 'NONE',  ( 2.999999999999990674, 10.30000000000000071, -15.50000000000000000 ) ) ;
#1503 = CARTESIAN_POINT ( 'NONE',  ( -5.828427124746202281, 0.000000000000000000, 14.50000000000000178 ) ) ;
#1504 = ITEM_DEFINED_TRANSFORMATION ( 'NONE', 'NONE', #1763,  #2077 ) ;
#1505 = EDGE_CURVE ( 'NONE', #2023, #2204, #2196, .T. ) ;
#1506 = DIRECTION ( 'NONE',  ( -0.000000000000000000, 1.000000000000000000, -0.000000000000000000 ) ) ;
#1507 = EDGE_LOOP ( 'NONE', ( #4477, #3258, #1126, #3615 ) ) ;
#1508 = EDGE_CURVE ( 'NONE', #3651, #175, #1425, .T. ) ;
#1509 = EDGE_LOOP ( 'NONE', ( #4543, #124 ) ) ;
#1510 = CARTESIAN_POINT ( 'NONE',  ( -16.00000000000001066, 10.30000000000000071, -4.000000000000009770 ) ) ;
#1511 = STYLED_ITEM ( 'NONE', ( #1525 ), #129 ) ;
#1512 = ORIENTED_EDGE ( 'NONE', *, *, #4681, .T. ) ;
#1513 = LINE ( 'NONE', #4475, #4584 ) ;
#1514 = ORIENTED_EDGE ( 'NONE', *, *, #3547, .T. ) ;
#1515 = DIRECTION ( 'NONE',  ( -1.000000000000000000, -0.000000000000000000, -0.000000000000000000 ) ) ;
#1516 = FACE_BOUND ( 'NONE', #652, .T. ) ;
#1517 = PLANE ( 'NONE',  #1466 ) ;
#1518 = CYLINDRICAL_SURFACE ( 'NONE', #866, 1.024999999999989475 ) ;
#1519 = DIRECTION ( 'NONE',  ( 0.000000000000000000, 0.000000000000000000, -1.000000000000000000 ) ) ;
#1520 = CARTESIAN_POINT ( 'NONE',  ( -16.00000000000001066, 10.30000000000000071, -4.000000000000009770 ) ) ;
#1521 = DIRECTION ( 'NONE',  ( -0.000000000000000000, 1.000000000000000000, -0.000000000000000000 ) ) ;
#1522 = DIRECTION ( 'NONE',  ( 0.000000000000000000, 0.000000000000000000, 1.000000000000000000 ) ) ;
#1523 = PRODUCT_RELATED_PRODUCT_CATEGORY ( 'part', '', ( #2744 ) ) ;
#1524 = CARTESIAN_POINT ( 'NONE',  ( 17.49999999999998934, 6.349999999999996980, 18.00000000000000000 ) ) ;
#1525 = PRESENTATION_STYLE_ASSIGNMENT (( #435 ) ) ;
#1526 = CARTESIAN_POINT ( 'NONE',  ( 0.000000000000000000, 0.000000000000000000, 0.000000000000000000 ) ) ;
#1527 = CARTESIAN_POINT ( 'NONE',  ( -16.00000000000000000, 5.000000000000000000, 20.00000000000000355 ) ) ;
#1528 = EDGE_LOOP ( 'NONE', ( #2128, #784, #4692, #118 ) ) ;
#1529 = ORIENTED_EDGE ( 'NONE', *, *, #100, .T. ) ;
#1530 = EDGE_CURVE ( 'NONE', #2239, #2097, #4448, .T. ) ;
#1531 = CARTESIAN_POINT ( 'NONE',  ( 11.49999999999999645, 5.000000000000000000, 22.75000000000000711 ) ) ;
#1532 = ORIENTED_EDGE ( 'NONE', *, *, #1021, .T. ) ;
#1533 = CARTESIAN_POINT ( 'NONE',  ( -10.00000000000001421, 4.000000000000000000, -10.00000000000000178 ) ) ;
#1534 = ADVANCED_FACE ( 'NONE', ( #1101, #707 ), #3280, .F. ) ;
#1535 = VERTEX_POINT ( 'NONE', #2599 ) ;
#1536 = CARTESIAN_POINT ( 'NONE',  ( 16.00000000000000355, 0.3500000000000000333, -7.000000000000001776 ) ) ;
#1537 = CARTESIAN_POINT ( 'NONE',  ( -21.00000000000000000, 8.000000000000000000, -23.99999999999999289 ) ) ;
#1538 = VECTOR ( 'NONE', #4760, 1000.000000000000000 ) ;
#1539 = DIRECTION ( 'NONE',  ( -0.000000000000000000, 0.000000000000000000, -1.000000000000000000 ) ) ;
#1540 = CARTESIAN_POINT ( 'NONE',  ( -25.99999999999981526, 3.000000000000000000, -8.999999999999896971 ) ) ;
#1541 = CIRCLE ( 'NONE', #2170, 1.250000000000001110 ) ;
#1542 = DIRECTION ( 'NONE',  ( -0.000000000000000000, 1.000000000000000000, -0.000000000000000000 ) ) ;
#1543 = DIRECTION ( 'NONE',  ( 0.000000000000000000, 0.000000000000000000, 1.000000000000000000 ) ) ;
#1544 = DIRECTION ( 'NONE',  ( -0.000000000000000000, 1.000000000000000000, -0.000000000000000000 ) ) ;
#1545 = CIRCLE ( 'NONE', #2553, 1.299999999999999156 ) ;
#1546 = CARTESIAN_POINT ( 'NONE',  ( -6.500000000000010658, 0.000000000000000000, 14.50000000000000178 ) ) ;
#1547 = CARTESIAN_POINT ( 'NONE',  ( -13.78554179326544116, 3.000000000000000000, 6.887650265652885295 ) ) ;
#1548 = AXIS2_PLACEMENT_3D ( 'NONE', #935, #2054, #1734 ) ;
#1549 = DIRECTION ( 'NONE',  ( -0.000000000000000000, 1.000000000000000000, -0.000000000000000000 ) ) ;
#1550 = ORIENTED_EDGE ( 'NONE', *, *, #2862, .F. ) ;
#1551 = AXIS2_PLACEMENT_3D ( 'NONE', #3626, #1557, #3016 ) ;
#1552 = VERTEX_POINT ( 'NONE', #1144 ) ;
#1553 = VERTEX_POINT ( 'NONE', #2620 ) ;
#1554 = VECTOR ( 'NONE', #2948, 1000.000000000000000 ) ;
#1555 = CARTESIAN_POINT ( 'NONE',  ( 16.00000000000000000, 2.000000000000000000, -23.24999999999998934 ) ) ;
#1556 = EDGE_LOOP ( 'NONE', ( #1119, #239, #3131, #578 ) ) ;
#1557 = DIRECTION ( 'NONE',  ( -0.000000000000000000, 1.000000000000000000, -0.000000000000000000 ) ) ;
#1558 = EDGE_LOOP ( 'NONE', ( #3138, #830, #4621, #283 ) ) ;
#1559 = ADVANCED_FACE ( 'NONE', ( #416 ), #734, .F. ) ;
#1560 = SURFACE_STYLE_FILL_AREA ( #446 ) ;
#1561 = VECTOR ( 'NONE', #1225, 1000.000000000000000 ) ;
#1562 = DIRECTION ( 'NONE',  ( 2.891205793294678819E-16, 0.000000000000000000, -1.000000000000000000 ) ) ;
#1563 = B_SPLINE_CURVE_WITH_KNOTS ( 'NONE', 3,
 ( #4700, #256, #2110, #943, #4262, #965, #2846, #1011, #1718, #2416, #623, #2486, #648, #3172, #3905, #2438, #1294, #3511, #3979, #2083, #2825, #572, #916, #3244, #4239, #182, #2133, #4284, #1343, #4678, #3559, #2392, #3950, #4305, #3606, #205, #3149, #3926, #3585, #1762, #2061, #2460, #3881, #2802, #1739 ),
 .UNSPECIFIED., .F., .F.,
 ( 4, 1, 1, 1, 1, 1, 1, 2, 2, 1, 1, 1, 1, 1, 2, 2, 2, 2, 1, 1, 1, 1, 1, 2, 2, 1, 1, 1, 1, 1, 2, 2, 4 ),
 ( 0.000000000000000000, 0.1249999999999838740, 0.1874999999999757416, 0.2187499999999718281, 0.2343749999999696076, 0.2421874999999684697, 0.2460937499999680256, 0.2480468749999679146, 0.2499999999999678035, 0.3124999999999612532, 0.3437499999999579781, 0.3593749999999563682, 0.3671874999999553135, 0.3710937499999552580, 0.3730468749999552580, 0.3749999999999552580, 0.4374999999999646949, 0.4999999999999741318, 0.5624999999999834577, 0.5937499999999880096, 0.6093749999999906741, 0.6171874999999920064, 0.6210937499999923395, 0.6230468749999922284, 0.6249999999999921174, 0.6874999999999983347, 0.7187500000000012212, 0.7343750000000026645, 0.7421875000000036637, 0.7460937500000041078, 0.7480468750000043299, 0.7500000000000044409, 1.000000000000000000 ),
 .UNSPECIFIED. ) ;
#1564 = EDGE_CURVE ( 'NONE', #2402, #3369, #1124, .T. ) ;
#1565 = EDGE_CURVE ( 'NONE', #4008, #3084, #1159, .T. ) ;
#1566 =( NAMED_UNIT ( * ) PLANE_ANGLE_UNIT ( ) SI_UNIT ( $, .RADIAN. ) );
#1567 = DIRECTION ( 'NONE',  ( 0.000000000000000000, 0.000000000000000000, 1.000000000000000000 ) ) ;
#1568 = DIRECTION ( 'NONE',  ( -7.709882115452477180E-16, 0.000000000000000000, 1.000000000000000000 ) ) ;
#1569 = FACE_BOUND ( 'NONE', #4030, .T. ) ;
#1570 = CIRCLE ( 'NONE', #2407, 1.299999999999999156 ) ;
#1571 = CARTESIAN_POINT ( 'NONE',  ( 16.00000000000000355, 2.116666666666666252, -2.800000000000001155 ) ) ;
#1572 = CARTESIAN_POINT ( 'NONE',  ( -20.49999999999981526, 3.000000000000000000, -5.999999999999880984 ) ) ;
#1573 = CARTESIAN_POINT ( 'NONE',  ( -13.59721848986437465, 3.000000000000000888, 6.911881168009498921 ) ) ;
#1574 = ADVANCED_BREP_SHAPE_REPRESENTATION ( '', ( #1779, #2077 ), #4099 ) ;
#1575 = CARTESIAN_POINT ( 'NONE',  ( -16.00000000000000000, 5.000000000000000000, -19.99999999999998934 ) ) ;
#1576 = ORIENTED_EDGE ( 'NONE', *, *, #819, .F. ) ;
#1577 = ORIENTED_EDGE ( 'NONE', *, *, #4506, .F. ) ;
#1578 = ORIENTED_EDGE ( 'NONE', *, *, #3220, .T. ) ;
#1579 = LINE ( 'NONE', #3821, #297 ) ;
#1580 = ORIENTED_EDGE ( 'NONE', *, *, #806, .F. ) ;
#1581 = DIRECTION ( 'NONE',  ( 0.000000000000000000, 0.000000000000000000, -1.000000000000000000 ) ) ;
#1582 = VERTEX_POINT ( 'NONE', #1167 ) ;
#1583 = PRODUCT_DEFINITION_SHAPE ( 'NONE', 'NONE',  #4806 ) ;
#1584 = EDGE_CURVE ( 'NONE', #266, #877, #2269, .T. ) ;
#1585 = DIRECTION ( 'NONE',  ( -0.000000000000000000, -1.000000000000000000, -0.000000000000000000 ) ) ;
#1586 = FACE_BOUND ( 'NONE', #4637, .T. ) ;
#1587 = VECTOR ( 'NONE', #3099, 1000.000000000000000 ) ;
#1588 = CARTESIAN_POINT ( 'NONE',  ( -6.500000000000011546, 1.199999999999999956, 18.50000000000000355 ) ) ;
#1589 = FACE_OUTER_BOUND ( 'NONE', #653, .T. ) ;
#1590 = CARTESIAN_POINT ( 'NONE',  ( 20.50000000000018474, 3.000000000000000000, 4.700000000000120082 ) ) ;
#1591 = PLANE ( 'NONE',  #3747 ) ;
#1592 = CARTESIAN_POINT ( 'NONE',  ( -5.828427124746195176, 1.199999999999999734, 18.50000000000000355 ) ) ;
#1593 = EDGE_CURVE ( 'NONE', #1552, #10, #2243, .T. ) ;
#1594 = LINE ( 'NONE', #1940, #4196 ) ;
#1595 = EDGE_CURVE ( 'NONE', #2501, #2930, #1904, .T. ) ;
#1596 = DIRECTION ( 'NONE',  ( -0.000000000000000000, 1.000000000000000000, -0.000000000000000000 ) ) ;
#1597 = CARTESIAN_POINT ( 'NONE',  ( -15.71111003973971521, 3.000000000000000444, 5.518744414490099892 ) ) ;
#1598 = CARTESIAN_POINT ( 'NONE',  ( -16.00000000000000000, 2.000000000000000000, -21.69999999999998863 ) ) ;
#1599 = ORIENTED_EDGE ( 'NONE', *, *, #4623, .T. ) ;
#1600 = ORIENTED_EDGE ( 'NONE', *, *, #3845, .F. ) ;
#1601 = VERTEX_POINT ( 'NONE', #1881 ) ;
#1602 = CARTESIAN_POINT ( 'NONE',  ( -15.92272828079164348, 3.000000000000000000, -4.508006564738315625 ) ) ;
#1603 = VERTEX_POINT ( 'NONE', #3383 ) ;
#1604 = CARTESIAN_POINT ( 'NONE',  ( -5.999999999999949374, -0.000000000000000000, -2.058249404246464263E-14 ) ) ;
#1605 = EDGE_LOOP ( 'NONE', ( #2842, #4636, #3866, #2173, #4683, #4006, #1093, #2550 ) ) ;
#1606 = CARTESIAN_POINT ( 'NONE',  ( 32.49999999999999289, 5.000000000000000000, -23.99999999999999289 ) ) ;
#1607 = CARTESIAN_POINT ( 'NONE',  ( 11.80000000000000071, 1.189166666666667371, -7.000000000000001776 ) ) ;
#1608 = LINE ( 'NONE', #3093, #4572 ) ;
#1609 =( NAMED_UNIT ( * ) PLANE_ANGLE_UNIT ( ) SI_UNIT ( $, .RADIAN. ) );
#1610 = DIRECTION ( 'NONE',  ( 0.000000000000000000, -0.000000000000000000, -1.000000000000000000 ) ) ;
#1611 = DIRECTION ( 'NONE',  ( 1.000000000000000000, 0.000000000000000000, 0.000000000000000000 ) ) ;
#1612 = CARTESIAN_POINT ( 'NONE',  ( -23.50000000000000000, 1.650000000000000799, -17.99999999999999645 ) ) ;
#1613 = ADVANCED_FACE ( 'NONE', ( #3 ), #49, .F. ) ;
#1614 = AXIS2_PLACEMENT_3D ( 'NONE', #525, #3468, #1648 ) ;
#1615 = CARTESIAN_POINT ( 'NONE',  ( -32.49999999999999289, 0.000000000000000000, 24.00000000000000711 ) ) ;
#1616 = CIRCLE ( 'NONE', #4490, 2.499999999999992006 ) ;
#1617 = FACE_OUTER_BOUND ( 'NONE', #1651, .T. ) ;
#1618 = CARTESIAN_POINT ( 'NONE',  ( -14.02670424791572934, 2.999999999999999556, 6.846871352074119343 ) ) ;
#1619 = EDGE_CURVE ( 'NONE', #1404, #2451, #3789, .T. ) ;
#1620 = COLOUR_RGB ( '',0.7921568627450980005, 0.8196078431372548767, 0.9333333333333333481 ) ;
#1621 = AXIS2_PLACEMENT_3D ( 'NONE', #1842, #3707, #3999 ) ;
#1622 = EDGE_CURVE ( 'NONE', #2994, #1603, #4469, .T. ) ;
#1623 = VECTOR ( 'NONE', #2148, 1000.000000000000000 ) ;
#1624 = DIRECTION ( 'NONE',  ( 3.854941057726238097E-16, 0.000000000000000000, -1.000000000000000000 ) ) ;
#1625 = ORIENTED_EDGE ( 'NONE', *, *, #1564, .F. ) ;
#1626 = VERTEX_POINT ( 'NONE', #70 ) ;
#1627 = ORIENTED_EDGE ( 'NONE', *, *, #3382, .T. ) ;
#1628 = VECTOR ( 'NONE', #980, 1000.000000000000000 ) ;
#1629 = LINE ( 'NONE', #3472, #3140 ) ;
#1630 = ORIENTED_EDGE ( 'NONE', *, *, #1658, .T. ) ;
#1631 = AXIS2_PLACEMENT_3D ( 'NONE', #3810, #521, #3834 ) ;
#1632 = CARTESIAN_POINT ( 'NONE',  ( -15.00000000000001421, 10.30000000000000071, 15.50000000000000000 ) ) ;
#1633 = ORIENTED_EDGE ( 'NONE', *, *, #1505, .T. ) ;
#1634 = FACE_BOUND ( 'NONE', #3984, .T. ) ;
#1635 = CIRCLE ( 'NONE', #2872, 2.999999999999999112 ) ;
#1636 = ADVANCED_FACE ( 'NONE', ( #117 ), #3032, .F. ) ;
#1637 = CARTESIAN_POINT ( 'NONE',  ( 0.000000000000000000, 11.50000000000000000, 0.000000000000000000 ) ) ;
#1638 = CARTESIAN_POINT ( 'NONE',  ( 16.00000000000000000, 2.000000000000000000, -19.99999999999998934 ) ) ;
#1639 = EDGE_LOOP ( 'NONE', ( #6, #2298 ) ) ;
#1640 = LINE ( 'NONE', #477, #1962 ) ;
#1641 = DIRECTION ( 'NONE',  ( -0.000000000000000000, 1.000000000000000000, -0.000000000000000000 ) ) ;
#1642 = VECTOR ( 'NONE', #896, 1000.000000000000000 ) ;
#1643 = FACE_OUTER_BOUND ( 'NONE', #1168, .T. ) ;
#1644 = VECTOR ( 'NONE', #543, 1000.000000000000000 ) ;
#1645 = DIRECTION ( 'NONE',  ( 0.000000000000000000, 0.000000000000000000, 1.000000000000000000 ) ) ;
#1646 = CARTESIAN_POINT ( 'NONE',  ( -12.17096039202727198, 3.000000000000000888, 6.999999999999999112 ) ) ;
#1647 = EDGE_CURVE ( 'NONE', #1304, #298, #2775, .T. ) ;
#1648 = DIRECTION ( 'NONE',  ( 0.000000000000000000, 0.000000000000000000, 1.000000000000000000 ) ) ;
#1649 = EDGE_LOOP ( 'NONE', ( #342, #642, #4525, #2140 ) ) ;
#1650 = ORIENTED_EDGE ( 'NONE', *, *, #2016, .F. ) ;
#1651 = EDGE_LOOP ( 'NONE', ( #2960, #1905, #4183, #4520, #3036, #1420 ) ) ;
#1652 = EDGE_CURVE ( 'NONE', #936, #3910, #4589, .T. ) ;
#1653 = EDGE_CURVE ( 'NONE', #1974, #2501, #2933, .T. ) ;
#1654 = CARTESIAN_POINT ( 'NONE',  ( -15.99999999999999289, 3.000000000000000444, -3.170960392027268426 ) ) ;
#1655 = VERTEX_POINT ( 'NONE', #505 ) ;
#1656 = DIRECTION ( 'NONE',  ( 0.000000000000000000, 0.000000000000000000, -1.000000000000000000 ) ) ;
#1657 = ORIENTED_EDGE ( 'NONE', *, *, #670, .T. ) ;
#1658 = EDGE_CURVE ( 'NONE', #1956, #880, #851, .T. ) ;
#1659 = CARTESIAN_POINT ( 'NONE',  ( 16.00000000000000000, 3.132499999999999840, -2.800000000000001155 ) ) ;
#1660 = LINE ( 'NONE', #3439, #1866 ) ;
#1661 = CYLINDRICAL_SURFACE ( 'NONE', #3968, 1.249999999999999334 ) ;
#1662 = ORIENTED_EDGE ( 'NONE', *, *, #1498, .F. ) ;
#1663 = LINE ( 'NONE', #4628, #4669 ) ;
#1664 = CARTESIAN_POINT ( 'NONE',  ( -6.000000000000008882, 10.30000000000000071, 17.49999999999998579 ) ) ;
#1665 = VECTOR ( 'NONE', #1062, 1000.000000000000000 ) ;
#1666 = CARTESIAN_POINT ( 'NONE',  ( -15.00000000000001421, 10.30000000000000071, 15.50000000000000000 ) ) ;
#1667 = VECTOR ( 'NONE', #388, 1000.000000000000000 ) ;
#1668 = CARTESIAN_POINT ( 'NONE',  ( 13.40041837202124420, 3.000000000000000000, -6.934620744020842054 ) ) ;
#1669 = CARTESIAN_POINT ( 'NONE',  ( 16.00000000000000000, 0.000000000000000000, 20.00000000000000711 ) ) ;
#1670 = CARTESIAN_POINT ( 'NONE',  ( 14.55317429411861596, 3.000000000000000444, 6.698901161997372178 ) ) ;
#1671 = DIRECTION ( 'NONE',  ( -0.000000000000000000, 1.000000000000000000, -0.000000000000000000 ) ) ;
#1672 = ORIENTED_EDGE ( 'NONE', *, *, #2602, .F. ) ;
#1673 = ORIENTED_EDGE ( 'NONE', *, *, #2508, .T. ) ;
#1674 = VERTEX_POINT ( 'NONE', #919 ) ;
#1675 = VECTOR ( 'NONE', #4473, 1000.000000000000000 ) ;
#1676 = CARTESIAN_POINT ( 'NONE',  ( 16.00000000000000000, 5.000000000000000000, 20.00000000000000711 ) ) ;
#1677 = ORIENTED_EDGE ( 'NONE', *, *, #2047, .F. ) ;
#1678 = CARTESIAN_POINT ( 'NONE',  ( 9.999999999999985789, 4.000000000000000000, 9.999999999999998224 ) ) ;
#1679 = ORIENTED_EDGE ( 'NONE', *, *, #4506, .T. ) ;
#1680 = DIRECTION ( 'NONE',  ( -0.000000000000000000, 1.000000000000000000, -0.000000000000000000 ) ) ;
#1681 = EDGE_CURVE ( 'NONE', #1655, #2399, #898, .T. ) ;
#1682 = SHAPE_REPRESENTATION ( 'W1-LC-ASM-00_Module_C_RevB', ( #1148, #4242, #3238, #4313, #1763 ), #2765 ) ;
#1683 = CARTESIAN_POINT ( 'NONE',  ( -11.79999999999999538, 3.000000000000000000, -7.000000000000001776 ) ) ;
#1684 = EDGE_CURVE ( 'NONE', #2921, #2364, #1972, .T. ) ;
#1685 = CARTESIAN_POINT ( 'NONE',  ( 9.999999999999987566, 11.50000000000000000, -10.00000000000000178 ) ) ;
#1686 = VERTEX_POINT ( 'NONE', #1598 ) ;
#1687 = LINE ( 'NONE', #3265, #2574 ) ;
#1688 = CARTESIAN_POINT ( 'NONE',  ( -15.00000000000001066, 10.30000000000000071, -6.500000000000002665 ) ) ;
#1689 = CARTESIAN_POINT ( 'NONE',  ( 2.999999999999991118, 0.000000000000000000, -20.49999999999999645 ) ) ;
#1690 = PLANE ( 'NONE',  #146 ) ;
#1691 = CARTESIAN_POINT ( 'NONE',  ( -23.50000000000000000, 1.650000000000001243, 16.97500000000001208 ) ) ;
#1692 = CARTESIAN_POINT ( 'NONE',  ( 13.63768682362332996, 3.000000000000000000, 6.906650704120910866 ) ) ;
#1693 = VECTOR ( 'NONE', #2220, 1000.000000000000000 ) ;
#1694 = AXIS2_PLACEMENT_3D ( 'NONE', #1134, #3266, #39 ) ;
#1695 = CARTESIAN_POINT ( 'NONE',  ( 16.00000000000000000, 5.000000000000000000, -19.99999999999998934 ) ) ;
#1696 = ORIENTED_EDGE ( 'NONE', *, *, #346, .T. ) ;
#1697 = AXIS2_PLACEMENT_3D ( 'NONE', #3153, #2442, #2880 ) ;
#1698 = VERTEX_POINT ( 'NONE', #1253 ) ;
#1699 = EDGE_LOOP ( 'NONE', ( #371, #1283, #3033, #4119 ) ) ;
#1700 = CIRCLE ( 'NONE', #1382, 2.999999999999999112 ) ;
#1701 = EDGE_CURVE ( 'NONE', #4398, #2226, #4613, .T. ) ;
#1702 = CARTESIAN_POINT ( 'NONE',  ( -15.72315904628340810, 2.999999999999998668, -5.483496195558138275 ) ) ;
#1703 = ORIENTED_EDGE ( 'NONE', *, *, #4385, .T. ) ;
#1704 = CARTESIAN_POINT ( 'NONE',  ( 13.59721034088391889, 0.3500000000000001443, 6.911881168009501586 ) ) ;
#1705 = VECTOR ( 'NONE', #2794, 1000.000000000000000 ) ;
#1706 = ORIENTED_EDGE ( 'NONE', *, *, #3023, .T. ) ;
#1707 = VECTOR ( 'NONE', #3900, 1000.000000000000000 ) ;
#1708 = PLANE ( 'NONE',  #3724 ) ;
#1709 = CARTESIAN_POINT ( 'NONE',  ( 16.00000000000000000, 5.000000000000000000, 21.70000000000000639 ) ) ;
#1710 = ORIENTED_EDGE ( 'NONE', *, *, #2452, .T. ) ;
#1711 = CIRCLE ( 'NONE', #2104, 2.999999999999999112 ) ;
#1712 = CARTESIAN_POINT ( 'NONE',  ( -14.27385054680972587, 0.3500000000000000333, -6.786688076405743786 ) ) ;
#1713 = CARTESIAN_POINT ( 'NONE',  ( -23.50000000000000000, 1.650000000000001243, 18.00000000000001066 ) ) ;
#1714 = ADVANCED_FACE ( 'NONE', ( #3858 ), #3055, .F. ) ;
#1715 = CIRCLE ( 'NONE', #940, 2.499999999999998668 ) ;
#1716 = EDGE_CURVE ( 'NONE', #2814, #2467, #4563, .T. ) ;
#1717 = CARTESIAN_POINT ( 'NONE',  ( 11.80000000000000249, 0.2175000000000001377, 6.999999999999998224 ) ) ;
#1718 = CARTESIAN_POINT ( 'NONE',  ( 15.91188116800949715, 0.3499999999999999778, -4.597210340884004154 ) ) ;
#1719 = LINE ( 'NONE', #3201, #4513 ) ;
#1720 = CARTESIAN_POINT ( 'NONE',  ( -16.00000000000001421, 10.30000000000000071, -17.99999999999999645 ) ) ;
#1721 = AXIS2_PLACEMENT_3D ( 'NONE', #2779, #2418, #3906 ) ;
#1722 = CARTESIAN_POINT ( 'NONE',  ( 16.00000000000000000, 5.000000000000000000, -19.99999999999998934 ) ) ;
#1723 = ORIENTED_EDGE ( 'NONE', *, *, #4440, .F. ) ;
#1724 = CIRCLE ( 'NONE', #4439, 2.499999999999998668 ) ;
#1725 = ORIENTED_EDGE ( 'NONE', *, *, #1684, .T. ) ;
#1726 = FACE_BOUND ( 'NONE', #2832, .T. ) ;
#1727 = ORIENTED_EDGE ( 'NONE', *, *, #3744, .F. ) ;
#1728 = CARTESIAN_POINT ( 'NONE',  ( 0.000000000000000000, 10.30000000000000071, 0.000000000000000000 ) ) ;
#1729 = ORIENTED_EDGE ( 'NONE', *, *, #2629, .T. ) ;
#1730 = CARTESIAN_POINT ( 'NONE',  ( 15.17519175173505808, 0.3500000000000000333, 6.355864957382389768 ) ) ;
#1731 = EDGE_LOOP ( 'NONE', ( #993, #1072, #173, #2958 ) ) ;
#1732 = DIRECTION ( 'NONE',  ( 0.000000000000000000, 0.000000000000000000, 1.000000000000000000 ) ) ;
#1733 = CIRCLE ( 'NONE', #2166, 2.999999999999997335 ) ;
#1734 = DIRECTION ( 'NONE',  ( 0.000000000000000000, 0.000000000000000000, 1.000000000000000000 ) ) ;
#1735 = ORIENTED_EDGE ( 'NONE', *, *, #3253, .F. ) ;
#1736 = CARTESIAN_POINT ( 'NONE',  ( -15.90163630509876214, 0.3500000000000000333, -4.675047810997478237 ) ) ;
#1737 = DIRECTION ( 'NONE',  ( -0.000000000000000000, -1.000000000000000000, -0.000000000000000000 ) ) ;
#1738 = DIRECTION ( 'NONE',  ( 0.000000000000000000, -1.000000000000000000, 0.000000000000000000 ) ) ;
#1739 = CARTESIAN_POINT ( 'NONE',  ( 11.80000000000000071, 0.3500000000000000333, -7.000000000000001776 ) ) ;
#1740 = CARTESIAN_POINT ( 'NONE',  ( -11.79999999999999538, 0.2175000000000001377, -7.000000000000001776 ) ) ;
#1741 = CARTESIAN_POINT ( 'NONE',  ( 15.72702114277545249, 3.000000000000000000, 5.471950538388545837 ) ) ;
#1742 = ADVANCED_FACE ( 'NONE', ( #2735 ), #4156, .F. ) ;
#1743 = VECTOR ( 'NONE', #3443, 1000.000000000000000 ) ;
#1744 = SURFACE_STYLE_USAGE ( .BOTH. , #4634 ) ;
#1745 = ORIENTED_EDGE ( 'NONE', *, *, #4476, .T. ) ;
#1746 = EDGE_CURVE ( 'NONE', #3749, #3469, #1995, .T. ) ;
#1747 = ORIENTED_EDGE ( 'NONE', *, *, #2262, .T. ) ;
#1748 = CARTESIAN_POINT ( 'NONE',  ( 17.49999999999998934, 0.000000000000000000, -7.024999999999992362 ) ) ;
#1749 = CARTESIAN_POINT ( 'NONE',  ( -15.91071346838646505, 0.3499999999999999778, 4.606398575840540133 ) ) ;
#1750 = CARTESIAN_POINT ( 'NONE',  ( -14.36213839130625658, 3.000000000000000000, -6.763884793768276893 ) ) ;
#1751 = EDGE_LOOP ( 'NONE', ( #2766, #2540 ) ) ;
#1752 = CARTESIAN_POINT ( 'NONE',  ( 15.90874798821722003, 0.3499999999999999778, 4.621614301054582263 ) ) ;
#1753 = ORIENTED_EDGE ( 'NONE', *, *, #3317, .F. ) ;
#1754 = PRODUCT_DEFINITION_CONTEXT ( 'detailed design', #2459, 'design' ) ;
#1755 = DIRECTION ( 'NONE',  ( -7.228014483236695816E-17, -0.000000000000000000, -1.000000000000000000 ) ) ;
#1756 = DIRECTION ( 'NONE',  ( 0.000000000000000000, 0.000000000000000000, 1.000000000000000000 ) ) ;
#1757 = ORIENTED_EDGE ( 'NONE', *, *, #1208, .T. ) ;
#1758 = LINE ( 'NONE', #1055, #2039 ) ;
#1759 = DIRECTION ( 'NONE',  ( -0.000000000000000000, 1.000000000000000000, -0.000000000000000000 ) ) ;
#1760 = FACE_OUTER_BOUND ( 'NONE', #3776, .T. ) ;
#1761 = ADVANCED_FACE ( 'NONE', ( #3815 ), #2310, .F. ) ;
#1762 = CARTESIAN_POINT ( 'NONE',  ( 13.62161430105508941, 0.3500000000000001998, -6.908747988217066371 ) ) ;
#1763 = AXIS2_PLACEMENT_3D ( 'NONE', #1098, #2597, #2572 ) ;
#1764 = CARTESIAN_POINT ( 'NONE',  ( -15.99999999999999645, 2.160833333333332273, -2.800000000000001155 ) ) ;
#1765 = CARTESIAN_POINT ( 'NONE',  ( 15.84687135207412112, 3.000000000000000000, 5.026704247915738222 ) ) ;
#1766 = DIRECTION ( 'NONE',  ( 0.000000000000000000, 0.000000000000000000, 1.000000000000000000 ) ) ;
#1767 = EDGE_LOOP ( 'NONE', ( #4600, #1633, #718, #4269 ) ) ;
#1768 = EDGE_CURVE ( 'NONE', #1194, #4592, #2251, .T. ) ;
#1769 = ORIENTED_EDGE ( 'NONE', *, *, #2153, .F. ) ;
#1770 = CARTESIAN_POINT ( 'NONE',  ( -23.50000000000000000, 8.000000000000001776, -7.024999999999982592 ) ) ;
#1771 = VERTEX_POINT ( 'NONE', #2335 ) ;
#1772 = ADVANCED_FACE ( 'NONE', ( #484 ), #1947, .F. ) ;
#1773 = CARTESIAN_POINT ( 'NONE',  ( -13.67497681043828273, 3.000000000000000000, -6.901650394113115539 ) ) ;
#1774 = ORIENTED_EDGE ( 'NONE', *, *, #4132, .F. ) ;
#1775 = EDGE_CURVE ( 'NONE', #10, #2399, #3170, .T. ) ;
#1776 = CARTESIAN_POINT ( 'NONE',  ( 15.91014184271480048, 0.3500000000000000888, 4.610849702258692062 ) ) ;
#1777 = AXIS2_PLACEMENT_3D ( 'NONE', #4432, #2586, #3732 ) ;
#1778 = EDGE_LOOP ( 'NONE', ( #487, #2722 ) ) ;
#1779 = MANIFOLD_SOLID_BREP ( 'Cut-Extrude4', #2747 ) ;
#1780 = CARTESIAN_POINT ( 'NONE',  ( 16.00000000000000000, 5.000000000000000000, -23.24999999999998934 ) ) ;
#1781 = ORIENTED_EDGE ( 'NONE', *, *, #77, .F. ) ;
#1782 = AXIS2_PLACEMENT_3D ( 'NONE', #1588, #2053, #2005 ) ;
#1783 = DIRECTION ( 'NONE',  ( -0.000000000000000000, 1.000000000000000000, -0.000000000000000000 ) ) ;
#1784 = EDGE_LOOP ( 'NONE', ( #122, #4113 ) ) ;
#1785 = CARTESIAN_POINT ( 'NONE',  ( -13.59721034088433100, 0.3500000000000000888, -6.911881168009502474 ) ) ;
#1786 = FACE_OUTER_BOUND ( 'NONE', #1298, .T. ) ;
#1787 = VECTOR ( 'NONE', #3730, 1000.000000000000000 ) ;
#1788 = CYLINDRICAL_SURFACE ( 'NONE', #2715, 1.024999999999989475 ) ;
#1789 = CARTESIAN_POINT ( 'NONE',  ( 13.60453280857647407, 2.999999999999999556, -6.910951153951552683 ) ) ;
#1790 = CARTESIAN_POINT ( 'NONE',  ( -23.50000000000000000, 1.650000000000001243, 6.000000000000008882 ) ) ;
#1791 = CARTESIAN_POINT ( 'NONE',  ( 6.499999999999988454, 1.199999999999999956, 14.50000000000000178 ) ) ;
#1792 = VECTOR ( 'NONE', #2129, 1000.000000000000000 ) ;
#1793 = CARTESIAN_POINT ( 'NONE',  ( -15.99999999999999822, 1.189166666666666927, 6.999999999999998224 ) ) ;
#1794 = VERTEX_POINT ( 'NONE', #4660 ) ;
#1795 = EDGE_CURVE ( 'NONE', #2945, #3177, #4288, .T. ) ;
#1796 = CIRCLE ( 'NONE', #1022, 3.249999999999999556 ) ;
#1797 = VERTEX_POINT ( 'NONE', #1015 ) ;
#1798 = CARTESIAN_POINT ( 'NONE',  ( 17.49999999999998934, -1.429775138004531790E-15, 5.999999999999997335 ) ) ;
#1799 = CARTESIAN_POINT ( 'NONE',  ( -15.72057707795679704, 0.3499999999999999778, 5.491157179913569664 ) ) ;
#1800 = AXIS2_PLACEMENT_3D ( 'NONE', #1790, #2439, #4024 ) ;
#1801 = CARTESIAN_POINT ( 'NONE',  ( -23.50000000000000000, 8.000000000000000000, -19.02499999999999147 ) ) ;
#1802 = VERTEX_POINT ( 'NONE', #186 ) ;
#1803 = CARTESIAN_POINT ( 'NONE',  ( 16.00000000000000355, 0.3500000000000000333, 2.799999999999997602 ) ) ;
#1804 = ADVANCED_FACE ( 'NONE', ( #209 ), #3538, .F. ) ;
#1805 = EDGE_LOOP ( 'NONE', ( #2525, #4695, #104, #1906 ) ) ;
#1806 = VECTOR ( 'NONE', #3653, 1000.000000000000000 ) ;
#1807 = EDGE_CURVE ( 'NONE', #4081, #2967, #1079, .T. ) ;
#1808 = DIRECTION ( 'NONE',  ( 0.000000000000000000, 0.000000000000000000, -1.000000000000000000 ) ) ;
#1809 = ORIENTED_EDGE ( 'NONE', *, *, #83, .T. ) ;
#1810 = EDGE_CURVE ( 'NONE', #3311, #555, #4111, .T. ) ;
#1811 = EDGE_LOOP ( 'NONE', ( #1452, #247, #1979, #4548 ) ) ;
#1812 = CARTESIAN_POINT ( 'NONE',  ( -16.00000000000000000, 2.000000000000000000, 20.00000000000000355 ) ) ;
#1813 = ORIENTED_EDGE ( 'NONE', *, *, #1034, .T. ) ;
#1814 = DIRECTION ( 'NONE',  ( -0.000000000000000000, -1.000000000000000000, -0.000000000000000000 ) ) ;
#1815 = DIRECTION ( 'NONE',  ( -0.000000000000000000, 1.000000000000000000, -0.000000000000000000 ) ) ;
#1816 = PLANE ( 'NONE',  #7 ) ;
#1817 = CARTESIAN_POINT ( 'NONE',  ( -20.49999999999981526, 3.000000000000000000, -5.999999999999880984 ) ) ;
#1818 = CARTESIAN_POINT ( 'NONE',  ( 2.999999999999990230, 10.30000000000000071, -17.50000000000000000 ) ) ;
#1819 = CARTESIAN_POINT ( 'NONE',  ( 17.49999999999998934, 0.000000000000000000, 4.975000000000007638 ) ) ;
#1820 = FACE_OUTER_BOUND ( 'NONE', #3426, .T. ) ;
#1821 = DIRECTION ( 'NONE',  ( 0.000000000000000000, 0.000000000000000000, 1.000000000000000000 ) ) ;
#1822 = VERTEX_POINT ( 'NONE', #260 ) ;
#1823 = ORIENTED_EDGE ( 'NONE', *, *, #3962, .T. ) ;
#1824 = DIRECTION ( 'NONE',  ( -1.000000000000000000, 0.000000000000000000, -0.000000000000000000 ) ) ;
#1825 = CARTESIAN_POINT ( 'NONE',  ( -13.61084970225895852, 0.3499999999999999778, 6.910141842714702776 ) ) ;
#1826 = AXIS2_PLACEMENT_3D ( 'NONE', #2157, #3629, #1203 ) ;
#1827 = EDGE_CURVE ( 'NONE', #786, #2221, #2936, .T. ) ;
#1828 = DIRECTION ( 'NONE',  ( 0.000000000000000000, -1.000000000000000000, 0.000000000000000000 ) ) ;
#1829 = ORIENTED_EDGE ( 'NONE', *, *, #3962, .F. ) ;
#1830 = CARTESIAN_POINT ( 'NONE',  ( -23.50000000000000000, 8.000000000000000000, 16.97500000000001563 ) ) ;
#1831 = ORIENTED_EDGE ( 'NONE', *, *, #4447, .T. ) ;
#1832 = DIRECTION ( 'NONE',  ( -3.854941057726239083E-16, 0.000000000000000000, 1.000000000000000000 ) ) ;
#1833 = ORIENTED_EDGE ( 'NONE', *, *, #4207, .T. ) ;
#1834 = ORIENTED_EDGE ( 'NONE', *, *, #4380, .F. ) ;
#1835 = EDGE_CURVE ( 'NONE', #936, #507, #1462, .T. ) ;
#1836 = DIRECTION ( 'NONE',  ( -0.000000000000000000, -1.000000000000000000, -0.000000000000000000 ) ) ;
#1837 = ORIENTED_EDGE ( 'NONE', *, *, #1285, .T. ) ;
#1838 = PLANE ( 'NONE',  #2579 ) ;
#1839 = DIRECTION ( 'NONE',  ( -0.000000000000000000, 1.000000000000000000, -0.000000000000000000 ) ) ;
#1840 = EDGE_CURVE ( 'NONE', #384, #2947, #3887, .T. ) ;
#1841 = CARTESIAN_POINT ( 'NONE',  ( -11.79999999999999538, 3.000000000000000000, 6.999999999999998224 ) ) ;
#1842 = CARTESIAN_POINT ( 'NONE',  ( 20.50000000000018474, 0.000000000000000000, 6.000000000000119016 ) ) ;
#1843 = CARTESIAN_POINT ( 'NONE',  ( 20.50000000000018474, 3.000000000000000000, 6.000000000000119016 ) ) ;
#1844 = CARTESIAN_POINT ( 'NONE',  ( 11.80000000000000071, 3.000000000000000000, 6.999999999999998224 ) ) ;
#1845 = CARTESIAN_POINT ( 'NONE',  ( -5.999999999999949374, 10.30000000000000071, -17.50000000000001066 ) ) ;
#1846 = ORIENTED_EDGE ( 'NONE', *, *, #3322, .T. ) ;
#1847 = VERTEX_POINT ( 'NONE', #1297 ) ;
#1848 = CYLINDRICAL_SURFACE ( 'NONE', #4740, 3.249999999999999556 ) ;
#1849 = DIRECTION ( 'NONE',  ( -0.000000000000000000, -1.000000000000000000, -0.000000000000000000 ) ) ;
#1850 = DIRECTION ( 'NONE',  ( 0.000000000000000000, 0.000000000000000000, 1.000000000000000000 ) ) ;
#1851 = DIRECTION ( 'NONE',  ( -0.000000000000000000, 1.000000000000000000, -0.000000000000000000 ) ) ;
#1852 = EDGE_LOOP ( 'NONE', ( #4615, #852, #2557, #4708 ) ) ;
#1853 = ORIENTED_EDGE ( 'NONE', *, *, #4210, .T. ) ;
#1854 = EDGE_CURVE ( 'NONE', #862, #1103, #4327, .T. ) ;
#1855 = AXIS2_PLACEMENT_3D ( 'NONE', #392, #4785, #4088 ) ;
#1856 = VECTOR ( 'NONE', #2999, 1000.000000000000000 ) ;
#1857 = CARTESIAN_POINT ( 'NONE',  ( -12.50000000000001954, 10.30000000000000071, -4.818676322157804672E-15 ) ) ;
#1858 = EDGE_LOOP ( 'NONE', ( #2626, #1020, #3130, #2121 ) ) ;
#1859 = EDGE_LOOP ( 'NONE', ( #3891, #778, #4044, #1747 ) ) ;
#1860 = EDGE_CURVE ( 'NONE', #349, #2492, #2782, .T. ) ;
#1861 = DIRECTION ( 'NONE',  ( 0.000000000000000000, 0.000000000000000000, -1.000000000000000000 ) ) ;
#1862 = ORIENTED_EDGE ( 'NONE', *, *, #1593, .F. ) ;
#1863 = LINE ( 'NONE', #1176, #1183 ) ;
#1864 = CARTESIAN_POINT ( 'NONE',  ( 20.50000000000018474, 3.000000000000000000, -4.699999999999882050 ) ) ;
#1865 = CIRCLE ( 'NONE', #4410, 2.499999999999993339 ) ;
#1866 = VECTOR ( 'NONE', #2367, 1000.000000000000000 ) ;
#1867 = DIRECTION ( 'NONE',  ( -0.000000000000000000, -1.000000000000000000, -0.000000000000000000 ) ) ;
#1868 = CYLINDRICAL_SURFACE ( 'NONE', #3251, 2.999999999999997335 ) ;
#1869 = ADVANCED_FACE ( 'NONE', ( #2138 ), #3227, .F. ) ;
#1870 = CIRCLE ( 'NONE', #3568, 8.249999999999985789 ) ;
#1871 = PLANE ( 'NONE',  #2414 ) ;
#1872 = CARTESIAN_POINT ( 'NONE',  ( -10.00000000000001243, 11.50000000000000000, 9.999999999999998224 ) ) ;
#1873 = EDGE_CURVE ( 'NONE', #2994, #3177, #2015, .T. ) ;
#1874 = CARTESIAN_POINT ( 'NONE',  ( -5.999999999999949374, 10.30000000000000071, -2.058249404246464263E-14 ) ) ;
#1875 = ORIENTED_EDGE ( 'NONE', *, *, #125, .T. ) ;
#1876 = VERTEX_POINT ( 'NONE', #4682 ) ;
#1877 = FACE_OUTER_BOUND ( 'NONE', #2737, .T. ) ;
#1878 = FILL_AREA_STYLE_COLOUR ( '', #353 ) ;
#1879 = CIRCLE ( 'NONE', #3184, 2.499999999999998668 ) ;
#1880 = CIRCLE ( 'NONE', #2484, 1.700000000000000178 ) ;
#1881 = CARTESIAN_POINT ( 'NONE',  ( -6.000000000000005329, 10.30000000000000071, 15.49999999999998401 ) ) ;
#1882 = ORIENTED_EDGE ( 'NONE', *, *, #4560, .F. ) ;
#1883 = EDGE_LOOP ( 'NONE', ( #506, #1483, #961, #4353 ) ) ;
#1884 = AXIS2_PLACEMENT_3D ( 'NONE', #3566, #3958, #3249 ) ;
#1885 = CARTESIAN_POINT ( 'NONE',  ( -6.500000000000010658, 1.199999999999999956, 14.50000000000000178 ) ) ;
#1886 = VERTEX_POINT ( 'NONE', #282 ) ;
#1887 = AXIS2_PLACEMENT_3D ( 'NONE', #4130, #4800, #2260 ) ;
#1888 = ORIENTED_EDGE ( 'NONE', *, *, #4646, .F. ) ;
#1889 = CARTESIAN_POINT ( 'NONE',  ( 20.50000000000018474, 3.000000000000000000, -5.999999999999880984 ) ) ;
#1890 = FACE_BOUND ( 'NONE', #638, .T. ) ;
#1891 = DIRECTION ( 'NONE',  ( -0.000000000000000000, 1.000000000000000000, -0.000000000000000000 ) ) ;
#1892 = APPLICATION_CONTEXT ( 'automotive_design' ) ;
#1893 = EDGE_CURVE ( 'NONE', #237, #3122, #1348, .T. ) ;
#1894 = DIRECTION ( 'NONE',  ( -0.000000000000000000, 1.000000000000000000, -0.000000000000000000 ) ) ;
#1895 = CARTESIAN_POINT ( 'NONE',  ( 15.71624832870666388, 3.000000000000000444, -5.503851337969788204 ) ) ;
#1896 = FACE_OUTER_BOUND ( 'NONE', #213, .T. ) ;
#1897 = CARTESIAN_POINT ( 'NONE',  ( -16.00000000000000000, 5.000000000000000000, 20.00000000000000355 ) ) ;
#1898 = DIRECTION ( 'NONE',  ( 0.000000000000000000, -1.000000000000000000, 0.000000000000000000 ) ) ;
#1899 = DIRECTION ( 'NONE',  ( -1.000000000000000000, 0.000000000000000000, 0.000000000000000000 ) ) ;
#1900 = CARTESIAN_POINT ( 'NONE',  ( -13.74864104239777518, 0.3500000000000001443, 6.891236178832627957 ) ) ;
#1901 = EDGE_CURVE ( 'NONE', #2386, #359, #3300, .T. ) ;
#1902 = CARTESIAN_POINT ( 'NONE',  ( 0.000000000000000000, 0.000000000000000000, 0.000000000000000000 ) ) ;
#1903 = EDGE_CURVE ( 'NONE', #3286, #4301, #1499, .T. ) ;
#1904 = LINE ( 'NONE', #3720, #3328 ) ;
#1905 = ORIENTED_EDGE ( 'NONE', *, *, #3132, .T. ) ;
#1906 = ORIENTED_EDGE ( 'NONE', *, *, #974, .F. ) ;
#1907 = AXIS2_PLACEMENT_3D ( 'NONE', #847, #918, #1187 ) ;
#1908 = DIRECTION ( 'NONE',  ( 1.000000000000000000, -0.000000000000000000, 3.429548312006147626E-15 ) ) ;
#1909 = CIRCLE ( 'NONE', #2904, 1.299999999999999156 ) ;
#1910 = DIRECTION ( 'NONE',  ( 0.000000000000000000, 0.000000000000000000, -1.000000000000000000 ) ) ;
#1911 = ORIENTED_EDGE ( 'NONE', *, *, #2687, .F. ) ;
#1912 = CARTESIAN_POINT ( 'NONE',  ( -32.50000000000000000, 5.000000000000000000, -23.99999999999999289 ) ) ;
#1913 = DIRECTION ( 'NONE',  ( 0.000000000000000000, 1.000000000000000000, 0.000000000000000000 ) ) ;
#1914 = CARTESIAN_POINT ( 'NONE',  ( 20.50000000000018474, 3.000000000000000000, 6.000000000000119016 ) ) ;
#1915 = DIRECTION ( 'NONE',  ( 0.000000000000000000, 1.000000000000000000, 0.000000000000000000 ) ) ;
#1916 = DIRECTION ( 'NONE',  ( 1.000000000000000000, 0.000000000000000000, -1.927470528863117076E-16 ) ) ;
#1917 = CYLINDRICAL_SURFACE ( 'NONE', #2349, 1.299999999999999156 ) ;
#1918 = CARTESIAN_POINT ( 'NONE',  ( -6.500000000000011546, 1.199999999999999956, 18.50000000000000355 ) ) ;
#1919 = CARTESIAN_POINT ( 'NONE',  ( 16.00000000000000000, 0.000000000000000000, -19.99999999999998934 ) ) ;
#1920 = DIRECTION ( 'NONE',  ( 3.854941057726238097E-16, 0.000000000000000000, -1.000000000000000000 ) ) ;
#1921 = CARTESIAN_POINT ( 'NONE',  ( 2.999999999999986677, 0.000000000000000000, 15.49999999999999467 ) ) ;
#1922 = SHAPE_DEFINITION_REPRESENTATION ( #3800, #1188 ) ;
#1923 = ADVANCED_FACE ( 'NONE', ( #4441 ), #4169, .F. ) ;
#1924 = CARTESIAN_POINT ( 'NONE',  ( -25.99999999999981526, 3.000000000000000000, -8.999999999999896971 ) ) ;
#1925 = ORIENTED_EDGE ( 'NONE', *, *, #3405, .F. ) ;
#1926 = ORIENTED_EDGE ( 'NONE', *, *, #1716, .T. ) ;
#1927 = ADVANCED_FACE ( 'NONE', ( #4463 ), #334, .F. ) ;
#1928 = VERTEX_POINT ( 'NONE', #3121 ) ;
#1929 = EDGE_CURVE ( 'NONE', #3449, #3564, #2213, .T. ) ;
#1930 = DIRECTION ( 'NONE',  ( -1.000000000000000000, 0.000000000000000000, -0.000000000000000000 ) ) ;
#1931 = DIRECTION ( 'NONE',  ( -3.854941057726237604E-16, 0.000000000000000000, -1.000000000000000000 ) ) ;
#1932 = ORIENTED_EDGE ( 'NONE', *, *, #4207, .F. ) ;
#1933 =( NAMED_UNIT ( * ) SI_UNIT ( $, .STERADIAN. ) SOLID_ANGLE_UNIT ( ) );
#1934 = DIRECTION ( 'NONE',  ( -0.000000000000000000, 1.000000000000000000, -0.000000000000000000 ) ) ;
#1935 = AXIS2_PLACEMENT_3D ( 'NONE', #2688, #1189, #3081 ) ;
#1936 = DIRECTION ( 'NONE',  ( 0.000000000000000000, 0.000000000000000000, 1.000000000000000000 ) ) ;
#1937 = DIRECTION ( 'NONE',  ( 1.000000000000000000, 0.000000000000000000, 0.000000000000000000 ) ) ;
#1938 = DIRECTION ( 'NONE',  ( 0.000000000000000000, 0.000000000000000000, -1.000000000000000000 ) ) ;
#1939 = DIRECTION ( 'NONE',  ( 0.000000000000000000, -1.000000000000000000, 0.000000000000000000 ) ) ;
#1940 = CARTESIAN_POINT ( 'NONE',  ( -23.50000000000000000, 8.000000000000000000, -4.974999999999996980 ) ) ;
#1941 = AXIS2_PLACEMENT_3D ( 'NONE', #1980, #4547, #3844 ) ;
#1942 = CARTESIAN_POINT ( 'NONE',  ( -11.79999999999999538, 0.3500000000000000333, 6.999999999999998224 ) ) ;
#1943 =( NAMED_UNIT ( * ) SI_UNIT ( $, .STERADIAN. ) SOLID_ANGLE_UNIT ( ) );
#1944 = APPLICATION_PROTOCOL_DEFINITION ( 'draft international standard', 'automotive_design', 1998, #571 ) ;
#1945 = AXIS2_PLACEMENT_3D ( 'NONE', #250, #1311, #2149 ) ;
#1946 = EDGE_CURVE ( 'NONE', #2970, #3565, #306, .T. ) ;
#1947 = CYLINDRICAL_SURFACE ( 'NONE', #3556, 1.249999999999999334 ) ;
#1948 = ORIENTED_EDGE ( 'NONE', *, *, #3693, .T. ) ;
#1949 = VECTOR ( 'NONE', #4609, 1000.000000000000000 ) ;
#1950 = ORIENTED_EDGE ( 'NONE', *, *, #828, .F. ) ;
#1951 = ORIENTED_EDGE ( 'NONE', *, *, #4233, .F. ) ;
#1952 = CIRCLE ( 'NONE', #2803, 1.299999999999999156 ) ;
#1953 = FACE_OUTER_BOUND ( 'NONE', #4704, .T. ) ;
#1954 = ORIENTED_EDGE ( 'NONE', *, *, #112, .T. ) ;
#1955 = CARTESIAN_POINT ( 'NONE',  ( 16.00000000000000000, 5.000000000000000000, 23.25000000000000711 ) ) ;
#1956 = VERTEX_POINT ( 'NONE', #776 ) ;
#1957 = DIRECTION ( 'NONE',  ( 1.000000000000000000, 0.000000000000000000, 0.000000000000000000 ) ) ;
#1958 = CIRCLE ( 'NONE', #2725, 2.499999999999992006 ) ;
#1959 = DIRECTION ( 'NONE',  ( 0.000000000000000000, 0.000000000000000000, 1.000000000000000000 ) ) ;
#1960 = EDGE_CURVE ( 'NONE', #981, #3058, #2263, .T. ) ;
#1961 = CARTESIAN_POINT ( 'NONE',  ( -11.79999999999999538, 1.233333333333333171, -7.000000000000001776 ) ) ;
#1962 = VECTOR ( 'NONE', #3507, 1000.000000000000000 ) ;
#1963 = ADVANCED_FACE ( 'NONE', ( #4080 ), #2237, .T. ) ;
#1964 =( NAMED_UNIT ( * ) SI_UNIT ( $, .STERADIAN. ) SOLID_ANGLE_UNIT ( ) );
#1965 = PLANE ( 'NONE',  #2327 ) ;
#1966 = LINE ( 'NONE', #3442, #2882 ) ;
#1967 = LINE ( 'NONE', #4149, #1743 ) ;
#1968 = AXIS2_PLACEMENT_3D ( 'NONE', #2919, #3393, #372 ) ;
#1969 = PLANE ( 'NONE',  #3260 ) ;
#1970 = CARTESIAN_POINT ( 'NONE',  ( 16.00000000000000000, 5.000000000000000000, 16.75000000000000711 ) ) ;
#1971 = CARTESIAN_POINT ( 'NONE',  ( -15.61950086459867926, 3.000000000000000000, 5.750775868827822102 ) ) ;
#1972 = LINE ( 'NONE', #2375, #2546 ) ;
#1973 = UNCERTAINTY_MEASURE_WITH_UNIT (LENGTH_MEASURE( 1.000000000000000082E-05 ), #2644, 'distance_accuracy_value', 'NONE');
#1974 = VERTEX_POINT ( 'NONE', #1845 ) ;
#1975 = ORIENTED_EDGE ( 'NONE', *, *, #4055, .T. ) ;
#1976 = ORIENTED_EDGE ( 'NONE', *, *, #1860, .F. ) ;
#1977 = PRODUCT_DEFINITION ( 'UNKNOWN', '', #913, #294 ) ;
#1978 = FACE_OUTER_BOUND ( 'NONE', #1402, .T. ) ;
#1979 = ORIENTED_EDGE ( 'NONE', *, *, #4314, .F. ) ;
#1980 = CARTESIAN_POINT ( 'NONE',  ( 16.00000000000000000, 2.000000000000000000, 20.00000000000000711 ) ) ;
#1981 = VERTEX_POINT ( 'NONE', #4387 ) ;
#1982 = LINE ( 'NONE', #470, #4271 ) ;
#1983 = DIRECTION ( 'NONE',  ( 6.216092455583564540E-15, 0.000000000000000000, -1.000000000000000000 ) ) ;
#1984 = AXIS2_PLACEMENT_3D ( 'NONE', #1116, #2590, #3709 ) ;
#1985 = CARTESIAN_POINT ( 'NONE',  ( 6.499999999999987566, 1.199999999999999956, 18.50000000000000355 ) ) ;
#1986 = EDGE_CURVE ( 'NONE', #2492, #237, #4503, .T. ) ;
#1987 = CARTESIAN_POINT ( 'NONE',  ( 32.50000000000000711, 5.000000000000000000, 24.00000000000000711 ) ) ;
#1988 = CARTESIAN_POINT ( 'NONE',  ( -13.50795255966344577, 0.3499999999999999778, -6.922728280791660360 ) ) ;
#1989 = FACE_OUTER_BOUND ( 'NONE', #1767, .T. ) ;
#1990 = EDGE_CURVE ( 'NONE', #4788, #2228, #1091, .T. ) ;
#1991 = DIRECTION ( 'NONE',  ( 0.000000000000000000, 0.000000000000000000, 1.000000000000000000 ) ) ;
#1992 = LINE ( 'NONE', #2062, #2879 ) ;
#1993 = CARTESIAN_POINT ( 'NONE',  ( -15.86893746367140601, 3.000000000000000000, 4.891378798993601507 ) ) ;
#1994 = B_SPLINE_CURVE_WITH_KNOTS ( 'NONE', 3,
 ( #2435, #982, #4748, #3216 ),
 .UNSPECIFIED., .F., .F.,
 ( 4, 4 ),
 ( 0.000000000000000000, 1.000000000000000000 ),
 .UNSPECIFIED. ) ;
#1995 = LINE ( 'NONE', #1275, #2623 ) ;
#1996 = ORIENTED_EDGE ( 'NONE', *, *, #4623, .F. ) ;
#1997 = ORIENTED_EDGE ( 'NONE', *, *, #1123, .T. ) ;
#1998 = EDGE_LOOP ( 'NONE', ( #4761, #4546 ) ) ;
#1999 = ADVANCED_FACE ( 'NONE', ( #1039 ), #3742, .F. ) ;
#2000 = LINE ( 'NONE', #3863, #2545 ) ;
#2001 = DIRECTION ( 'NONE',  ( -0.000000000000000000, 1.000000000000000000, -0.000000000000000000 ) ) ;
#2002 =( GEOMETRIC_REPRESENTATION_CONTEXT ( 3 ) GLOBAL_UNCERTAINTY_ASSIGNED_CONTEXT ( ( #590 ) ) GLOBAL_UNIT_ASSIGNED_CONTEXT ( ( #3095, #1566, #1964 ) ) REPRESENTATION_CONTEXT ( 'NONE', 'WORKASPACE' ) );
#2003 = ORIENTED_EDGE ( 'NONE', *, *, #4087, .F. ) ;
#2004 = DIRECTION ( 'NONE',  ( 0.000000000000000000, -1.000000000000000000, 0.000000000000000000 ) ) ;
#2005 = DIRECTION ( 'NONE',  ( -2.168404344971008868E-16, 0.000000000000000000, 1.000000000000000000 ) ) ;
#2006 = ADVANCED_FACE ( 'NONE', ( #1418 ), #45, .F. ) ;
#2007 = ORIENTED_EDGE ( 'NONE', *, *, #4021, .F. ) ;
#2008 = CARTESIAN_POINT ( 'NONE',  ( -16.00000000000001421, 0.000000000000000000, 15.50000000000000000 ) ) ;
#2009 = CARTESIAN_POINT ( 'NONE',  ( -25.99999999999981171, 3.000000000000000000, 9.000000000000119016 ) ) ;
#2010 = AXIS2_PLACEMENT_3D ( 'NONE', #4208, #925, #1213 ) ;
#2011 = CARTESIAN_POINT ( 'NONE',  ( 9.999999999999987566, 11.50000000000000000, 9.999999999999998224 ) ) ;
#2012 = ADVANCED_FACE ( 'NONE', ( #383 ), #3509, .T. ) ;
#2013 = PLANE ( 'NONE',  #3191 ) ;
#2014 = DIRECTION ( 'NONE',  ( -0.000000000000000000, -1.000000000000000000, -0.000000000000000000 ) ) ;
#2015 = CIRCLE ( 'NONE', #4802, 2.499999999999992006 ) ;
#2016 = EDGE_CURVE ( 'NONE', #237, #4474, #3444, .T. ) ;
#2017 = AXIS2_PLACEMENT_3D ( 'NONE', #4191, #2637, #1610 ) ;
#2018 = VECTOR ( 'NONE', #1282, 1000.000000000000000 ) ;
#2019 = DIRECTION ( 'NONE',  ( 3.430415673744137212E-15, 0.000000000000000000, -1.000000000000000000 ) ) ;
#2020 = ORIENTED_EDGE ( 'NONE', *, *, #2963, .F. ) ;
#2021 = ADVANCED_FACE ( 'NONE', ( #4134 ), #805, .F. ) ;
#2022 = VERTEX_POINT ( 'NONE', #2286 ) ;
#2023 = VERTEX_POINT ( 'NONE', #3399 ) ;
#2024 = CIRCLE ( 'NONE', #1548, 1.024999999999991251 ) ;
#2025 = CARTESIAN_POINT ( 'NONE',  ( -15.99999999999999645, 3.000000000000000000, -2.800000000000001155 ) ) ;
#2026 = VERTEX_POINT ( 'NONE', #1224 ) ;
#2027 = AXIS2_PLACEMENT_3D ( 'NONE', #2485, #2845, #1363 ) ;
#2028 = CARTESIAN_POINT ( 'NONE',  ( 9.999999999999987566, 11.50000000000000000, -8.750000000000001776 ) ) ;
#2029 = ORIENTED_EDGE ( 'NONE', *, *, #3638, .T. ) ;
#2030 = DIRECTION ( 'NONE',  ( 1.000000000000000000, 0.000000000000000000, 0.000000000000000000 ) ) ;
#2031 = CARTESIAN_POINT ( 'NONE',  ( -15.99999999999999645, 0.3500000000000000333, 2.799999999999997602 ) ) ;
#2032 = VECTOR ( 'NONE', #1920, 1000.000000000000000 ) ;
#2033 = ORIENTED_EDGE ( 'NONE', *, *, #3152, .T. ) ;
#2034 = FACE_OUTER_BOUND ( 'NONE', #3822, .T. ) ;
#2035 = CARTESIAN_POINT ( 'NONE',  ( 6.000000000000042633, 10.30000000000000071, 2.058249404246496448E-14 ) ) ;
#2036 = PRODUCT_DEFINITION ( 'UNKNOWN', '', #4481, #1754 ) ;
#2037 = CARTESIAN_POINT ( 'NONE',  ( 16.00000000000000355, 3.132499999999999396, 6.999999999999999112 ) ) ;
#2038 = CARTESIAN_POINT ( 'NONE',  ( 13.17392330131919742, 2.999999999999999112, -6.955945160845582897 ) ) ;
#2039 = VECTOR ( 'NONE', #1411, 1000.000000000000000 ) ;
#2040 = CYLINDRICAL_SURFACE ( 'NONE', #3034, 2.499999999999993339 ) ;
#2041 = CARTESIAN_POINT ( 'NONE',  ( -13.60639311452547418, 2.999999999999999112, 6.910714565873089299 ) ) ;
#2042 = CARTESIAN_POINT ( 'NONE',  ( -18.50000000000000355, 10.30000000000000071, 0.000000000000000000 ) ) ;
#2043 = VERTEX_POINT ( 'NONE', #3783 ) ;
#2044 = EDGE_CURVE ( 'NONE', #3632, #3590, #65, .T. ) ;
#2045 = ORIENTED_EDGE ( 'NONE', *, *, #1795, .F. ) ;
#2046 = VERTEX_POINT ( 'NONE', #160 ) ;
#2047 = EDGE_CURVE ( 'NONE', #4301, #1553, #208, .T. ) ;
#2048 = CARTESIAN_POINT ( 'NONE',  ( 28.99999999999998934, 11.50000000000000000, -22.00000000000000000 ) ) ;
#2049 = EDGE_LOOP ( 'NONE', ( #762, #336 ) ) ;
#2050 = DIRECTION ( 'NONE',  ( -0.000000000000000000, -1.000000000000000000, -0.000000000000000000 ) ) ;
#2051 = ORIENTED_EDGE ( 'NONE', *, *, #3879, .T. ) ;
#2052 = CARTESIAN_POINT ( 'NONE',  ( -16.00000000000000000, 2.000000000000000000, -19.99999999999998934 ) ) ;
#2053 = DIRECTION ( 'NONE',  ( -1.000000000000000000, 0.000000000000000000, -2.168404344971008868E-16 ) ) ;
#2054 = DIRECTION ( 'NONE',  ( -0.000000000000000000, 1.000000000000000000, -0.000000000000000000 ) ) ;
#2055 = ORIENTED_EDGE ( 'NONE', *, *, #2315, .T. ) ;
#2056 = FACE_OUTER_BOUND ( 'NONE', #884, .T. ) ;
#2057 = LINE ( 'NONE', #1664, #3992 ) ;
#2058 = AXIS2_PLACEMENT_3D ( 'NONE', #1872, #1163, #1138 ) ;
#2059 = PRODUCT ( 'W1-LC-03_Baseplate_RevA', 'W1-LC-03_Baseplate_RevA', '', ( #2934 ) ) ;
#2060 = CARTESIAN_POINT ( 'NONE',  ( 11.80000000000000249, 3.132499999999999840, 6.999999999999998224 ) ) ;
#2061 = CARTESIAN_POINT ( 'NONE',  ( 13.61084970225894963, 0.3499999999999999223, -6.910141842714719651 ) ) ;
#2062 = CARTESIAN_POINT ( 'NONE',  ( -32.49999999999999289, 0.000000000000000000, 24.00000000000000711 ) ) ;
#2063 = CARTESIAN_POINT ( 'NONE',  ( 15.71968775183103162, 3.000000000000000888, 5.493791923810225519 ) ) ;
#2064 = SURFACE_STYLE_FILL_AREA ( #2422 ) ;
#2065 = ORIENTED_EDGE ( 'NONE', *, *, #77, .T. ) ;
#2066 = ORIENTED_EDGE ( 'NONE', *, *, #912, .F. ) ;
#2067 = DIRECTION ( 'NONE',  ( -0.000000000000000000, -0.000000000000000000, -1.000000000000000000 ) ) ;
#2068 = ORIENTED_EDGE ( 'NONE', *, *, #889, .T. ) ;
#2069 = APPLICATION_CONTEXT ( 'automotive_design' ) ;
#2070 = DIRECTION ( 'NONE',  ( -0.000000000000000000, -1.000000000000000000, -0.000000000000000000 ) ) ;
#2071 = VERTEX_POINT ( 'NONE', #872 ) ;
#2072 = CARTESIAN_POINT ( 'NONE',  ( 14.49115717991363184, 0.3500000000000000333, 6.720577077956796153 ) ) ;
#2073 = EDGE_CURVE ( 'NONE', #811, #2604, #2353, .T. ) ;
#2074 = ORIENTED_EDGE ( 'NONE', *, *, #27, .T. ) ;
#2075 = ADVANCED_FACE ( 'NONE', ( #4557 ), #2642, .F. ) ;
#2076 = LINE ( 'NONE', #4013, #693 ) ;
#2077 = AXIS2_PLACEMENT_3D ( 'NONE', #2385, #3873, #3850 ) ;
#2078 = DIRECTION ( 'NONE',  ( 0.000000000000000000, 1.000000000000000000, 0.000000000000000000 ) ) ;
#2079 = EDGE_LOOP ( 'NONE', ( #3306, #4289, #4338, #1289 ) ) ;
#2080 = CARTESIAN_POINT ( 'NONE',  ( -15.69886842454257980, 0.3500000000000000888, -5.553233541406425999 ) ) ;
#2081 = PLANE ( 'NONE',  #3092 ) ;
#2082 = PLANE ( 'NONE',  #3809 ) ;
#2083 = CARTESIAN_POINT ( 'NONE',  ( 15.71968520843668493, 0.3500000000000000333, -5.493796421977200417 ) ) ;
#2084 = CARTESIAN_POINT ( 'NONE',  ( 16.00000000000000000, 0.000000000000000000, 18.30000000000000782 ) ) ;
#2085 = CARTESIAN_POINT ( 'NONE',  ( 12.53599214933437267, 3.000000000000000000, 6.999999999999999112 ) ) ;
#2086 = AXIS2_PLACEMENT_3D ( 'NONE', #1676, #3935, #3182 ) ;
#2087 = VECTOR ( 'NONE', #2533, 1000.000000000000000 ) ;
#2088 = ORIENTED_EDGE ( 'NONE', *, *, #2125, .F. ) ;
#2089 = AXIS2_PLACEMENT_3D ( 'NONE', #651, #3982, #4728 ) ;
#2090 = ORIENTED_EDGE ( 'NONE', *, *, #3287, .F. ) ;
#2091 = CARTESIAN_POINT ( 'NONE',  ( -16.00000000000000000, 0.3500000000000000333, 3.170828722505736330 ) ) ;
#2092 = CIRCLE ( 'NONE', #1621, 1.299999999999999156 ) ;
#2093 = CARTESIAN_POINT ( 'NONE',  ( -15.75336380418448279, 3.000000000000000888, -5.389272628351397643 ) ) ;
#2094 = EDGE_LOOP ( 'NONE', ( #76, #3860, #4781, #1757 ) ) ;
#2095 = CARTESIAN_POINT ( 'NONE',  ( 14.65897766441539929, 0.3500000000000000888, 6.663302161103273669 ) ) ;
#2096 = AXIS2_PLACEMENT_3D ( 'NONE', #2324, #2699, #2384 ) ;
#2097 = VERTEX_POINT ( 'NONE', #134 ) ;
#2098 = AXIS2_PLACEMENT_3D ( 'NONE', #1912, #764, #4017 ) ;
#2099 = DIRECTION ( 'NONE',  ( 0.000000000000000000, -0.000000000000000000, -1.000000000000000000 ) ) ;
#2100 = UNCERTAINTY_MEASURE_WITH_UNIT (LENGTH_MEASURE( 1.000000000000000082E-05 ), #1174, 'distance_accuracy_value', 'NONE');
#2101 = ADVANCED_FACE ( 'NONE', ( #1643 ), #3050, .F. ) ;
#2102 = DIRECTION ( 'NONE',  ( 0.000000000000000000, 0.000000000000000000, 1.000000000000000000 ) ) ;
#2103 = VERTEX_POINT ( 'NONE', #1615 ) ;
#2104 = AXIS2_PLACEMENT_3D ( 'NONE', #791, #57, #2534 ) ;
#2105 = CARTESIAN_POINT ( 'NONE',  ( -15.61939610474331452, 0.3500000000000000333, -5.750965460148814046 ) ) ;
#2106 = CARTESIAN_POINT ( 'NONE',  ( -29.00000000000001066, 11.50000000000000000, -22.00000000000000000 ) ) ;
#2107 = EDGE_CURVE ( 'NONE', #1130, #4038, #2372, .T. ) ;
#2108 = CIRCLE ( 'NONE', #2793, 3.249999999999999556 ) ;
#2109 = CARTESIAN_POINT ( 'NONE',  ( -12.50000000000001776, 10.30000000000000071, -6.500000000000002665 ) ) ;
#2110 = CARTESIAN_POINT ( 'NONE',  ( 15.98875195596057708, 0.3500000000000000888, -3.675427997181482720 ) ) ;
#2111 = CARTESIAN_POINT ( 'NONE',  ( -11.79999999999999538, 1.189166666666667371, -7.000000000000001776 ) ) ;
#2112 = CARTESIAN_POINT ( 'NONE',  ( -32.50000000000000000, 8.000000000000000000, -23.99999999999999289 ) ) ;
#2113 = VECTOR ( 'NONE', #944, 1000.000000000000000 ) ;
#2114 = CARTESIAN_POINT ( 'NONE',  ( 16.00000000000000000, 2.000000000000000000, 20.00000000000000711 ) ) ;
#2115 = ORIENTED_EDGE ( 'NONE', *, *, #3405, .T. ) ;
#2116 = CIRCLE ( 'NONE', #3976, 2.999999999999999112 ) ;
#2117 = ORIENTED_EDGE ( 'NONE', *, *, #2256, .T. ) ;
#2118 = DIRECTION ( 'NONE',  ( 0.000000000000000000, 0.000000000000000000, -1.000000000000000000 ) ) ;
#2119 = CARTESIAN_POINT ( 'NONE',  ( -15.98875195596057353, 0.3500000000000001443, 3.675427997180802375 ) ) ;
#2120 = CYLINDRICAL_SURFACE ( 'NONE', #2086, 1.700000000000000178 ) ;
#2121 = ORIENTED_EDGE ( 'NONE', *, *, #3196, .T. ) ;
#2122 = CARTESIAN_POINT ( 'NONE',  ( 12.67542799717885771, 0.3500000000000000333, 6.988751955960573525 ) ) ;
#2123 = EDGE_LOOP ( 'NONE', ( #4318, #2465, #4012, #2139, #2518, #1630, #2311, #3518, #923, #2277, #3183, #4246 ) ) ;
#2124 = ADVANCED_FACE ( 'NONE', ( #823 ), #4512, .F. ) ;
#2125 = EDGE_CURVE ( 'NONE', #4523, #2345, #542, .T. ) ;
#2126 = DIRECTION ( 'NONE',  ( 0.000000000000000000, -0.000000000000000000, 1.000000000000000000 ) ) ;
#2127 = CARTESIAN_POINT ( 'NONE',  ( 0.000000000000000000, 5.499999999999999112, 0.000000000000000000 ) ) ;
#2128 = ORIENTED_EDGE ( 'NONE', *, *, #2809, .F. ) ;
#2129 = DIRECTION ( 'NONE',  ( 1.927470528863117076E-16, -0.000000000000000000, -1.000000000000000000 ) ) ;
#2130 = LINE ( 'NONE', #180, #997 ) ;
#2131 = EDGE_CURVE ( 'NONE', #3983, #2871, #1164, .T. ) ;
#2132 = DIRECTION ( 'NONE',  ( 0.000000000000000000, -0.000000000000000000, -1.000000000000000000 ) ) ;
#2133 = CARTESIAN_POINT ( 'NONE',  ( 14.75096546014693821, 0.3500000000000000333, -6.619396104745176146 ) ) ;
#2134 = CIRCLE ( 'NONE', #2672, 1.024999999999991251 ) ;
#2135 = EDGE_CURVE ( 'NONE', #3057, #2812, #84, .T. ) ;
#2136 = CARTESIAN_POINT ( 'NONE',  ( 11.80000000000000071, 3.000000000000000000, -7.000000000000001776 ) ) ;
#2137 = CARTESIAN_POINT ( 'NONE',  ( 15.91647448547285926, 3.000000000000000000, 4.560385825438364904 ) ) ;
#2138 = FACE_OUTER_BOUND ( 'NONE', #686, .T. ) ;
#2139 = ORIENTED_EDGE ( 'NONE', *, *, #4385, .F. ) ;
#2140 = ORIENTED_EDGE ( 'NONE', *, *, #440, .T. ) ;
#2141 = DIRECTION ( 'NONE',  ( -0.000000000000000000, 1.000000000000000000, -0.000000000000000000 ) ) ;
#2142 = DIRECTION ( 'NONE',  ( -0.000000000000000000, 1.000000000000000000, -0.000000000000000000 ) ) ;
#2143 = CARTESIAN_POINT ( 'NONE',  ( -15.45379608085067957, 3.000000000000000000, -6.078486982017731854 ) ) ;
#2144 = ORIENTED_EDGE ( 'NONE', *, *, #1827, .F. ) ;
#2145 = CARTESIAN_POINT ( 'NONE',  ( 15.71109312538833436, 0.3500000000000000333, 5.518775025588683825 ) ) ;
#2146 = ORIENTED_EDGE ( 'NONE', *, *, #1408, .F. ) ;
#2147 = UNCERTAINTY_MEASURE_WITH_UNIT (LENGTH_MEASURE( 1.000000000000000082E-05 ), #3459, 'distance_accuracy_value', 'NONE');
#2148 = DIRECTION ( 'NONE',  ( -0.000000000000000000, 1.000000000000000000, -0.000000000000000000 ) ) ;
#2149 = DIRECTION ( 'NONE',  ( 0.000000000000000000, 0.000000000000000000, 1.000000000000000000 ) ) ;
#2150 = ORIENTED_EDGE ( 'NONE', *, *, #583, .T. ) ;
#2151 = CARTESIAN_POINT ( 'NONE',  ( -15.97050730517948480, 0.3499999999999999778, -4.136268280189169033 ) ) ;
#2152 = PLANE ( 'NONE',  #1083 ) ;
#2153 = EDGE_CURVE ( 'NONE', #508, #3838, #2664, .T. ) ;
#2154 = FACE_OUTER_BOUND ( 'NONE', #1751, .T. ) ;
#2155 = CARTESIAN_POINT ( 'NONE',  ( 15.71965294641611699, 2.999999999999999556, -5.493892083884606592 ) ) ;
#2156 = FACE_BOUND ( 'NONE', #3301, .T. ) ;
#2157 = CARTESIAN_POINT ( 'NONE',  ( -3.000000000000013323, 10.30000000000000071, 15.49999999999999467 ) ) ;
#2158 = EDGE_CURVE ( 'NONE', #4090, #2576, #1594, .T. ) ;
#2159 = CARTESIAN_POINT ( 'NONE',  ( -20.74999999999994316, 11.50000000000000000, -7.116312747412737391E-14 ) ) ;
#2160 = ORIENTED_EDGE ( 'NONE', *, *, #463, .T. ) ;
#2161 = VERTEX_POINT ( 'NONE', #3076 ) ;
#2162 = FACE_OUTER_BOUND ( 'NONE', #31, .T. ) ;
#2163 = ORIENTED_EDGE ( 'NONE', *, *, #4709, .T. ) ;
#2164 = ADVANCED_FACE ( 'NONE', ( #4171 ), #1969, .F. ) ;
#2165 = EDGE_CURVE ( 'NONE', #2071, #1876, #1879, .T. ) ;
#2166 = AXIS2_PLACEMENT_3D ( 'NONE', #3061, #1236, #4247 ) ;
#2167 = DIRECTION ( 'NONE',  ( -0.000000000000000000, -1.000000000000000000, -0.000000000000000000 ) ) ;
#2168 = EDGE_LOOP ( 'NONE', ( #445, #976, #4043, #2146 ) ) ;
#2169 = CARTESIAN_POINT ( 'NONE',  ( 16.00000000000000355, 0.3500000000000000333, 3.536252476368298314 ) ) ;
#2170 = AXIS2_PLACEMENT_3D ( 'NONE', #3242, #3217, #4697 ) ;
#2171 = ORIENTED_EDGE ( 'NONE', *, *, #842, .T. ) ;
#2172 = FACE_OUTER_BOUND ( 'NONE', #3435, .T. ) ;
#2173 = ORIENTED_EDGE ( 'NONE', *, *, #468, .F. ) ;
#2174 = VECTOR ( 'NONE', #888, 1000.000000000000000 ) ;
#2175 = VERTEX_POINT ( 'NONE', #3148 ) ;
#2176 = CARTESIAN_POINT ( 'NONE',  ( -20.49999999999981526, 3.000000000000000000, -4.699999999999882050 ) ) ;
#2177 = ORIENTED_EDGE ( 'NONE', *, *, #2262, .F. ) ;
#2178 = CARTESIAN_POINT ( 'NONE',  ( -14.44467351906591013, 0.3500000000000000888, -6.735948246620371727 ) ) ;
#2179 = CARTESIAN_POINT ( 'NONE',  ( -20.49999999999981526, 3.000000000000000000, -7.299999999999880806 ) ) ;
#2180 = AXIS2_PLACEMENT_3D ( 'NONE', #1812, #2630, #3341 ) ;
#2181 = CARTESIAN_POINT ( 'NONE',  ( -20.75000000008231282, 11.50000000000000000, -22.00000000000000000 ) ) ;
#2182 = AXIS2_PLACEMENT_3D ( 'NONE', #2539, #1898, #3711 ) ;
#2183 = CARTESIAN_POINT ( 'NONE',  ( -16.00000000000001421, 10.30000000000000071, 6.499999999999999112 ) ) ;
#2184 = CARTESIAN_POINT ( 'NONE',  ( -25.99999999999981526, 3.000000000000000000, -8.999999999999896971 ) ) ;
#2185 = CARTESIAN_POINT ( 'NONE',  ( 11.80000000000000071, 0.3500000000000000333, -7.000000000000001776 ) ) ;
#2186 = DIRECTION ( 'NONE',  ( 1.000000000000000000, 0.000000000000000000, 0.000000000000000000 ) ) ;
#2187 = ADVANCED_FACE ( 'NONE', ( #4304 ), #530, .T. ) ;
#2188 = CIRCLE ( 'NONE', #2340, 1.299999999999999156 ) ;
#2189 = DIRECTION ( 'NONE',  ( -0.000000000000000000, -0.000000000000000000, -1.000000000000000000 ) ) ;
#2190 = VERTEX_POINT ( 'NONE', #3584 ) ;
#2191 = VECTOR ( 'NONE', #2678, 1000.000000000000000 ) ;
#2192 = EDGE_LOOP ( 'NONE', ( #4423, #2771, #1710, #2197 ) ) ;
#2193 = DIRECTION ( 'NONE',  ( 0.000000000000000000, -0.000000000000000000, -1.000000000000000000 ) ) ;
#2194 = AXIS2_PLACEMENT_3D ( 'NONE', #2752, #132, #3047 ) ;
#2195 = EDGE_CURVE ( 'NONE', #1552, #1655, #1097, .T. ) ;
#2196 = LINE ( 'NONE', #1801, #3477 ) ;
#2197 = ORIENTED_EDGE ( 'NONE', *, *, #198, .T. ) ;
#2198 = LINE ( 'NONE', #3671, #4188 ) ;
#2199 = ORIENTED_EDGE ( 'NONE', *, *, #4551, .T. ) ;
#2200 = VECTOR ( 'NONE', #2030, 1000.000000000000000 ) ;
#2201 = EDGE_CURVE ( 'NONE', #4713, #2451, #2458, .T. ) ;
#2202 = CARTESIAN_POINT ( 'NONE',  ( 17.49999999999998934, 6.349999999999994316, -4.975000000000014744 ) ) ;
#2203 = ORIENTED_EDGE ( 'NONE', *, *, #3020, .T. ) ;
#2204 = VERTEX_POINT ( 'NONE', #1342 ) ;
#2205 = CARTESIAN_POINT ( 'NONE',  ( 9.999999999999987566, 11.50000000000000000, 11.24999999999999822 ) ) ;
#2206 = VERTEX_POINT ( 'NONE', #181 ) ;
#2207 = FACE_BOUND ( 'NONE', #2889, .T. ) ;
#2208 = CARTESIAN_POINT ( 'NONE',  ( 6.000000000000042633, 10.30000000000000071, 2.058249404246496448E-14 ) ) ;
#2209 = CARTESIAN_POINT ( 'NONE',  ( -25.99999999999981526, 0.000000000000000000, -8.999999999999896971 ) ) ;
#2210 = CARTESIAN_POINT ( 'NONE',  ( 15.99999999999999645, 3.000000000000000000, -3.535992149334373114 ) ) ;
#2211 = LINE ( 'NONE', #2612, #4206 ) ;
#2212 = CARTESIAN_POINT ( 'NONE',  ( -16.00000000000000000, 2.000000000000000000, 16.75000000000000355 ) ) ;
#2213 = LINE ( 'NONE', #1118, #3491 ) ;
#2214 = ORIENTED_EDGE ( 'NONE', *, *, #1893, .T. ) ;
#2215 = ORIENTED_EDGE ( 'NONE', *, *, #1903, .F. ) ;
#2216 = CARTESIAN_POINT ( 'NONE',  ( -6.500000000000011546, 0.000000000000000000, 18.50000000000000355 ) ) ;
#2217 = CARTESIAN_POINT ( 'NONE',  ( -14.48768626043447227, 0.3499999999999999778, 6.721750444170104366 ) ) ;
#2218 = AXIS2_PLACEMENT_3D ( 'NONE', #870, #4194, #4555 ) ;
#2219 = ADVANCED_FACE ( 'NONE', ( #3949 ), #230, .F. ) ;
#2220 = DIRECTION ( 'NONE',  ( 1.000000000000000000, 0.000000000000000000, 0.000000000000000000 ) ) ;
#2221 = VERTEX_POINT ( 'NONE', #595 ) ;
#2222 = ORIENTED_EDGE ( 'NONE', *, *, #4577, .T. ) ;
#2223 = CARTESIAN_POINT ( 'NONE',  ( -10.00000000000001243, 11.50000000000000000, -10.00000000000000178 ) ) ;
#2224 = ORIENTED_EDGE ( 'NONE', *, *, #381, .T. ) ;
#2225 = EDGE_CURVE ( 'NONE', #3364, #2994, #621, .T. ) ;
#2226 = VERTEX_POINT ( 'NONE', #2754 ) ;
#2227 = DIRECTION ( 'NONE',  ( 0.000000000000000000, 0.000000000000000000, 1.000000000000000000 ) ) ;
#2228 = VERTEX_POINT ( 'NONE', #1689 ) ;
#2229 = FACE_OUTER_BOUND ( 'NONE', #2317, .T. ) ;
#2230 = DIRECTION ( 'NONE',  ( 1.000000000000000000, -0.000000000000000000, 3.430415673744137212E-15 ) ) ;
#2231 = ADVANCED_FACE ( 'NONE', ( #255, #570 ), #2082, .F. ) ;
#2232 =( REPRESENTATION_RELATIONSHIP ('NONE','NONE', #1682, #1188 ) REPRESENTATION_RELATIONSHIP_WITH_TRANSFORMATION ( #1504 )SHAPE_REPRESENTATION_RELATIONSHIP( ) );
#2233 = DIRECTION ( 'NONE',  ( 0.000000000000000000, -0.000000000000000000, 1.000000000000000000 ) ) ;
#2234 = LINE ( 'NONE', #19, #3722 ) ;
#2235 = CARTESIAN_POINT ( 'NONE',  ( 11.49999999999999645, 5.000000000000000000, 24.00000000000000711 ) ) ;
#2236 = DIRECTION ( 'NONE',  ( -1.000000000000000000, 0.000000000000000000, -0.000000000000000000 ) ) ;
#2237 = PLANE ( 'NONE',  #4424 ) ;
#2238 = EDGE_LOOP ( 'NONE', ( #2199, #1215, #360, #4142 ) ) ;
#2239 = VERTEX_POINT ( 'NONE', #3534 ) ;
#2240 = CARTESIAN_POINT ( 'NONE',  ( -18.50000000000001421, 10.30000000000000071, 15.50000000000000000 ) ) ;
#2241 = LINE ( 'NONE', #1448, #4540 ) ;
#2242 = DIRECTION ( 'NONE',  ( 1.000000000000000000, 0.000000000000000000, 0.000000000000000000 ) ) ;
#2243 = LINE ( 'NONE', #4037, #375 ) ;
#2244 = ORIENTED_EDGE ( 'NONE', *, *, #4768, .T. ) ;
#2245 = VERTEX_POINT ( 'NONE', #4699 ) ;
#2246 = AXIS2_PLACEMENT_3D ( 'NONE', #4226, #509, #4597 ) ;
#2247 = CARTESIAN_POINT ( 'NONE',  ( -11.50000000000000000, 5.000000000000000000, 22.75000000000000711 ) ) ;
#2248 = ORIENTED_EDGE ( 'NONE', *, *, #4652, .T. ) ;
#2249 = VERTEX_POINT ( 'NONE', #3221 ) ;
#2250 = LINE ( 'NONE', #2176, #1787 ) ;
#2251 = CIRCLE ( 'NONE', #4721, 1.024999999999987699 ) ;
#2252 = DIRECTION ( 'NONE',  ( 0.000000000000000000, 0.000000000000000000, -1.000000000000000000 ) ) ;
#2253 = FACE_OUTER_BOUND ( 'NONE', #602, .T. ) ;
#2254 = AXIS2_PLACEMENT_3D ( 'NONE', #1180, #2729, #87 ) ;
#2255 = AXIS2_PLACEMENT_3D ( 'NONE', #1632, #2050, #535 ) ;
#2256 = EDGE_CURVE ( 'NONE', #251, #2983, #4126, .T. ) ;
#2257 = DIRECTION ( 'NONE',  ( 0.000000000000000000, -1.000000000000000000, 0.000000000000000000 ) ) ;
#2258 = LINE ( 'NONE', #355, #4114 ) ;
#2259 = CIRCLE ( 'NONE', #5, 2.999999999999995559 ) ;
#2260 = DIRECTION ( 'NONE',  ( 0.000000000000000000, 0.000000000000000000, 1.000000000000000000 ) ) ;
#2261 = LINE ( 'NONE', #1417, #3296 ) ;
#2262 = EDGE_CURVE ( 'NONE', #492, #3983, #1147, .T. ) ;
#2263 = LINE ( 'NONE', #2591, #785 ) ;
#2264 = FACE_OUTER_BOUND ( 'NONE', #2411, .T. ) ;
#2265 = CYLINDRICAL_SURFACE ( 'NONE', #3528, 2.499999999999993339 ) ;
#2266 = CIRCLE ( 'NONE', #396, 1.249999999999997558 ) ;
#2267 = APPLICATION_PROTOCOL_DEFINITION ( 'draft international standard', 'automotive_design', 1998, #1892 ) ;
#2268 = VECTOR ( 'NONE', #1867, 1000.000000000000000 ) ;
#2269 = LINE ( 'NONE', #3694, #1693 ) ;
#2270 = ORIENTED_EDGE ( 'NONE', *, *, #1701, .F. ) ;
#2271 = ORIENTED_EDGE ( 'NONE', *, *, #1854, .T. ) ;
#2272 = CIRCLE ( 'NONE', #4511, 1.024999999999991251 ) ;
#2273 = LINE ( 'NONE', #1510, #4386 ) ;
#2274 = ORIENTED_EDGE ( 'NONE', *, *, #2490, .T. ) ;
#2275 = DIRECTION ( 'NONE',  ( -0.000000000000000000, 1.000000000000000000, -0.000000000000000000 ) ) ;
#2276 = VECTOR ( 'NONE', #3628, 1000.000000000000000 ) ;
#2277 = ORIENTED_EDGE ( 'NONE', *, *, #3109, .F. ) ;
#2278 = DIRECTION ( 'NONE',  ( -3.429548312006147626E-15, 0.000000000000000000, 1.000000000000000000 ) ) ;
#2279 = FACE_BOUND ( 'NONE', #1639, .T. ) ;
#2280 = FACE_OUTER_BOUND ( 'NONE', #3039, .T. ) ;
#2281 = LINE ( 'NONE', #427, #86 ) ;
#2282 = DIRECTION ( 'NONE',  ( 0.000000000000000000, 0.000000000000000000, 1.000000000000000000 ) ) ;
#2283 = DIRECTION ( 'NONE',  ( 0.000000000000000000, 0.000000000000000000, -1.000000000000000000 ) ) ;
#2284 = FACE_OUTER_BOUND ( 'NONE', #3723, .T. ) ;
#2285 = EDGE_CURVE ( 'NONE', #3471, #660, #3106, .T. ) ;
#2286 = CARTESIAN_POINT ( 'NONE',  ( 17.49999999999998934, -1.429775138004531790E-15, 16.97500000000000853 ) ) ;
#2287 = ADVANCED_FACE ( 'NONE', ( #3978 ), #647, .T. ) ;
#2288 = DIRECTION ( 'NONE',  ( 0.000000000000000000, 0.000000000000000000, -1.000000000000000000 ) ) ;
#2289 = CARTESIAN_POINT ( 'NONE',  ( -14.36231149743176339, 0.3500000000000001443, 6.763850443408508717 ) ) ;
#2290 = ADVANCED_FACE ( 'NONE', ( #2154 ), #1390, .F. ) ;
#2291 =( NAMED_UNIT ( * ) PLANE_ANGLE_UNIT ( ) SI_UNIT ( $, .RADIAN. ) );
#2292 = CARTESIAN_POINT ( 'NONE',  ( -15.99999999999999645, 3.000000000000000000, 2.799999999999997602 ) ) ;
#2293 = ORIENTED_EDGE ( 'NONE', *, *, #1595, .F. ) ;
#2294 = ORIENTED_EDGE ( 'NONE', *, *, #171, .T. ) ;
#2295 = VECTOR ( 'NONE', #4168, 1000.000000000000000 ) ;
#2296 = DIRECTION ( 'NONE',  ( -0.000000000000000000, 0.000000000000000000, 1.000000000000000000 ) ) ;
#2297 = DIRECTION ( 'NONE',  ( -0.000000000000000000, 1.000000000000000000, -0.000000000000000000 ) ) ;
#2298 = ORIENTED_EDGE ( 'NONE', *, *, #1287, .F. ) ;
#2299 = CARTESIAN_POINT ( 'NONE',  ( -15.00000000000001421, 0.000000000000000000, -17.99999999999999645 ) ) ;
#2300 = CARTESIAN_POINT ( 'NONE',  ( 16.00000000000000355, 3.132499999999999396, -7.000000000000000888 ) ) ;
#2301 = EDGE_CURVE ( 'NONE', #3726, #618, #4734, .T. ) ;
#2302 = LINE ( 'NONE', #3441, #1227 ) ;
#2303 = DIRECTION ( 'NONE',  ( 0.000000000000000000, 0.000000000000000000, 1.000000000000000000 ) ) ;
#2304 = CARTESIAN_POINT ( 'NONE',  ( 0.000000000000000000, 0.000000000000000000, 0.000000000000000000 ) ) ;
#2305 = VECTOR ( 'NONE', #1075, 1000.000000000000000 ) ;
#2306 = EDGE_CURVE ( 'NONE', #2190, #2908, #4022, .T. ) ;
#2307 = CARTESIAN_POINT ( 'NONE',  ( -0.000000000000000000, 0.000000000000000000, 4.000000000000005329 ) ) ;
#2308 = DIRECTION ( 'NONE',  ( 0.000000000000000000, 1.000000000000000000, 0.000000000000000000 ) ) ;
#2309 = CARTESIAN_POINT ( 'NONE',  ( -15.07848698201771498, 3.000000000000000888, 6.453796080850696448 ) ) ;
#2310 = CYLINDRICAL_SURFACE ( 'NONE', #3794, 2.999999999999999112 ) ;
#2311 = ORIENTED_EDGE ( 'NONE', *, *, #3971, .F. ) ;
#2312 = ADVANCED_FACE ( 'NONE', ( #1760 ), #690, .F. ) ;
#2313 = ORIENTED_EDGE ( 'NONE', *, *, #4263, .T. ) ;
#2314 = VERTEX_POINT ( 'NONE', #79 ) ;
#2315 = EDGE_CURVE ( 'NONE', #315, #3475, #1058, .T. ) ;
#2316 = DIRECTION ( 'NONE',  ( -0.000000000000000000, 1.000000000000000000, -0.000000000000000000 ) ) ;
#2317 = EDGE_LOOP ( 'NONE', ( #3932, #3062, #1487, #1300 ) ) ;
#2318 = CARTESIAN_POINT ( 'NONE',  ( -16.00000000000000000, 5.000000000000000000, -16.74999999999998934 ) ) ;
#2319 = ORIENTED_EDGE ( 'NONE', *, *, #3795, .F. ) ;
#2320 = DIRECTION ( 'NONE',  ( 0.000000000000000000, -1.000000000000000000, 0.000000000000000000 ) ) ;
#2321 = LINE ( 'NONE', #3437, #474 ) ;
#2322 = CIRCLE ( 'NONE', #1299, 1.299999999999999156 ) ;
#2323 = AXIS2_PLACEMENT_3D ( 'NONE', #2897, #4097, #3344 ) ;
#2324 = CARTESIAN_POINT ( 'NONE',  ( 0.000000000000000000, 11.50000000000000000, 0.000000000000000000 ) ) ;
#2325 = PRESENTATION_LAYER_ASSIGNMENT (  '', '', ( #3480 ) ) ;
#2326 = CARTESIAN_POINT ( 'NONE',  ( -20.49999999999981526, 0.000000000000000000, -4.699999999999882050 ) ) ;
#2327 = AXIS2_PLACEMENT_3D ( 'NONE', #42, #1519, #4483 ) ;
#2328 = DIRECTION ( 'NONE',  ( -1.000000000000000000, 0.000000000000000000, 3.154042683594195121E-16 ) ) ;
#2329 = FACE_BOUND ( 'NONE', #1255, .T. ) ;
#2330 = CARTESIAN_POINT ( 'NONE',  ( 11.49999999999999645, 5.000000000000000000, 22.75000000000000711 ) ) ;
#2331 = ADVANCED_FACE ( 'NONE', ( #4121 ), #666, .F. ) ;
#2332 = DIRECTION ( 'NONE',  ( -1.000000000000000000, 0.000000000000000000, -0.000000000000000000 ) ) ;
#2333 = LINE ( 'NONE', #2734, #818 ) ;
#2334 = AXIS2_PLACEMENT_3D ( 'NONE', #2479, #3192, #2102 ) ;
#2335 = CARTESIAN_POINT ( 'NONE',  ( 17.49999999999998934, -1.429775138004531790E-15, 19.02499999999999147 ) ) ;
#2336 = VERTEX_POINT ( 'NONE', #3243 ) ;
#2337 = VERTEX_POINT ( 'NONE', #1172 ) ;
#2338 = ORIENTED_EDGE ( 'NONE', *, *, #4293, .F. ) ;
#2339 = EDGE_CURVE ( 'NONE', #3564, #2576, #1479, .T. ) ;
#2340 = AXIS2_PLACEMENT_3D ( 'NONE', #1467, #1894, #4775 ) ;
#2341 = DIRECTION ( 'NONE',  ( -0.000000000000000000, -1.000000000000000000, -0.000000000000000000 ) ) ;
#2342 = ORIENTED_EDGE ( 'NONE', *, *, #842, .F. ) ;
#2343 = LINE ( 'NONE', #1604, #4418 ) ;
#2344 = EDGE_CURVE ( 'NONE', #315, #2161, #1711, .T. ) ;
#2345 = VERTEX_POINT ( 'NONE', #2510 ) ;
#2346 = CIRCLE ( 'NONE', #319, 1.024999999999991251 ) ;
#2347 = DIRECTION ( 'NONE',  ( -0.000000000000000000, 1.000000000000000000, -0.000000000000000000 ) ) ;
#2348 = LINE ( 'NONE', #496, #74 ) ;
#2349 = AXIS2_PLACEMENT_3D ( 'NONE', #3397, #1542, #63 ) ;
#2350 = LINE ( 'NONE', #1590, #3334 ) ;
#2351 = CARTESIAN_POINT ( 'NONE',  ( -11.50000000000000000, 5.000000000000000000, 22.75000000000000711 ) ) ;
#2352 = LINE ( 'NONE', #3027, #1269 ) ;
#2353 = LINE ( 'NONE', #3028, #1010 ) ;
#2354 = DIRECTION ( 'NONE',  ( 1.000000000000000000, 0.000000000000000000, 0.000000000000000000 ) ) ;
#2355 = DIRECTION ( 'NONE',  ( -0.000000000000000000, -1.000000000000000000, -0.000000000000000000 ) ) ;
#2356 = DIRECTION ( 'NONE',  ( 0.000000000000000000, 0.000000000000000000, 1.000000000000000000 ) ) ;
#2357 = ORIENTED_EDGE ( 'NONE', *, *, #83, .F. ) ;
#2358 = ORIENTED_EDGE ( 'NONE', *, *, #1257, .T. ) ;
#2359 = ORIENTED_EDGE ( 'NONE', *, *, #3737, .F. ) ;
#2360 = ADVANCED_FACE ( 'NONE', ( #4162 ), #1788, .F. ) ;
#2361 = DIRECTION ( 'NONE',  ( 0.000000000000000000, -0.000000000000000000, -1.000000000000000000 ) ) ;
#2362 = ORIENTED_EDGE ( 'NONE', *, *, #2421, .F. ) ;
#2363 = DIRECTION ( 'NONE',  ( 0.000000000000000000, -1.000000000000000000, 0.000000000000000000 ) ) ;
#2364 = VERTEX_POINT ( 'NONE', #4751 ) ;
#2365 = DIRECTION ( 'NONE',  ( 0.000000000000000000, -1.000000000000000000, 0.000000000000000000 ) ) ;
#2366 = ADVANCED_FACE ( 'NONE', ( #3656 ), #1816, .F. ) ;
#2367 = DIRECTION ( 'NONE',  ( -0.000000000000000000, 1.000000000000000000, -0.000000000000000000 ) ) ;
#2368 = EDGE_CURVE ( 'NONE', #1674, #3695, #1414, .T. ) ;
#2369 = DIRECTION ( 'NONE',  ( 0.000000000000000000, -1.000000000000000000, 0.000000000000000000 ) ) ;
#2370 = CARTESIAN_POINT ( 'NONE',  ( -3.000000000000012879, 10.30000000000000071, 20.49999999999999289 ) ) ;
#2371 = CYLINDRICAL_SURFACE ( 'NONE', #3524, 1.024999999999994582 ) ;
#2372 = LINE ( 'NONE', #2330, #4341 ) ;
#2373 = CARTESIAN_POINT ( 'NONE',  ( -18.50000000000000355, 10.30000000000000071, -1.426328191358708126E-14 ) ) ;
#2374 = DIRECTION ( 'NONE',  ( -0.000000000000000000, -1.000000000000000000, -0.000000000000000000 ) ) ;
#2375 = CARTESIAN_POINT ( 'NONE',  ( -6.500000000000011546, 1.199999999999999956, 18.50000000000000355 ) ) ;
#2376 = ORIENTED_EDGE ( 'NONE', *, *, #2306, .F. ) ;
#2377 = ORIENTED_EDGE ( 'NONE', *, *, #289, .T. ) ;
#2378 = ORIENTED_EDGE ( 'NONE', *, *, #2538, .F. ) ;
#2379 = DIRECTION ( 'NONE',  ( -0.000000000000000000, 1.000000000000000000, -0.000000000000000000 ) ) ;
#2380 = FACE_OUTER_BOUND ( 'NONE', #3056, .T. ) ;
#2381 = ORIENTED_EDGE ( 'NONE', *, *, #1316, .T. ) ;
#2382 = EDGE_CURVE ( 'NONE', #3342, #2204, #3965, .T. ) ;
#2383 = CARTESIAN_POINT ( 'NONE',  ( -29.00000000000000355, 0.000000000000000000, 22.00000000000000000 ) ) ;
#2384 = DIRECTION ( 'NONE',  ( 0.000000000000000000, 0.000000000000000000, 1.000000000000000000 ) ) ;
#2385 = CARTESIAN_POINT ( 'NONE',  ( 0.000000000000000000, 0.000000000000000000, 0.000000000000000000 ) ) ;
#2386 = VERTEX_POINT ( 'NONE', #2181 ) ;
#2387 = LINE ( 'NONE', #2681, #4276 ) ;
#2388 = DIRECTION ( 'NONE',  ( 0.000000000000000000, 0.000000000000000000, 1.000000000000000000 ) ) ;
#2389 = ADVANCED_FACE ( 'NONE', ( #815 ), #329, .F. ) ;
#2390 = AXIS2_PLACEMENT_3D ( 'NONE', #533, #3796, #2401 ) ;
#2391 = DIRECTION ( 'NONE',  ( 0.000000000000000000, -1.000000000000000000, 0.000000000000000000 ) ) ;
#2392 = CARTESIAN_POINT ( 'NONE',  ( 14.49390104151018654, 0.3500000000000000888, -6.719647996824826386 ) ) ;
#2393 = EDGE_CURVE ( 'NONE', #3469, #1797, #1513, .T. ) ;
#2394 = FACE_OUTER_BOUND ( 'NONE', #71, .T. ) ;
#2395 = DIRECTION ( 'NONE',  ( 0.000000000000000000, 0.000000000000000000, 1.000000000000000000 ) ) ;
#2396 = CIRCLE ( 'NONE', #1228, 1.024999999999998135 ) ;
#2397 = ORIENTED_EDGE ( 'NONE', *, *, #276, .F. ) ;
#2398 = ORIENTED_EDGE ( 'NONE', *, *, #4413, .T. ) ;
#2399 = VERTEX_POINT ( 'NONE', #2318 ) ;
#2400 = CIRCLE ( 'NONE', #391, 1.024999999999991251 ) ;
#2401 = DIRECTION ( 'NONE',  ( 0.000000000000000000, -0.000000000000000000, 1.000000000000000000 ) ) ;
#2402 = VERTEX_POINT ( 'NONE', #1152 ) ;
#2403 = AXIS2_PLACEMENT_3D ( 'NONE', #480, #2683, #4486 ) ;
#2404 = LINE ( 'NONE', #3523, #3639 ) ;
#2405 = ORIENTED_EDGE ( 'NONE', *, *, #1807, .T. ) ;
#2406 = DIRECTION ( 'NONE',  ( 1.000000000000000000, 0.000000000000000000, 0.000000000000000000 ) ) ;
#2407 = AXIS2_PLACEMENT_3D ( 'NONE', #197, #1680, #3162 ) ;
#2408 = CARTESIAN_POINT ( 'NONE',  ( 6.000000000000043521, 0.000000000000000000, -15.49999999999998934 ) ) ;
#2409 = AXIS2_PLACEMENT_3D ( 'NONE', #3173, #2733, #4198 ) ;
#2410 = CARTESIAN_POINT ( 'NONE',  ( -29.00000000000001066, 11.50000000000000000, -22.00000000000000000 ) ) ;
#2411 = EDGE_LOOP ( 'NONE', ( #3064, #2020, #1140, #2160 ) ) ;
#2412 = CARTESIAN_POINT ( 'NONE',  ( -13.40031756254816209, 0.3499999999999999778, -6.934620744020842054 ) ) ;
#2413 = DIRECTION ( 'NONE',  ( -0.000000000000000000, -1.000000000000000000, -0.000000000000000000 ) ) ;
#2414 = AXIS2_PLACEMENT_3D ( 'NONE', #4148, #4484, #43 ) ;
#2415 = CARTESIAN_POINT ( 'NONE',  ( 20.50000000000018474, 3.000000000000000000, 7.300000000000117950 ) ) ;
#2416 = CARTESIAN_POINT ( 'NONE',  ( 15.91095115395154913, 0.3499999999999999778, -4.604528709976873024 ) ) ;
#2417 = CIRCLE ( 'NONE', #4430, 2.499999999999993339 ) ;
#2418 = DIRECTION ( 'NONE',  ( -0.000000000000000000, 1.000000000000000000, -0.000000000000000000 ) ) ;
#2419 = CARTESIAN_POINT ( 'NONE',  ( 13.67497681043829694, 3.000000000000000888, 6.901650394113119980 ) ) ;
#2420 = EDGE_CURVE ( 'NONE', #2239, #3540, #1635, .T. ) ;
#2421 = EDGE_CURVE ( 'NONE', #2336, #1686, #3135, .T. ) ;
#2422 = FILL_AREA_STYLE ('',( #2829 ) ) ;
#2423 = ORIENTED_EDGE ( 'NONE', *, *, #2554, .T. ) ;
#2424 = ORIENTED_EDGE ( 'NONE', *, *, #3769, .T. ) ;
#2425 = CARTESIAN_POINT ( 'NONE',  ( -23.50000000000000000, 8.000000000000000000, -17.99999999999999645 ) ) ;
#2426 = CARTESIAN_POINT ( 'NONE',  ( -15.44440080258644699, 0.3500000000000001443, 6.061121778378379510 ) ) ;
#2427 = EDGE_CURVE ( 'NONE', #2451, #1404, #4344, .T. ) ;
#2428 = DIRECTION ( 'NONE',  ( -1.000000000000000000, 0.000000000000000000, 7.228014483236695816E-17 ) ) ;
#2429 = EDGE_LOOP ( 'NONE', ( #2578, #1396 ) ) ;
#2430 = DIRECTION ( 'NONE',  ( 0.000000000000000000, -0.000000000000000000, -1.000000000000000000 ) ) ;
#2431 = VERTEX_POINT ( 'NONE', #883 ) ;
#2432 = CARTESIAN_POINT ( 'NONE',  ( 2.999999999999991118, 10.30000000000000071, -20.49999999999999645 ) ) ;
#2433 = LINE ( 'NONE', #2870, #1628 ) ;
#2434 = VERTEX_POINT ( 'NONE', #957 ) ;
#2435 = CARTESIAN_POINT ( 'NONE',  ( 11.80000000000000071, 3.000000000000000000, 6.999999999999998224 ) ) ;
#2436 = DIRECTION ( 'NONE',  ( 0.000000000000000000, 0.000000000000000000, -1.000000000000000000 ) ) ;
#2437 = DIRECTION ( 'NONE',  ( 0.000000000000000000, 0.000000000000000000, -1.000000000000000000 ) ) ;
#2438 = CARTESIAN_POINT ( 'NONE',  ( 15.73594824662075098, 0.3499999999999999778, -5.444673519064587630 ) ) ;
#2439 = DIRECTION ( 'NONE',  ( -0.000000000000000000, 1.000000000000000000, -0.000000000000000000 ) ) ;
#2440 = CARTESIAN_POINT ( 'NONE',  ( 13.60367271972711478, 3.000000000000000000, 6.911061092181901344 ) ) ;
#2441 = EDGE_CURVE ( 'NONE', #618, #3726, #2266, .T. ) ;
#2442 = DIRECTION ( 'NONE',  ( -0.000000000000000000, -1.000000000000000000, -0.000000000000000000 ) ) ;
#2443 = ORIENTED_EDGE ( 'NONE', *, *, #4350, .F. ) ;
#2444 = ORIENTED_EDGE ( 'NONE', *, *, #4450, .F. ) ;
#2445 = CARTESIAN_POINT ( 'NONE',  ( -23.50000000000000000, 1.650000000000001243, -17.99999999999999645 ) ) ;
#2446 = VERTEX_POINT ( 'NONE', #1260 ) ;
#2447 = ADVANCED_FACE ( 'NONE', ( #103 ), #2790, .F. ) ;
#2448 = CARTESIAN_POINT ( 'NONE',  ( -12.53599214933435668, 2.999999999999999112, -6.999999999999999112 ) ) ;
#2449 = VERTEX_POINT ( 'NONE', #4209 ) ;
#2450 = DIRECTION ( 'NONE',  ( 0.000000000000000000, 0.000000000000000000, 1.000000000000000000 ) ) ;
#2451 = VERTEX_POINT ( 'NONE', #2693 ) ;
#2452 = EDGE_CURVE ( 'NONE', #816, #3896, #2741, .T. ) ;
#2453 = CARTESIAN_POINT ( 'NONE',  ( -16.00000000000000000, 5.000000000000000000, 16.75000000000000355 ) ) ;
#2454 = DIRECTION ( 'NONE',  ( -0.000000000000000000, -1.000000000000000000, -0.000000000000000000 ) ) ;
#2455 = ORIENTED_EDGE ( 'NONE', *, *, #1929, .F. ) ;
#2456 = LINE ( 'NONE', #643, #4136 ) ;
#2457 = DIRECTION ( 'NONE',  ( 0.000000000000000000, 0.000000000000000000, -1.000000000000000000 ) ) ;
#2458 = LINE ( 'NONE', #2415, #1391 ) ;
#2459 = APPLICATION_CONTEXT ( 'automotive_design' ) ;
#2460 = CARTESIAN_POINT ( 'NONE',  ( 13.60367068592203665, 0.3500000000000000888, -6.911061092181904009 ) ) ;
#2461 = DIRECTION ( 'NONE',  ( -0.000000000000000000, 1.000000000000000000, -0.000000000000000000 ) ) ;
#2462 = CARTESIAN_POINT ( 'NONE',  ( 15.91095115395154913, 3.000000000000000000, 4.604532808576469627 ) ) ;
#2463 = ORIENTED_EDGE ( 'NONE', *, *, #3225, .F. ) ;
#2464 = VECTOR ( 'NONE', #2491, 1000.000000000000000 ) ;
#2465 = ORIENTED_EDGE ( 'NONE', *, *, #257, .F. ) ;
#2466 = DIRECTION ( 'NONE',  ( -0.000000000000000000, -1.000000000000000000, -0.000000000000000000 ) ) ;
#2467 = VERTEX_POINT ( 'NONE', #1955 ) ;
#2468 = AXIS2_PLACEMENT_3D ( 'NONE', #397, #4452, #3725 ) ;
#2469 = AXIS2_PLACEMENT_3D ( 'NONE', #3282, #4317, #2450 ) ;
#2470 = CARTESIAN_POINT ( 'NONE',  ( -13.74850850802042501, 2.999999999999999112, -6.891262478326822816 ) ) ;
#2471 = ORIENTED_EDGE ( 'NONE', *, *, #1946, .T. ) ;
#2472 = CARTESIAN_POINT ( 'NONE',  ( 15.72175044417006085, 0.3499999999999999778, 5.487686260434608165 ) ) ;
#2473 = VECTOR ( 'NONE', #3370, 1000.000000000000000 ) ;
#2474 = ORIENTED_EDGE ( 'NONE', *, *, #1647, .T. ) ;
#2475 = ADVANCED_FACE ( 'NONE', ( #4571 ), #3063, .F. ) ;
#2476 = AXIS2_PLACEMENT_3D ( 'NONE', #35, #2275, #3390 ) ;
#2477 = DIRECTION ( 'NONE',  ( -0.000000000000000000, -1.000000000000000000, -0.000000000000000000 ) ) ;
#2478 = EDGE_CURVE ( 'NONE', #1582, #1410, #2706, .T. ) ;
#2479 = CARTESIAN_POINT ( 'NONE',  ( -16.00000000000000000, 0.000000000000000000, 20.00000000000000355 ) ) ;
#2480 = EDGE_LOOP ( 'NONE', ( #1312, #2622, #2144, #2763 ) ) ;
#2481 = AXIS2_PLACEMENT_3D ( 'NONE', #3500, #123, #3865 ) ;
#2482 = CARTESIAN_POINT ( 'NONE',  ( -18.50000000000000711, 10.30000000000000071, 6.499999999999998224 ) ) ;
#2483 = CARTESIAN_POINT ( 'NONE',  ( 17.49999999999998934, 0.000000000000000000, 18.00000000000000000 ) ) ;
#2484 = AXIS2_PLACEMENT_3D ( 'NONE', #1638, #2701, #1936 ) ;
#2485 = CARTESIAN_POINT ( 'NONE',  ( 17.49999999999998934, 6.349999999999994316, -18.00000000000000355 ) ) ;
#2486 = CARTESIAN_POINT ( 'NONE',  ( 15.88768538522443130, 0.3500000000000001443, -4.785367031185850273 ) ) ;
#2487 = CARTESIAN_POINT ( 'NONE',  ( -11.79999999999999538, 3.132499999999999840, -7.000000000000001776 ) ) ;
#2488 = DIRECTION ( 'NONE',  ( -0.000000000000000000, 1.000000000000000000, -0.000000000000000000 ) ) ;
#2489 = AXIS2_PLACEMENT_3D ( 'NONE', #4782, #1447, #4060 ) ;
#2490 = EDGE_CURVE ( 'NONE', #555, #3311, #2781, .T. ) ;
#2491 = DIRECTION ( 'NONE',  ( 1.000000000000000000, 0.000000000000000000, 0.000000000000000000 ) ) ;
#2492 = VERTEX_POINT ( 'NONE', #194 ) ;
#2493 = VECTOR ( 'NONE', #3123, 1000.000000000000000 ) ;
#2494 = EDGE_LOOP ( 'NONE', ( #4105, #1049, #2358, #735 ) ) ;
#2495 = CARTESIAN_POINT ( 'NONE',  ( -16.00000000000000000, 2.000000000000000000, 20.00000000000000355 ) ) ;
#2496 = CARTESIAN_POINT ( 'NONE',  ( -15.75339069260670399, 0.3500000000000000888, 5.389138826132412241 ) ) ;
#2497 = CARTESIAN_POINT ( 'NONE',  ( -20.49999999999981526, 3.000000000000000000, -5.999999999999880984 ) ) ;
#2498 = ORIENTED_EDGE ( 'NONE', *, *, #549, .F. ) ;
#2499 = AXIS2_PLACEMENT_3D ( 'NONE', #2603, #2296, #3773 ) ;
#2500 = CYLINDRICAL_SURFACE ( 'NONE', #3562, 1.700000000000000178 ) ;
#2501 = VERTEX_POINT ( 'NONE', #927 ) ;
#2502 = ADVANCED_FACE ( 'NONE', ( #4228 ), #904, .F. ) ;
#2503 = PLANE ( 'NONE',  #385 ) ;
#2504 = CARTESIAN_POINT ( 'NONE',  ( -3.000000000000013323, -0.000000000000000000, 12.50000000000000178 ) ) ;
#2505 = EDGE_LOOP ( 'NONE', ( #1474, #2443, #4519, #3843 ) ) ;
#2506 = CARTESIAN_POINT ( 'NONE',  ( -15.99999999999999289, 0.3499999999999999778, -3.536252476369469377 ) ) ;
#2507 = CARTESIAN_POINT ( 'NONE',  ( -20.49999999999981526, 3.000000000000000000, 4.700000000000120082 ) ) ;
#2508 = EDGE_CURVE ( 'NONE', #1981, #3540, #2343, .T. ) ;
#2509 = ADVANCED_FACE ( 'NONE', ( #1238 ), #2723, .F. ) ;
#2510 = CARTESIAN_POINT ( 'NONE',  ( 16.00000000000000000, 2.000000000000000000, -18.29999999999999005 ) ) ;
#2511 = DIRECTION ( 'NONE',  ( -0.000000000000000000, -1.000000000000000000, -0.000000000000000000 ) ) ;
#2512 = PLANE ( 'NONE',  #248 ) ;
#2513 = CARTESIAN_POINT ( 'NONE',  ( -32.49999999999999289, 0.000000000000000000, 24.00000000000000711 ) ) ;
#2514 = AXIS2_PLACEMENT_3D ( 'NONE', #2247, #1930, #75 ) ;
#2515 = ADVANCED_FACE ( 'NONE', ( #2380 ), #149, .F. ) ;
#2516 = CIRCLE ( 'NONE', #429, 1.249999999999997558 ) ;
#2517 = CARTESIAN_POINT ( 'NONE',  ( -15.99999999999999645, 1.189166666666667371, 2.799999999999997602 ) ) ;
#2518 = ORIENTED_EDGE ( 'NONE', *, *, #4588, .F. ) ;
#2519 = ORIENTED_EDGE ( 'NONE', *, *, #1986, .T. ) ;
#2520 = PLANE ( 'NONE',  #4591 ) ;
#2521 = CARTESIAN_POINT ( 'NONE',  ( -15.84693281132491194, 0.3500000000000000888, 5.026398414272374993 ) ) ;
#2522 = CARTESIAN_POINT ( 'NONE',  ( 16.00000000000000000, 2.000000000000000000, 16.75000000000000711 ) ) ;
#2523 = ORIENTED_EDGE ( 'NONE', *, *, #2016, .T. ) ;
#2524 = CARTESIAN_POINT ( 'NONE',  ( 15.97050730517949724, 0.3499999999999999778, 4.136268280188001967 ) ) ;
#2525 = ORIENTED_EDGE ( 'NONE', *, *, #171, .F. ) ;
#2526 = PRODUCT_DEFINITION_CONTEXT ( 'detailed design', #541, 'design' ) ;
#2527 = FACE_BOUND ( 'NONE', #3264, .T. ) ;
#2528 = EDGE_LOOP ( 'NONE', ( #2359, #2991 ) ) ;
#2529 = ORIENTED_EDGE ( 'NONE', *, *, #3766, .F. ) ;
#2530 = CARTESIAN_POINT ( 'NONE',  ( -20.49999999999981526, 3.000000000000000000, 7.300000000000117950 ) ) ;
#2531 = ORIENTED_EDGE ( 'NONE', *, *, #2478, .T. ) ;
#2532 = CARTESIAN_POINT ( 'NONE',  ( -14.48347477696381524, 0.3500000000000000333, -6.723163350488609247 ) ) ;
#2533 = DIRECTION ( 'NONE',  ( -0.000000000000000000, -1.000000000000000000, -0.000000000000000000 ) ) ;
#2534 = DIRECTION ( 'NONE',  ( 0.000000000000000000, 0.000000000000000000, -1.000000000000000000 ) ) ;
#2535 = DIRECTION ( 'NONE',  ( 0.000000000000000000, 0.000000000000000000, -1.000000000000000000 ) ) ;
#2536 = LINE ( 'NONE', #1012, #2276 ) ;
#2537 = PLANE ( 'NONE',  #4372 ) ;
#2538 = EDGE_CURVE ( 'NONE', #3726, #1259, #4249, .T. ) ;
#2539 = CARTESIAN_POINT ( 'NONE',  ( -16.00000000000001421, 10.30000000000000071, -15.50000000000000178 ) ) ;
#2540 = ORIENTED_EDGE ( 'NONE', *, *, #2577, .T. ) ;
#2541 = EDGE_CURVE ( 'NONE', #4092, #196, #3414, .T. ) ;
#2542 = ORIENTED_EDGE ( 'NONE', *, *, #3936, .F. ) ;
#2543 = DIRECTION ( 'NONE',  ( 0.000000000000000000, -0.000000000000000000, -1.000000000000000000 ) ) ;
#2544 = CARTESIAN_POINT ( 'NONE',  ( -14.16064989989499878, 0.3500000000000001443, 6.818030588899763877 ) ) ;
#2545 = VECTOR ( 'NONE', #833, 1000.000000000000000 ) ;
#2546 = VECTOR ( 'NONE', #876, 1000.000000000000000 ) ;
#2547 = CARTESIAN_POINT ( 'NONE',  ( 16.00000000000000355, 3.000000000000000000, 2.799999999999997602 ) ) ;
#2548 = EDGE_LOOP ( 'NONE', ( #4564, #3819, #4763, #1846 ) ) ;
#2549 = DIRECTION ( 'NONE',  ( -0.000000000000000000, 1.000000000000000000, -0.000000000000000000 ) ) ;
#2550 = ORIENTED_EDGE ( 'NONE', *, *, #1622, .T. ) ;
#2551 = CARTESIAN_POINT ( 'NONE',  ( 6.000000000000043521, 10.30000000000000071, -15.49999999999998934 ) ) ;
#2552 = ORIENTED_EDGE ( 'NONE', *, *, #135, .T. ) ;
#2553 = AXIS2_PLACEMENT_3D ( 'NONE', #3144, #107, #564 ) ;
#2554 = EDGE_CURVE ( 'NONE', #981, #526, #2404, .T. ) ;
#2555 = ORIENTED_EDGE ( 'NONE', *, *, #2306, .T. ) ;
#2556 = FACE_BOUND ( 'NONE', #714, .T. ) ;
#2557 = ORIENTED_EDGE ( 'NONE', *, *, #3633, .F. ) ;
#2558 = DIRECTION ( 'NONE',  ( -0.000000000000000000, -1.000000000000000000, -0.000000000000000000 ) ) ;
#2559 = CARTESIAN_POINT ( 'NONE',  ( -5.999999999999949374, 10.30000000000000071, -2.058249404246464263E-14 ) ) ;
#2560 = AXIS2_PLACEMENT_3D ( 'NONE', #4585, #1248, #113 ) ;
#2561 = FACE_OUTER_BOUND ( 'NONE', #3846, .T. ) ;
#2562 = CARTESIAN_POINT ( 'NONE',  ( 15.07848698201773807, 3.000000000000000444, -6.453796080850688455 ) ) ;
#2563 = CYLINDRICAL_SURFACE ( 'NONE', #4595, 2.999999999999999112 ) ;
#2564 = DIRECTION ( 'NONE',  ( 0.000000000000000000, 0.000000000000000000, 1.000000000000000000 ) ) ;
#2565 = CIRCLE ( 'NONE', #4058, 2.999999999999997335 ) ;
#2566 = DIRECTION ( 'NONE',  ( -0.000000000000000000, 1.000000000000000000, -0.000000000000000000 ) ) ;
#2567 = ORIENTED_EDGE ( 'NONE', *, *, #3232, .F. ) ;
#2568 = AXIS2_PLACEMENT_3D ( 'NONE', #25, #3400, #2984 ) ;
#2569 = EDGE_LOOP ( 'NONE', ( #421, #287, #2055, #119 ) ) ;
#2570 = DIRECTION ( 'NONE',  ( 0.000000000000000000, -1.000000000000000000, 0.000000000000000000 ) ) ;
#2571 = DIRECTION ( 'NONE',  ( 0.000000000000000000, -1.000000000000000000, 0.000000000000000000 ) ) ;
#2572 = DIRECTION ( 'NONE',  ( 1.000000000000000000, 0.000000000000000000, 0.000000000000000000 ) ) ;
#2573 = EDGE_CURVE ( 'NONE', #1886, #2336, #856, .T. ) ;
#2574 = VECTOR ( 'NONE', #1006, 1000.000000000000000 ) ;
#2575 = CARTESIAN_POINT ( 'NONE',  ( 16.00000000000000355, 2.116666666666666252, 2.799999999999998934 ) ) ;
#2576 = VERTEX_POINT ( 'NONE', #3235 ) ;
#2577 = EDGE_CURVE ( 'NONE', #3449, #4090, #2396, .T. ) ;
#2578 = ORIENTED_EDGE ( 'NONE', *, *, #381, .F. ) ;
#2579 = AXIS2_PLACEMENT_3D ( 'NONE', #2585, #4072, #745 ) ;
#2580 = DIRECTION ( 'NONE',  ( -0.000000000000000000, -1.000000000000000000, -0.000000000000000000 ) ) ;
#2581 = ORIENTED_EDGE ( 'NONE', *, *, #2893, .F. ) ;
#2582 = ORIENTED_EDGE ( 'NONE', *, *, #3309, .F. ) ;
#2583 = LINE ( 'NONE', #2530, #1234 ) ;
#2584 = VERTEX_POINT ( 'NONE', #218 ) ;
#2585 = CARTESIAN_POINT ( 'NONE',  ( 11.49999999999999645, 5.000000000000000000, 22.75000000000000711 ) ) ;
#2586 = DIRECTION ( 'NONE',  ( -0.000000000000000000, 1.000000000000000000, -0.000000000000000000 ) ) ;
#2587 = CARTESIAN_POINT ( 'NONE',  ( -16.00000000000001421, 10.30000000000000071, 15.50000000000000000 ) ) ;
#2588 = CARTESIAN_POINT ( 'NONE',  ( 15.67360525923488446, 3.000000000000000888, -5.620751524366808027 ) ) ;
#2589 = FACE_OUTER_BOUND ( 'NONE', #1386, .T. ) ;
#2590 = DIRECTION ( 'NONE',  ( -0.000000000000000000, 1.000000000000000000, -0.000000000000000000 ) ) ;
#2591 = CARTESIAN_POINT ( 'NONE',  ( -3.000000000000013323, 10.30000000000000071, 12.50000000000000178 ) ) ;
#2592 = EDGE_LOOP ( 'NONE', ( #4245, #995 ) ) ;
#2593 = EDGE_CURVE ( 'NONE', #1928, #2918, #1249, .T. ) ;
#2594 = ORIENTED_EDGE ( 'NONE', *, *, #3065, .F. ) ;
#2595 = CARTESIAN_POINT ( 'NONE',  ( -25.99999999999981171, 3.000000000000000000, 9.000000000000119016 ) ) ;
#2596 = DIRECTION ( 'NONE',  ( 0.000000000000000000, -1.000000000000000000, 0.000000000000000000 ) ) ;
#2597 = DIRECTION ( 'NONE',  ( 0.000000000000000000, 0.000000000000000000, 1.000000000000000000 ) ) ;
#2598 = AXIS2_PLACEMENT_3D ( 'NONE', #3484, #1222, #1543 ) ;
#2599 = CARTESIAN_POINT ( 'NONE',  ( -20.49999999999981526, 3.000000000000000000, 7.300000000000117950 ) ) ;
#2600 = EDGE_LOOP ( 'NONE', ( #262, #3166 ) ) ;
#2601 = VERTEX_POINT ( 'NONE', #4712 ) ;
#2602 = EDGE_CURVE ( 'NONE', #73, #2434, #4394, .T. ) ;
#2603 = CARTESIAN_POINT ( 'NONE',  ( 0.000000000000000000, 0.000000000000000000, 22.75000000000000711 ) ) ;
#2604 = VERTEX_POINT ( 'NONE', #4345 ) ;
#2605 = ADVANCED_FACE ( 'NONE', ( #1025 ), #2500, .F. ) ;
#2606 = ORIENTED_EDGE ( 'NONE', *, *, #3936, .T. ) ;
#2607 = FACE_OUTER_BOUND ( 'NONE', #1731, .T. ) ;
#2608 = CARTESIAN_POINT ( 'NONE',  ( -16.00000000000000000, 2.000000000000000000, -19.99999999999998934 ) ) ;
#2609 = DIRECTION ( 'NONE',  ( 3.430415673744137212E-15, 0.000000000000000000, -1.000000000000000000 ) ) ;
#2610 = DIRECTION ( 'NONE',  ( 0.000000000000000000, 0.000000000000000000, 1.000000000000000000 ) ) ;
#2611 = DIRECTION ( 'NONE',  ( 0.000000000000000000, 0.000000000000000000, -1.000000000000000000 ) ) ;
#2612 = CARTESIAN_POINT ( 'NONE',  ( -20.99999999999999645, 8.000000000000000000, 24.00000000000000711 ) ) ;
#2613 = DIRECTION ( 'NONE',  ( 0.000000000000000000, 0.000000000000000000, -1.000000000000000000 ) ) ;
#2614 = DIRECTION ( 'NONE',  ( -0.000000000000000000, 1.000000000000000000, -0.000000000000000000 ) ) ;
#2615 =( GEOMETRIC_REPRESENTATION_CONTEXT ( 3 ) GLOBAL_UNCERTAINTY_ASSIGNED_CONTEXT ( ( #2147 ) ) GLOBAL_UNIT_ASSIGNED_CONTEXT ( ( #3459, #1609, #515 ) ) REPRESENTATION_CONTEXT ( 'NONE', 'WORKASPACE' ) );
#2616 = ORIENTED_EDGE ( 'NONE', *, *, #4062, .T. ) ;
#2617 = DIRECTION ( 'NONE',  ( 0.000000000000000000, 0.000000000000000000, 1.000000000000000000 ) ) ;
#2618 = CARTESIAN_POINT ( 'NONE',  ( -13.63772350724562976, 0.3499999999999999778, 6.906643424796625297 ) ) ;
#2619 = CARTESIAN_POINT ( 'NONE',  ( 1.387778780781445676E-14, 11.00000000000000000, 0.000000000000000000 ) ) ;
#2620 = CARTESIAN_POINT ( 'NONE',  ( 16.00000000000000355, 0.3500000000000000333, -2.800000000000001155 ) ) ;
#2621 = ORIENTED_EDGE ( 'NONE', *, *, #29, .T. ) ;
#2622 = ORIENTED_EDGE ( 'NONE', *, *, #3514, .F. ) ;
#2623 = VECTOR ( 'NONE', #139, 1000.000000000000000 ) ;
#2624 = AXIS2_PLACEMENT_3D ( 'NONE', #963, #3533, #4651 ) ;
#2625 = LINE ( 'NONE', #739, #1675 ) ;
#2626 = ORIENTED_EDGE ( 'NONE', *, *, #29, .F. ) ;
#2627 = CARTESIAN_POINT ( 'NONE',  ( 3.614007241618348376E-15, 10.30000000000000071, -12.49999999999999822 ) ) ;
#2628 = ORIENTED_EDGE ( 'NONE', *, *, #2339, .F. ) ;
#2629 = EDGE_CURVE ( 'NONE', #2743, #4008, #1403, .T. ) ;
#2630 = DIRECTION ( 'NONE',  ( -0.000000000000000000, 1.000000000000000000, -0.000000000000000000 ) ) ;
#2631 = CARTESIAN_POINT ( 'NONE',  ( 0.000000000000000000, 3.000000000000000000, 0.000000000000000000 ) ) ;
#2632 = DIRECTION ( 'NONE',  ( 1.000000000000000000, -0.000000000000000000, 3.430415673744137212E-15 ) ) ;
#2633 = VECTOR ( 'NONE', #1937, 1000.000000000000000 ) ;
#2634 = EDGE_CURVE ( 'NONE', #3035, #188, #341, .T. ) ;
#2635 = EDGE_CURVE ( 'NONE', #3818, #3365, #2939, .T. ) ;
#2636 = CARTESIAN_POINT ( 'NONE',  ( -16.00000000000001421, 0.000000000000000000, 6.499999999999999112 ) ) ;
#2637 = DIRECTION ( 'NONE',  ( 0.000000000000000000, -1.000000000000000000, 0.000000000000000000 ) ) ;
#2638 = STYLED_ITEM ( 'NONE', ( #580 ), #3351 ) ;
#2639 = DIRECTION ( 'NONE',  ( -0.000000000000000000, -1.000000000000000000, -0.000000000000000000 ) ) ;
#2640 = DIRECTION ( 'NONE',  ( -0.000000000000000000, 0.000000000000000000, 1.000000000000000000 ) ) ;
#2641 = AXIS2_PLACEMENT_3D ( 'NONE', #3798, #2875, #2676 ) ;
#2642 = PLANE ( 'NONE',  #1631 ) ;
#2643 = PLANE ( 'NONE',  #3427 ) ;
#2644 =( LENGTH_UNIT ( ) NAMED_UNIT ( * ) SI_UNIT ( .MILLI., .METRE. ) );
#2645 = PRODUCT_CONTEXT ( 'NONE', #51, 'mechanical' ) ;
#2646 = CARTESIAN_POINT ( 'NONE',  ( 3.614007241618348376E-15, 0.000000000000000000, -12.49999999999999822 ) ) ;
#2647 = ORIENTED_EDGE ( 'NONE', *, *, #289, .F. ) ;
#2648 = AXIS2_PLACEMENT_3D ( 'NONE', #136, #3466, #2332 ) ;
#2649 = ORIENTED_EDGE ( 'NONE', *, *, #4180, .T. ) ;
#2650 = CIRCLE ( 'NONE', #3661, 3.249999999999999556 ) ;
#2651 = CARTESIAN_POINT ( 'NONE',  ( -20.75000000008231282, 11.50000000000000000, 22.00000000000000000 ) ) ;
#2652 = VERTEX_POINT ( 'NONE', #710 ) ;
#2653 = DIRECTION ( 'NONE',  ( 0.000000000000000000, 0.000000000000000000, -1.000000000000000000 ) ) ;
#2654 = CIRCLE ( 'NONE', #3362, 1.249999999999997558 ) ;
#2655 = VERTEX_POINT ( 'NONE', #4787 ) ;
#2656 = EDGE_CURVE ( 'NONE', #3544, #3859, #2198, .T. ) ;
#2657 = FACE_BOUND ( 'NONE', #4499, .T. ) ;
#2658 = DIRECTION ( 'NONE',  ( -0.000000000000000000, -1.000000000000000000, -0.000000000000000000 ) ) ;
#2659 = PLANE ( 'NONE',  #849 ) ;
#2660 = EDGE_CURVE ( 'NONE', #3057, #4523, #1660, .T. ) ;
#2661 = LINE ( 'NONE', #1162, #92 ) ;
#2662 = CYLINDRICAL_SURFACE ( 'NONE', #4535, 1.700000000000000178 ) ;
#2663 = EDGE_CURVE ( 'NONE', #4570, #4663, #473, .T. ) ;
#2664 = LINE ( 'NONE', #2307, #704 ) ;
#2665 = ADVANCED_FACE ( 'NONE', ( #2727 ), #3898, .F. ) ;
#2666 = DIRECTION ( 'NONE',  ( 1.000000000000000000, 0.000000000000000000, 0.000000000000000000 ) ) ;
#2667 = CARTESIAN_POINT ( 'NONE',  ( 20.50000000000018474, 0.000000000000000000, -5.999999999999880984 ) ) ;
#2668 = DIRECTION ( 'NONE',  ( -0.000000000000000000, 1.000000000000000000, -0.000000000000000000 ) ) ;
#2669 = EDGE_LOOP ( 'NONE', ( #2531, #529 ) ) ;
#2670 = ORIENTED_EDGE ( 'NONE', *, *, #1430, .T. ) ;
#2671 = EDGE_LOOP ( 'NONE', ( #3940, #3573, #2377, #4454 ) ) ;
#2672 = AXIS2_PLACEMENT_3D ( 'NONE', #4360, #3981, #1296 ) ;
#2673 = FACE_OUTER_BOUND ( 'NONE', #2192, .T. ) ;
#2674 = CIRCLE ( 'NONE', #3143, 2.499999999999993339 ) ;
#2675 = EDGE_LOOP ( 'NONE', ( #3641, #3675, #4616, #1301, #2830, #1026, #2816, #120 ) ) ;
#2676 = DIRECTION ( 'NONE',  ( 0.000000000000000000, 0.000000000000000000, 1.000000000000000000 ) ) ;
#2677 = ORIENTED_EDGE ( 'NONE', *, *, #1652, .F. ) ;
#2678 = DIRECTION ( 'NONE',  ( -1.000000000000000000, -0.000000000000000000, -0.000000000000000000 ) ) ;
#2679 = CARTESIAN_POINT ( 'NONE',  ( -10.00000000000001243, 11.50000000000000000, -10.00000000000000178 ) ) ;
#2680 = CARTESIAN_POINT ( 'NONE',  ( 0.000000000000000000, 10.30000000000000071, 20.49999999999999289 ) ) ;
#2681 = CARTESIAN_POINT ( 'NONE',  ( -32.49999999999999289, 5.000000000000000000, 24.00000000000000711 ) ) ;
#2682 = FACE_BOUND ( 'NONE', #1605, .T. ) ;
#2683 = DIRECTION ( 'NONE',  ( -0.000000000000000000, 1.000000000000000000, -0.000000000000000000 ) ) ;
#2684 = DIRECTION ( 'NONE',  ( 0.000000000000000000, 0.000000000000000000, 1.000000000000000000 ) ) ;
#2685 = CARTESIAN_POINT ( 'NONE',  ( -13.60453280857646519, 3.000000000000000000, 6.910951153951550907 ) ) ;
#2686 = EDGE_CURVE ( 'NONE', #1626, #4290, #390, .T. ) ;
#2687 = EDGE_CURVE ( 'NONE', #2071, #2221, #3120, .T. ) ;
#2688 = CARTESIAN_POINT ( 'NONE',  ( 2.999999999999987121, 10.30000000000000071, 17.49999999999999645 ) ) ;
#2689 = ORIENTED_EDGE ( 'NONE', *, *, #3463, .T. ) ;
#2690 = EDGE_LOOP ( 'NONE', ( #1576, #4465, #1926, #3085 ) ) ;
#2691 = EDGE_LOOP ( 'NONE', ( #1350, #1951, #1102, #1192 ) ) ;
#2692 = CARTESIAN_POINT ( 'NONE',  ( -16.00000000000000000, 5.000000000000000000, 20.00000000000000355 ) ) ;
#2693 = CARTESIAN_POINT ( 'NONE',  ( 20.50000000000018474, 3.000000000000000000, 7.300000000000117950 ) ) ;
#2694 = ORIENTED_EDGE ( 'NONE', *, *, #288, .F. ) ;
#2695 = CARTESIAN_POINT ( 'NONE',  ( 0.000000000000000000, 11.50000000000000000, 8.249999999999992895 ) ) ;
#2696 = CARTESIAN_POINT ( 'NONE',  ( 11.80000000000000071, 3.132499999999999840, -7.000000000000001776 ) ) ;
#2697 = CIRCLE ( 'NONE', #68, 1.024999999999991251 ) ;
#2698 = CIRCLE ( 'NONE', #4110, 2.999999999999999112 ) ;
#2699 = DIRECTION ( 'NONE',  ( -0.000000000000000000, 1.000000000000000000, -0.000000000000000000 ) ) ;
#2700 = VECTOR ( 'NONE', #3004, 1000.000000000000000 ) ;
#2701 = DIRECTION ( 'NONE',  ( -0.000000000000000000, 1.000000000000000000, -0.000000000000000000 ) ) ;
#2702 = LINE ( 'NONE', #4530, #2858 ) ;
#2703 = AXIS2_PLACEMENT_3D ( 'NONE', #799, #1200, #2282 ) ;
#2704 = CYLINDRICAL_SURFACE ( 'NONE', #2194, 3.249999999999999556 ) ;
#2705 = CARTESIAN_POINT ( 'NONE',  ( 2.999999999999986677, 10.30000000000000071, 12.50000000000000178 ) ) ;
#2706 = CIRCLE ( 'NONE', #1941, 3.249999999999999556 ) ;
#2707 = CARTESIAN_POINT ( 'NONE',  ( -16.00000000000001421, 10.30000000000000071, -17.99999999999999645 ) ) ;
#2708 = VECTOR ( 'NONE', #2477, 1000.000000000000000 ) ;
#2709 = DIRECTION ( 'NONE',  ( -1.000000000000000000, 0.000000000000000000, -0.000000000000000000 ) ) ;
#2710 = CARTESIAN_POINT ( 'NONE',  ( -15.81809070202933398, 2.999999999999999112, 5.160346964175379192 ) ) ;
#2711 = EDGE_CURVE ( 'NONE', #4713, #682, #1545, .T. ) ;
#2712 = VECTOR ( 'NONE', #2454, 1000.000000000000000 ) ;
#2713 = DIRECTION ( 'NONE',  ( -0.000000000000000000, 1.000000000000000000, -0.000000000000000000 ) ) ;
#2714 = ORIENTED_EDGE ( 'NONE', *, *, #3581, .F. ) ;
#2715 = AXIS2_PLACEMENT_3D ( 'NONE', #301, #3268, #1195 ) ;
#2716 = ORIENTED_EDGE ( 'NONE', *, *, #2256, .F. ) ;
#2717 = ORIENTED_EDGE ( 'NONE', *, *, #3941, .F. ) ;
#2718 = ADVANCED_FACE ( 'NONE', ( #3848 ), #514, .F. ) ;
#2719 = AXIS2_PLACEMENT_3D ( 'NONE', #3067, #1562, #176 ) ;
#2720 = ADVANCED_FACE ( 'NONE', ( #3070 ), #4624, .F. ) ;
#2721 = LINE ( 'NONE', #559, #163 ) ;
#2722 = ORIENTED_EDGE ( 'NONE', *, *, #3879, .F. ) ;
#2723 = CYLINDRICAL_SURFACE ( 'NONE', #1087, 1.024999999999994582 ) ;
#2724 = ORIENTED_EDGE ( 'NONE', *, *, #1565, .F. ) ;
#2725 = AXIS2_PLACEMENT_3D ( 'NONE', #4084, #361, #2288 ) ;
#2726 = CARTESIAN_POINT ( 'NONE',  ( 20.50000000000018474, 3.000000000000000000, -7.299999999999880806 ) ) ;
#2727 = FACE_OUTER_BOUND ( 'NONE', #2548, .T. ) ;
#2728 = AXIS2_PLACEMENT_3D ( 'NONE', #1496, #4607, #869 ) ;
#2729 = DIRECTION ( 'NONE',  ( -0.000000000000000000, 1.000000000000000000, -0.000000000000000000 ) ) ;
#2730 = CARTESIAN_POINT ( 'NONE',  ( 6.000000000000043521, 10.30000000000000071, -15.49999999999998934 ) ) ;
#2731 = FACE_BOUND ( 'NONE', #3728, .T. ) ;
#2732 = CARTESIAN_POINT ( 'NONE',  ( -6.500000000000011546, 0.000000000000000000, 18.50000000000000355 ) ) ;
#2733 = DIRECTION ( 'NONE',  ( -0.000000000000000000, -1.000000000000000000, -0.000000000000000000 ) ) ;
#2734 = CARTESIAN_POINT ( 'NONE',  ( 26.00000000000018829, 3.000000000000000000, -8.999999999999896971 ) ) ;
#2735 = FACE_OUTER_BOUND ( 'NONE', #1376, .T. ) ;
#2736 = ORIENTED_EDGE ( 'NONE', *, *, #2301, .F. ) ;
#2737 = EDGE_LOOP ( 'NONE', ( #2271, #2294 ) ) ;
#2738 = EDGE_LOOP ( 'NONE', ( #1445, #148, #4178, #1735 ) ) ;
#2739 = CARTESIAN_POINT ( 'NONE',  ( -15.91095115395153847, 2.999999999999999556, -4.604532808576471403 ) ) ;
#2740 = ORIENTED_EDGE ( 'NONE', *, *, #4319, .T. ) ;
#2741 = LINE ( 'NONE', #3895, #3734 ) ;
#2742 = AXIS2_PLACEMENT_3D ( 'NONE', #3903, #2821, #253 ) ;
#2743 = VERTEX_POINT ( 'NONE', #4253 ) ;
#2744 = PRODUCT ( 'W1-LC-01_Parallel_Flexure_RevB', 'W1-LC-01_Parallel_Flexure_RevB', '', ( #2645 ) ) ;
#2745 = FACE_OUTER_BOUND ( 'NONE', #1307, .T. ) ;
#2746 = ADVANCED_FACE ( 'NONE', ( #3803 ), #2748, .F. ) ;
#2747 = CLOSED_SHELL ( 'NONE', ( #3200, #3164, #2219, #130, #4799, #1772, #2389, #2124, #2774, #857, #1963, #442, #4154, #705, #3729, #4500, #2867, #2665, #2447, #410, #1559, #312, #988, #2006, #2312, #1714, #729, #4672, #4504, #4079, #738, #1923, #2366, #1761, #3385, #2331, #800, #942, #3854, #1353, #2021, #318, #914, #2475, #3977, #3828, #3492, #2720, #1127, #3830, #1438, #2515, #4225, #54, #2831, #4745, #4098, #1636, #3213, #3045, #1151, #4082, #3676, #3583, #703, #1347, #2360, #4698, #4705, #1143, #1927, #2075, #2746, #3440, #3497, #3465, #2718 ) ) ;
#2748 = PLANE ( 'NONE',  #3252 ) ;
#2749 = EDGE_CURVE ( 'NONE', #2601, #3565, #616, .T. ) ;
#2750 = CARTESIAN_POINT ( 'NONE',  ( -3.000000000000010214, 0.000000000000000000, -20.49999999999999645 ) ) ;
#2751 = ORIENTED_EDGE ( 'NONE', *, *, #1768, .T. ) ;
#2752 = CARTESIAN_POINT ( 'NONE',  ( 16.00000000000000000, 5.000000000000000000, 20.00000000000000711 ) ) ;
#2753 = DIRECTION ( 'NONE',  ( 0.000000000000000000, -0.000000000000000000, 1.000000000000000000 ) ) ;
#2754 = CARTESIAN_POINT ( 'NONE',  ( -25.99999999999981526, 3.000000000000000000, -8.999999999999896971 ) ) ;
#2755 = CARTESIAN_POINT ( 'NONE',  ( -3.000000000000010214, 10.30000000000000071, -20.49999999999999645 ) ) ;
#2756 = PLANE ( 'NONE',  #1175 ) ;
#2757 = CARTESIAN_POINT ( 'NONE',  ( -15.91014397283954729, 3.000000000000000444, 4.610838967650591869 ) ) ;
#2758 = CARTESIAN_POINT ( 'NONE',  ( 9.999999999999987566, 11.50000000000000000, -10.00000000000000178 ) ) ;
#2759 = VERTEX_POINT ( 'NONE', #1264 ) ;
#2760 = VERTEX_POINT ( 'NONE', #2408 ) ;
#2761 = ORIENTED_EDGE ( 'NONE', *, *, #2663, .T. ) ;
#2762 = DIRECTION ( 'NONE',  ( 0.000000000000000000, 0.000000000000000000, 1.000000000000000000 ) ) ;
#2763 = ORIENTED_EDGE ( 'NONE', *, *, #4003, .T. ) ;
#2764 = DIRECTION ( 'NONE',  ( 0.000000000000000000, 0.000000000000000000, -1.000000000000000000 ) ) ;
#2765 =( GEOMETRIC_REPRESENTATION_CONTEXT ( 3 ) GLOBAL_UNCERTAINTY_ASSIGNED_CONTEXT ( ( #3597 ) ) GLOBAL_UNIT_ASSIGNED_CONTEXT ( ( #4489, #2291, #4468 ) ) REPRESENTATION_CONTEXT ( 'NONE', 'WORKASPACE' ) );
#2766 = ORIENTED_EDGE ( 'NONE', *, *, #3006, .T. ) ;
#2767 = CARTESIAN_POINT ( 'NONE',  ( -23.50000000000000000, 8.000000000000000000, 18.00000000000001066 ) ) ;
#2768 = DIRECTION ( 'NONE',  ( 0.000000000000000000, 0.000000000000000000, -1.000000000000000000 ) ) ;
#2769 = EDGE_CURVE ( 'NONE', #2970, #2652, #4494, .T. ) ;
#2770 = DIRECTION ( 'NONE',  ( 0.000000000000000000, -1.000000000000000000, 0.000000000000000000 ) ) ;
#2771 = ORIENTED_EDGE ( 'NONE', *, *, #1471, .F. ) ;
#2772 = DIRECTION ( 'NONE',  ( 3.854941057726238590E-16, 0.000000000000000000, 1.000000000000000000 ) ) ;
#2773 = DIRECTION ( 'NONE',  ( 0.000000000000000000, 0.000000000000000000, 1.000000000000000000 ) ) ;
#2774 = ADVANCED_FACE ( 'NONE', ( #1310 ), #539, .F. ) ;
#2775 = CIRCLE ( 'NONE', #1935, 2.999999999999995559 ) ;
#2776 = EDGE_CURVE ( 'NONE', #4562, #9, #2348, .T. ) ;
#2777 = CARTESIAN_POINT ( 'NONE',  ( 16.00000000000000355, 3.132499999999999840, 2.799999999999997602 ) ) ;
#2778 = CARTESIAN_POINT ( 'NONE',  ( -15.00000000000001421, 0.000000000000000000, 18.00000000000000000 ) ) ;
#2779 = CARTESIAN_POINT ( 'NONE',  ( 20.50000000000018474, 0.000000000000000000, -5.999999999999880984 ) ) ;
#2780 = CARTESIAN_POINT ( 'NONE',  ( 15.88765026565288530, 3.000000000000000000, 4.785541793265442934 ) ) ;
#2781 = CIRCLE ( 'NONE', #4331, 1.700000000000000178 ) ;
#2782 = LINE ( 'NONE', #2042, #145 ) ;
#2783 = EDGE_LOOP ( 'NONE', ( #3546, #2907, #1080, #1954 ) ) ;
#2784 = VERTEX_POINT ( 'NONE', #2031 ) ;
#2785 = CARTESIAN_POINT ( 'NONE',  ( -15.66330216110341844, 0.3500000000000000888, 5.658977664416051212 ) ) ;
#2786 = COLOUR_RGB ( '',0.7921568627450980005, 0.8196078431372548767, 0.9333333333333333481 ) ;
#2787 = CARTESIAN_POINT ( 'NONE',  ( -14.51874441449009190, 2.999999999999999556, -6.711110039739718758 ) ) ;
#2788 = ORIENTED_EDGE ( 'NONE', *, *, #4556, .F. ) ;
#2789 = AXIS2_PLACEMENT_3D ( 'NONE', #2995, #4143, #1910 ) ;
#2790 = PLANE ( 'NONE',  #1014 ) ;
#2791 = ORIENTED_EDGE ( 'NONE', *, *, #85, .F. ) ;
#2792 = LINE ( 'NONE', #563, #558 ) ;
#2793 = AXIS2_PLACEMENT_3D ( 'NONE', #3778, #82, #1959 ) ;
#2794 = DIRECTION ( 'NONE',  ( -3.854941057726237604E-16, 0.000000000000000000, -1.000000000000000000 ) ) ;
#2795 = EDGE_CURVE ( 'NONE', #1974, #2161, #1608, .T. ) ;
#2796 = AXIS2_PLACEMENT_3D ( 'NONE', #2495, #2141, #286 ) ;
#2797 = DIRECTION ( 'NONE',  ( -0.000000000000000000, 1.000000000000000000, -0.000000000000000000 ) ) ;
#2798 = ORIENTED_EDGE ( 'NONE', *, *, #3157, .F. ) ;
#2799 = CARTESIAN_POINT ( 'NONE',  ( -15.81803058890145941, 0.3500000000000000333, -5.160649899894557358 ) ) ;
#2800 = DIRECTION ( 'NONE',  ( -0.000000000000000000, -1.000000000000000000, -0.000000000000000000 ) ) ;
#2801 = AXIS2_PLACEMENT_3D ( 'NONE', #157, #3875, #1568 ) ;
#2802 = CARTESIAN_POINT ( 'NONE',  ( 12.53625247638474072, 0.3499999999999999778, -7.000000000000000888 ) ) ;
#2803 = AXIS2_PLACEMENT_3D ( 'NONE', #1817, #798, #2610 ) ;
#2804 = CARTESIAN_POINT ( 'NONE',  ( 5.828427124746168531, 0.000000000000000000, 18.50000000000000355 ) ) ;
#2805 = CARTESIAN_POINT ( 'NONE',  ( 13.62159308541180103, 3.000000000000000444, 6.908752198148822465 ) ) ;
#2806 = EDGE_CURVE ( 'NONE', #3797, #1847, #1243, .T. ) ;
#2807 = CARTESIAN_POINT ( 'NONE',  ( -15.00000000000001421, 10.30000000000000071, 6.499999999999999112 ) ) ;
#2808 = ORIENTED_EDGE ( 'NONE', *, *, #549, .T. ) ;
#2809 = EDGE_CURVE ( 'NONE', #1103, #1771, #3479, .T. ) ;
#2810 = ORIENTED_EDGE ( 'NONE', *, *, #3867, .F. ) ;
#2811 = FACE_OUTER_BOUND ( 'NONE', #2675, .T. ) ;
#2812 = VERTEX_POINT ( 'NONE', #3190 ) ;
#2813 = CARTESIAN_POINT ( 'NONE',  ( -15.73593384210898094, 3.000000000000000000, -5.444745198823802923 ) ) ;
#2814 = VERTEX_POINT ( 'NONE', #1406 ) ;
#2815 = CARTESIAN_POINT ( 'NONE',  ( 14.02639841427379963, 0.3500000000000000888, 6.846932811324919044 ) ) ;
#2816 = ORIENTED_EDGE ( 'NONE', *, *, #2315, .F. ) ;
#2817 = CARTESIAN_POINT ( 'NONE',  ( 0.000000000000000000, 8.000000000000000000, 0.000000000000000000 ) ) ;
#2818 = DIRECTION ( 'NONE',  ( -0.000000000000000000, 1.000000000000000000, -0.000000000000000000 ) ) ;
#2819 = ORIENTED_EDGE ( 'NONE', *, *, #722, .F. ) ;
#2820 = CARTESIAN_POINT ( 'NONE',  ( -15.71964799682474023, 0.3500000000000000888, -5.493901041510268257 ) ) ;
#2821 = DIRECTION ( 'NONE',  ( -0.000000000000000000, 1.000000000000000000, -0.000000000000000000 ) ) ;
#2822 = CIRCLE ( 'NONE', #2981, 1.299999999999999156 ) ;
#2823 = SHAPE_REPRESENTATION ( 'W1-LC-02_Moving_Slider_RevB', ( #2077 ), #4099 ) ;
#2824 = CARTESIAN_POINT ( 'NONE',  ( 11.80000000000000249, 2.160833333333332273, 6.999999999999998224 ) ) ;
#2825 = CARTESIAN_POINT ( 'NONE',  ( 15.66330216110256934, 0.3500000000000001998, -5.658977664416790176 ) ) ;
#2826 = CARTESIAN_POINT ( 'NONE',  ( -16.00000000000000000, 2.000000000000000000, 21.70000000000000284 ) ) ;
#2827 = CARTESIAN_POINT ( 'NONE',  ( 15.98875195596057353, 3.000000000000000000, 3.675658418843476216 ) ) ;
#2828 = CIRCLE ( 'NONE', #3279, 2.499999999999992006 ) ;
#2829 = FILL_AREA_STYLE_COLOUR ( '', #1620 ) ;
#2830 = ORIENTED_EDGE ( 'NONE', *, *, #2898, .T. ) ;
#2831 = ADVANCED_FACE ( 'NONE', ( #1028 ), #2503, .F. ) ;
#2832 = EDGE_LOOP ( 'NONE', ( #716, #4273 ) ) ;
#2833 = FACE_OUTER_BOUND ( 'NONE', #3791, .T. ) ;
#2834 = ORIENTED_EDGE ( 'NONE', *, *, #2992, .T. ) ;
#2835 = EDGE_CURVE ( 'NONE', #251, #560, #222, .T. ) ;
#2836 = CARTESIAN_POINT ( 'NONE',  ( -15.72702114277544183, 3.000000000000000000, -5.471950538388556495 ) ) ;
#2837 = ORIENTED_EDGE ( 'NONE', *, *, #2478, .F. ) ;
#2838 = CARTESIAN_POINT ( 'NONE',  ( 15.71623854644353990, 0.3500000000000000888, 5.503869041623580038 ) ) ;
#2839 = EDGE_LOOP ( 'NONE', ( #2529, #2621, #441, #4204 ) ) ;
#2840 = CARTESIAN_POINT ( 'NONE',  ( -12.50000000000001421, 10.30000000000000071, -15.50000000000000178 ) ) ;
#2841 = DIRECTION ( 'NONE',  ( 0.000000000000000000, 0.000000000000000000, 1.000000000000000000 ) ) ;
#2842 = ORIENTED_EDGE ( 'NONE', *, *, #1034, .F. ) ;
#2843 = CARTESIAN_POINT ( 'NONE',  ( -15.91014184271475784, 0.3499999999999999778, -4.610849702258945193 ) ) ;
#2844 = CARTESIAN_POINT ( 'NONE',  ( -20.49999999999981526, 0.000000000000000000, 4.700000000000120082 ) ) ;
#2845 = DIRECTION ( 'NONE',  ( -0.000000000000000000, -1.000000000000000000, -0.000000000000000000 ) ) ;
#2846 = CARTESIAN_POINT ( 'NONE',  ( 15.91647448547286636, 0.3500000000000000888, -4.560357922815231113 ) ) ;
#2847 = FACE_OUTER_BOUND ( 'NONE', #812, .T. ) ;
#2848 = CARTESIAN_POINT ( 'NONE',  ( 16.00000000000000355, 3.000000000000000000, 2.799999999999997602 ) ) ;
#2849 = CIRCLE ( 'NONE', #1073, 3.249999999999999556 ) ;
#2850 = CIRCLE ( 'NONE', #1694, 2.999999999999999112 ) ;
#2851 =( NAMED_UNIT ( * ) PLANE_ANGLE_UNIT ( ) SI_UNIT ( $, .RADIAN. ) );
#2852 = ORIENTED_EDGE ( 'NONE', *, *, #4730, .F. ) ;
#2853 = EDGE_CURVE ( 'NONE', #556, #3506, #2076, .T. ) ;
#2854 = AXIS2_PLACEMENT_3D ( 'NONE', #4703, #4267, #3203 ) ;
#2855 = ORIENTED_EDGE ( 'NONE', *, *, #3741, .F. ) ;
#2856 = DIRECTION ( 'NONE',  ( -0.000000000000000000, -1.000000000000000000, -0.000000000000000000 ) ) ;
#2857 = CARTESIAN_POINT ( 'NONE',  ( -15.93462074402084205, 0.3500000000000000888, 4.400317562543818006 ) ) ;
#2858 = VECTOR ( 'NONE', #1161, 1000.000000000000000 ) ;
#2859 = DIRECTION ( 'NONE',  ( 0.000000000000000000, 0.000000000000000000, -1.000000000000000000 ) ) ;
#2860 = ORIENTED_EDGE ( 'NONE', *, *, #1184, .T. ) ;
#2861 = DIRECTION ( 'NONE',  ( -0.000000000000000000, 1.000000000000000000, -0.000000000000000000 ) ) ;
#2862 = EDGE_CURVE ( 'NONE', #3122, #3358, #614, .T. ) ;
#2863 = CIRCLE ( 'NONE', #782, 1.299999999999999156 ) ;
#2864 = ORIENTED_EDGE ( 'NONE', *, *, #440, .F. ) ;
#2865 = PRODUCT_DEFINITION_SHAPE ( 'NONE', 'NONE',  #4807 ) ;
#2866 = PRODUCT_DEFINITION_CONTEXT ( 'detailed design', #2069, 'design' ) ;
#2867 = ADVANCED_FACE ( 'NONE', ( #295 ), #2890, .F. ) ;
#2868 = DIRECTION ( 'NONE',  ( -0.000000000000000000, -1.000000000000000000, -0.000000000000000000 ) ) ;
#2869 = EDGE_CURVE ( 'NONE', #1194, #2655, #1358, .T. ) ;
#2870 = CARTESIAN_POINT ( 'NONE',  ( -6.500000000000010658, 0.000000000000000000, 14.50000000000000178 ) ) ;
#2871 = VERTEX_POINT ( 'NONE', #640 ) ;
#2872 = AXIS2_PLACEMENT_3D ( 'NONE', #4524, #4722, #1656 ) ;
#2873 = CARTESIAN_POINT ( 'NONE',  ( -15.90664342479682425, 0.3500000000000001443, -4.637723507245579135 ) ) ;
#2874 = DIRECTION ( 'NONE',  ( -1.000000000000000000, 0.000000000000000000, -0.000000000000000000 ) ) ;
#2875 = DIRECTION ( 'NONE',  ( -0.000000000000000000, 1.000000000000000000, -0.000000000000000000 ) ) ;
#2876 = DIRECTION ( 'NONE',  ( -0.000000000000000000, -1.000000000000000000, -0.000000000000000000 ) ) ;
#2877 = CARTESIAN_POINT ( 'NONE',  ( -6.000000000000001776, 1.199999999999999734, 15.49999999999998401 ) ) ;
#2878 = CARTESIAN_POINT ( 'NONE',  ( 14.50385133796978998, 3.000000000000000444, 6.716248328706666548 ) ) ;
#2879 = VECTOR ( 'NONE', #2354, 1000.000000000000000 ) ;
#2880 = DIRECTION ( 'NONE',  ( 0.000000000000000000, 0.000000000000000000, -1.000000000000000000 ) ) ;
#2881 = ORIENTED_EDGE ( 'NONE', *, *, #2382, .T. ) ;
#2882 = VECTOR ( 'NONE', #3074, 1000.000000000000000 ) ;
#2883 = ORIENTED_EDGE ( 'NONE', *, *, #2660, .T. ) ;
#2884 = DIRECTION ( 'NONE',  ( 0.000000000000000000, -1.000000000000000000, 0.000000000000000000 ) ) ;
#2885 = CARTESIAN_POINT ( 'NONE',  ( -15.95594516084558556, 0.3500000000000001443, 4.173750485072178051 ) ) ;
#2886 = FACE_OUTER_BOUND ( 'NONE', #4590, .T. ) ;
#2887 = ORIENTED_EDGE ( 'NONE', *, *, #646, .T. ) ;
#2888 = CARTESIAN_POINT ( 'NONE',  ( 15.81803058890245772, 0.3500000000000000333, 5.160649899887523873 ) ) ;
#2889 = EDGE_LOOP ( 'NONE', ( #3623, #293 ) ) ;
#2890 = PLANE ( 'NONE',  #4035 ) ;
#2891 = ORIENTED_EDGE ( 'NONE', *, *, #3884, .F. ) ;
#2892 = VERTEX_POINT ( 'NONE', #2914 ) ;
#2893 = EDGE_CURVE ( 'NONE', #1109, #2967, #4320, .T. ) ;
#2894 = CARTESIAN_POINT ( 'NONE',  ( -18.50000000000000711, 10.30000000000000071, 6.499999999999998224 ) ) ;
#2895 = ORIENTED_EDGE ( 'NONE', *, *, #1471, .T. ) ;
#2896 = LINE ( 'NONE', #4696, #554 ) ;
#2897 = CARTESIAN_POINT ( 'NONE',  ( 9.999999999999987566, 11.50000000000000000, 9.999999999999998224 ) ) ;
#2898 = EDGE_CURVE ( 'NONE', #2245, #4211, #3548, .T. ) ;
#2899 = CARTESIAN_POINT ( 'NONE',  ( -12.50000000000001954, 0.000000000000000000, 4.818676322157803883E-15 ) ) ;
#2900 = CARTESIAN_POINT ( 'NONE',  ( 15.91106109218190845, 3.000000000000000000, -4.603672719727111229 ) ) ;
#2901 = AXIS2_PLACEMENT_3D ( 'NONE', #380, #695, #2236 ) ;
#2902 = FACE_BOUND ( 'NONE', #1998, .T. ) ;
#2903 = PLANE ( 'NONE',  #3763 ) ;
#2904 = AXIS2_PLACEMENT_3D ( 'NONE', #2932, #4061, #1422 ) ;
#2905 = ADVANCED_BREP_SHAPE_REPRESENTATION ( '', ( #129, #2077 ), #2615 ) ;
#2906 = CARTESIAN_POINT ( 'NONE',  ( -11.79999999999999538, 2.160833333333332273, 6.999999999999998224 ) ) ;
#2907 = ORIENTED_EDGE ( 'NONE', *, *, #1652, .T. ) ;
#2908 = VERTEX_POINT ( 'NONE', #959 ) ;
#2909 = LINE ( 'NONE', #1067, #4133 ) ;
#2910 = LINE ( 'NONE', #2937, #141 ) ;
#2911 = VERTEX_POINT ( 'NONE', #4371 ) ;
#2912 = CARTESIAN_POINT ( 'NONE',  ( 14.49379642197725282, 0.3500000000000000333, 6.719685208436663615 ) ) ;
#2913 = EDGE_LOOP ( 'NONE', ( #1950, #3516, #758, #2670 ) ) ;
#2914 = CARTESIAN_POINT ( 'NONE',  ( -15.00000000000001066, 10.30000000000000071, -4.000000000000010658 ) ) ;
#2915 = ORIENTED_EDGE ( 'NONE', *, *, #1099, .F. ) ;
#2916 = ORIENTED_EDGE ( 'NONE', *, *, #2135, .F. ) ;
#2917 = FACE_BOUND ( 'NONE', #1509, .T. ) ;
#2918 = VERTEX_POINT ( 'NONE', #1050 ) ;
#2919 = CARTESIAN_POINT ( 'NONE',  ( -20.49999999999981526, 3.000000000000000000, 6.000000000000119016 ) ) ;
#2920 = LINE ( 'NONE', #3757, #1856 ) ;
#2921 = VERTEX_POINT ( 'NONE', #1288 ) ;
#2922 = FACE_OUTER_BOUND ( 'NONE', #3340, .T. ) ;
#2923 = DIRECTION ( 'NONE',  ( 0.000000000000000000, -1.000000000000000000, 0.000000000000000000 ) ) ;
#2924 = ADVANCED_FACE ( 'NONE', ( #979, #4670, #2527, #1003, #2172 ), #1708, .T. ) ;
#2925 = DIRECTION ( 'NONE',  ( -1.000000000000000000, 0.000000000000000000, 0.000000000000000000 ) ) ;
#2926 = CARTESIAN_POINT ( 'NONE',  ( -15.99999999999999645, 0.3500000000000000333, 6.999999999999998224 ) ) ;
#2927 = EDGE_CURVE ( 'NONE', #4739, #1130, #4693, .T. ) ;
#2928 = CARTESIAN_POINT ( 'NONE',  ( -6.500000000000011546, 1.199999999999999956, 18.50000000000000355 ) ) ;
#2929 = ORIENTED_EDGE ( 'NONE', *, *, #3152, .F. ) ;
#2930 = VERTEX_POINT ( 'NONE', #2432 ) ;
#2931 = CARTESIAN_POINT ( 'NONE',  ( -6.500000000000011546, 1.199999999999999956, 18.50000000000000355 ) ) ;
#2932 = CARTESIAN_POINT ( 'NONE',  ( -20.49999999999981526, 0.000000000000000000, -5.999999999999880984 ) ) ;
#2933 = CIRCLE ( 'NONE', #4643, 2.999999999999999112 ) ;
#2934 = PRODUCT_CONTEXT ( 'NONE', #571, 'mechanical' ) ;
#2935 = AXIS2_PLACEMENT_3D ( 'NONE', #720, #1437, #3625 ) ;
#2936 = CIRCLE ( 'NONE', #848, 2.499999999999993339 ) ;
#2937 = CARTESIAN_POINT ( 'NONE',  ( 11.49999999999999645, 0.000000000000000000, 22.75000000000000711 ) ) ;
#2938 = EDGE_LOOP ( 'NONE', ( #4648, #4470, #1837, #291, #261, #1419 ) ) ;
#2939 = LINE ( 'NONE', #1830, #303 ) ;
#2940 = AXIS2_PLACEMENT_3D ( 'NONE', #449, #3416, #1567 ) ;
#2941 = EDGE_LOOP ( 'NONE', ( #485, #3205, #285, #4205 ) ) ;
#2942 = CARTESIAN_POINT ( 'NONE',  ( 9.999999999999987566, 11.50000000000000000, -8.750000000000000000 ) ) ;
#2943 = VERTEX_POINT ( 'NONE', #3576 ) ;
#2944 = AXIS2_PLACEMENT_3D ( 'NONE', #174, #4620, #2764 ) ;
#2945 = VERTEX_POINT ( 'NONE', #3920 ) ;
#2946 = DIRECTION ( 'NONE',  ( 0.000000000000000000, 0.000000000000000000, -1.000000000000000000 ) ) ;
#2947 = VERTEX_POINT ( 'NONE', #2453 ) ;
#2948 = DIRECTION ( 'NONE',  ( -0.000000000000000000, -1.000000000000000000, -0.000000000000000000 ) ) ;
#2949 = DIRECTION ( 'NONE',  ( -0.000000000000000000, 1.000000000000000000, -0.000000000000000000 ) ) ;
#2950 = AXIS2_PLACEMENT_3D ( 'NONE', #1132, #4123, #2227 ) ;
#2951 = ADVANCED_FACE ( 'NONE', ( #3942 ), #249, .F. ) ;
#2952 = VECTOR ( 'NONE', #2614, 1000.000000000000000 ) ;
#2953 = CARTESIAN_POINT ( 'NONE',  ( -23.50000000000000000, 1.650000000000001243, -17.99999999999999645 ) ) ;
#2954 = CARTESIAN_POINT ( 'NONE',  ( 15.90665070412090465, 3.000000000000000000, -4.637686823623325516 ) ) ;
#2955 = DIRECTION ( 'NONE',  ( -0.000000000000000000, -1.000000000000000000, -0.000000000000000000 ) ) ;
#2956 = CARTESIAN_POINT ( 'NONE',  ( -23.50000000000000000, 8.000000000000001776, 6.000000000000008882 ) ) ;
#2957 = CARTESIAN_POINT ( 'NONE',  ( -11.79999999999999538, 1.189166666666667371, 6.999999999999998224 ) ) ;
#2958 = ORIENTED_EDGE ( 'NONE', *, *, #3913, .F. ) ;
#2959 = AXIS2_PLACEMENT_3D ( 'NONE', #1502, #2961, #4444 ) ;
#2960 = ORIENTED_EDGE ( 'NONE', *, *, #4588, .T. ) ;
#2961 = DIRECTION ( 'NONE',  ( 0.000000000000000000, -1.000000000000000000, 0.000000000000000000 ) ) ;
#2962 = CARTESIAN_POINT ( 'NONE',  ( -10.00000000000001243, 4.000000000000000000, -10.00000000000000178 ) ) ;
#2963 = EDGE_CURVE ( 'NONE', #737, #1847, #3620, .T. ) ;
#2964 = AXIS2_PLACEMENT_3D ( 'NONE', #597, #3659, #986 ) ;
#2965 = EDGE_CURVE ( 'NONE', #2026, #1603, #1383, .T. ) ;
#2966 = CARTESIAN_POINT ( 'NONE',  ( -18.50000000000001421, 10.30000000000000071, 15.50000000000000000 ) ) ;
#2967 = VERTEX_POINT ( 'NONE', #1780 ) ;
#2968 = VERTEX_POINT ( 'NONE', #3261 ) ;
#2969 = DIRECTION ( 'NONE',  ( 0.000000000000000000, 0.000000000000000000, -1.000000000000000000 ) ) ;
#2970 = VERTEX_POINT ( 'NONE', #272 ) ;
#2971 = ORIENTED_EDGE ( 'NONE', *, *, #1405, .F. ) ;
#2972 = DIRECTION ( 'NONE',  ( 1.927470528863117076E-16, -0.000000000000000000, -1.000000000000000000 ) ) ;
#2973 = LINE ( 'NONE', #3731, #3824 ) ;
#2974 = DIRECTION ( 'NONE',  ( 3.430415673744137212E-15, 0.000000000000000000, -1.000000000000000000 ) ) ;
#2975 = CARTESIAN_POINT ( 'NONE',  ( 0.000000000000000000, 11.50000000000000000, 8.249999999999985789 ) ) ;
#2976 = CARTESIAN_POINT ( 'NONE',  ( 14.38927262835139054, 3.000000000000000444, -6.753363804184489005 ) ) ;
#2977 = DIRECTION ( 'NONE',  ( 0.000000000000000000, 0.000000000000000000, -1.000000000000000000 ) ) ;
#2978 = DIRECTION ( 'NONE',  ( 0.000000000000000000, -1.000000000000000000, 0.000000000000000000 ) ) ;
#2979 = PRODUCT_RELATED_PRODUCT_CATEGORY ( 'part', '', ( #185 ) ) ;
#2980 = DIRECTION ( 'NONE',  ( 0.000000000000000000, 0.000000000000000000, -1.000000000000000000 ) ) ;
#2981 = AXIS2_PLACEMENT_3D ( 'NONE', #2667, #3127, #2395 ) ;
#2982 = ORIENTED_EDGE ( 'NONE', *, *, #229, .T. ) ;
#2983 = VERTEX_POINT ( 'NONE', #3214 ) ;
#2984 = DIRECTION ( 'NONE',  ( 0.000000000000000000, 0.000000000000000000, -1.000000000000000000 ) ) ;
#2985 = FILL_AREA_STYLE ('',( #1878 ) ) ;
#2986 = DIRECTION ( 'NONE',  ( 0.000000000000000000, 0.000000000000000000, 1.000000000000000000 ) ) ;
#2987 = VECTOR ( 'NONE', #2374, 1000.000000000000000 ) ;
#2988 = EDGE_CURVE ( 'NONE', #3544, #2190, #4116, .T. ) ;
#2989 = DIRECTION ( 'NONE',  ( 0.000000000000000000, 0.000000000000000000, 1.000000000000000000 ) ) ;
#2990 = ORIENTED_EDGE ( 'NONE', *, *, #3786, .T. ) ;
#2991 = ORIENTED_EDGE ( 'NONE', *, *, #281, .F. ) ;
#2992 = EDGE_CURVE ( 'NONE', #3589, #971, #1237, .T. ) ;
#2993 = CARTESIAN_POINT ( 'NONE',  ( 20.50000000000018474, 0.000000000000000000, -7.299999999999880806 ) ) ;
#2994 = VERTEX_POINT ( 'NONE', #4694 ) ;
#2995 = CARTESIAN_POINT ( 'NONE',  ( 2.999999999999986677, 10.30000000000000071, 15.49999999999999467 ) ) ;
#2996 = ORIENTED_EDGE ( 'NONE', *, *, #195, .T. ) ;
#2997 = FACE_OUTER_BOUND ( 'NONE', #1277, .T. ) ;
#2998 = DIRECTION ( 'NONE',  ( 0.000000000000000000, 1.000000000000000000, -0.000000000000000000 ) ) ;
#2999 = DIRECTION ( 'NONE',  ( 1.000000000000000000, 0.000000000000000000, 0.000000000000000000 ) ) ;
#3000 = CARTESIAN_POINT ( 'NONE',  ( 17.49999999999998934, 0.000000000000000000, -6.000000000000002665 ) ) ;
#3001 = DIRECTION ( 'NONE',  ( 0.000000000000000000, -0.000000000000000000, -1.000000000000000000 ) ) ;
#3002 = CARTESIAN_POINT ( 'NONE',  ( -18.50000000000000355, 10.30000000000000071, 0.000000000000000000 ) ) ;
#3003 = CARTESIAN_POINT ( 'NONE',  ( -11.50000000000000000, 0.000000000000000000, 22.75000000000000711 ) ) ;
#3004 = DIRECTION ( 'NONE',  ( 1.000000000000000000, 0.000000000000000000, 0.000000000000000000 ) ) ;
#3005 = PRODUCT_DEFINITION_FORMATION_WITH_SPECIFIED_SOURCE ( 'ANY', '', #2744, .NOT_KNOWN. ) ;
#3006 = EDGE_CURVE ( 'NONE', #4090, #3449, #3806, .T. ) ;
#3007 = CARTESIAN_POINT ( 'NONE',  ( -15.99999999999999645, 0.3500000000000000333, -7.000000000000001776 ) ) ;
#3008 = CARTESIAN_POINT ( 'NONE',  ( -3.000000000000182965, 8.000000000000000000, 11.99999999999988631 ) ) ;
#3009 = EDGE_CURVE ( 'NONE', #4573, #3429, #3644, .T. ) ;
#3010 = DIRECTION ( 'NONE',  ( -0.000000000000000000, 1.000000000000000000, -0.000000000000000000 ) ) ;
#3011 = VERTEX_POINT ( 'NONE', #3972 ) ;
#3012 = EDGE_LOOP ( 'NONE', ( #1932, #708, #2996, #4158 ) ) ;
#3013 = VECTOR ( 'NONE', #881, 1000.000000000000000 ) ;
#3014 = PLANE ( 'NONE',  #2468 ) ;
#3015 = EDGE_CURVE ( 'NONE', #175, #2206, #641, .T. ) ;
#3016 = DIRECTION ( 'NONE',  ( 0.000000000000000000, 0.000000000000000000, 1.000000000000000000 ) ) ;
#3017 = ORIENTED_EDGE ( 'NONE', *, *, #1274, .T. ) ;
#3018 = DIRECTION ( 'NONE',  ( 0.000000000000000000, 0.000000000000000000, 1.000000000000000000 ) ) ;
#3019 = DIRECTION ( 'NONE',  ( -0.000000000000000000, -1.000000000000000000, -0.000000000000000000 ) ) ;
#3020 = EDGE_CURVE ( 'NONE', #3288, #188, #3622, .T. ) ;
#3021 = B_SPLINE_CURVE_WITH_KNOTS ( 'NONE', 3,
 ( #1069, #314, #2575, #2547 ),
 .UNSPECIFIED., .F., .F.,
 ( 4, 4 ),
 ( 0.000000000000000000, 1.000000000000000000 ),
 .UNSPECIFIED. ) ;
#3022 = AXIS2_PLACEMENT_3D ( 'NONE', #561, #861, #4640 ) ;
#3023 = EDGE_CURVE ( 'NONE', #2968, #4562, #860, .T. ) ;
#3024 = DIRECTION ( 'NONE',  ( -0.000000000000000000, -1.000000000000000000, -0.000000000000000000 ) ) ;
#3025 = DIRECTION ( 'NONE',  ( -1.000000000000000000, -0.000000000000000000, -0.000000000000000000 ) ) ;
#3026 = PLANE ( 'NONE',  #3582 ) ;
#3027 = CARTESIAN_POINT ( 'NONE',  ( -25.99999999999981526, 3.000000000000000000, -8.999999999999896971 ) ) ;
#3028 = CARTESIAN_POINT ( 'NONE',  ( -16.00000000000000000, 5.000000000000000000, 23.25000000000000355 ) ) ;
#3029 = CARTESIAN_POINT ( 'NONE',  ( 0.000000000000000000, 0.000000000000000000, -17.99999999999999645 ) ) ;
#3030 = CARTESIAN_POINT ( 'NONE',  ( -15.36836184007531969, 3.000000000000000444, 6.160436062035037352 ) ) ;
#3031 = AXIS2_PLACEMENT_3D ( 'NONE', #4797, #1135, #3373 ) ;
#3032 = CYLINDRICAL_SURFACE ( 'NONE', #1223, 2.499999999999998668 ) ;
#3033 = ORIENTED_EDGE ( 'NONE', *, *, #3519, .T. ) ;
#3034 = AXIS2_PLACEMENT_3D ( 'NONE', #4558, #4657, #3512 ) ;
#3035 = VERTEX_POINT ( 'NONE', #296 ) ;
#3036 = ORIENTED_EDGE ( 'NONE', *, *, #2541, .F. ) ;
#3037 = CIRCLE ( 'NONE', #1326, 2.999999999999995559 ) ;
#3038 = CARTESIAN_POINT ( 'NONE',  ( -23.50000000000000000, 1.650000000000000799, 18.00000000000001066 ) ) ;
#3039 = EDGE_LOOP ( 'NONE', ( #3649, #1532, #3118, #969 ) ) ;
#3040 = CARTESIAN_POINT ( 'NONE',  ( 0.000000000000000000, 10.30000000000000071, -20.49999999999999645 ) ) ;
#3041 = AXIS2_PLACEMENT_3D ( 'NONE', #2767, #2347, #152 ) ;
#3042 = ORIENTED_EDGE ( 'NONE', *, *, #3071, .T. ) ;
#3043 = DIRECTION ( 'NONE',  ( -0.000000000000000000, -1.000000000000000000, -0.000000000000000000 ) ) ;
#3044 = DIRECTION ( 'NONE',  ( 0.000000000000000000, 0.000000000000000000, -1.000000000000000000 ) ) ;
#3045 = ADVANCED_FACE ( 'NONE', ( #4321 ), #1004, .T. ) ;
#3046 = CARTESIAN_POINT ( 'NONE',  ( 17.49999999999998934, 6.349999999999994316, 19.02499999999998792 ) ) ;
#3047 = DIRECTION ( 'NONE',  ( 0.000000000000000000, 0.000000000000000000, 1.000000000000000000 ) ) ;
#3048 = FACE_OUTER_BOUND ( 'NONE', #3274, .T. ) ;
#3049 = EDGE_CURVE ( 'NONE', #2204, #3342, #2024, .T. ) ;
#3050 = CYLINDRICAL_SURFACE ( 'NONE', #1169, 1.700000000000000178 ) ;
#3051 = DIRECTION ( 'NONE',  ( -0.000000000000000000, 1.000000000000000000, -0.000000000000000000 ) ) ;
#3052 = CARTESIAN_POINT ( 'NONE',  ( -14.49379192381021930, 3.000000000000000444, 6.719687751831032507 ) ) ;
#3053 =( REPRESENTATION_RELATIONSHIP ('NONE','NONE', #1682, #3637 ) REPRESENTATION_RELATIONSHIP_WITH_TRANSFORMATION ( #1450 )SHAPE_REPRESENTATION_RELATIONSHIP( ) );
#3054 = PRODUCT_DEFINITION_SHAPE ( 'NONE', 'NONE',  #1117 ) ;
#3055 = CYLINDRICAL_SURFACE ( 'NONE', #4717, 1.249999999999999334 ) ;
#3056 = EDGE_LOOP ( 'NONE', ( #1514, #310, #1016, #792 ) ) ;
#3057 = VERTEX_POINT ( 'NONE', #3600 ) ;
#3058 = VERTEX_POINT ( 'NONE', #2504 ) ;
#3059 = VECTOR ( 'NONE', #4485, 1000.000000000000000 ) ;
#3060 = VECTOR ( 'NONE', #4790, 1000.000000000000000 ) ;
#3061 = CARTESIAN_POINT ( 'NONE',  ( -3.000000000000013323, 0.000000000000000000, 15.49999999999999467 ) ) ;
#3062 = ORIENTED_EDGE ( 'NONE', *, *, #2107, .F. ) ;
#3063 = CYLINDRICAL_SURFACE ( 'NONE', #3100, 2.499999999999993339 ) ;
#3064 = ORIENTED_EDGE ( 'NONE', *, *, #2806, .T. ) ;
#3065 = EDGE_CURVE ( 'NONE', #1974, #1981, #591, .T. ) ;
#3066 = DIRECTION ( 'NONE',  ( 0.000000000000000000, 0.000000000000000000, -1.000000000000000000 ) ) ;
#3067 = CARTESIAN_POINT ( 'NONE',  ( 3.614007241618348376E-15, 10.30000000000000071, -12.49999999999999822 ) ) ;
#3068 = B_SPLINE_CURVE_WITH_KNOTS ( 'NONE', 3,
 ( #2848, #4702, #2827, #987, #3202, #4002, #2137, #3246, #4658, #2462, #1013, #2780, #1765, #3513, #4265, #1322, #1741, #3151, #280, #2063, #4726, #4680, #1394, #184, #625, #3587, #1670, #4286, #2878, #3537, #207, #945, #259, #3224, #598, #2419, #1692, #2805, #967, #2440, #3928, #2085, #3561 ),
 .UNSPECIFIED., .F., .F.,
 ( 4, 1, 1, 1, 1, 1, 1, 2, 2, 1, 1, 1, 1, 1, 2, 2, 2, 1, 1, 1, 1, 1, 2, 2, 1, 1, 1, 1, 1, 2, 2, 4 ),
 ( 0.000000000000000000, 0.1250000000000181799, 0.1875000000000270894, 0.2187500000000314193, 0.2343750000000332789, 0.2421875000000340006, 0.2460937500000344724, 0.2480468750000348055, 0.2500000000000351386, 0.3125000000000437983, 0.3437500000000482947, 0.3593750000000507372, 0.3671875000000516809, 0.3710937500000521805, 0.3730468750000522360, 0.3750000000000522915, 0.5000000000000551781, 0.5625000000000565104, 0.5937500000000575096, 0.6093750000000580647, 0.6171875000000587308, 0.6210937500000592859, 0.6230468750000593969, 0.6250000000000596190, 0.6875000000000524025, 0.7187500000000484057, 0.7343750000000460743, 0.7421875000000448530, 0.7460937500000439648, 0.7480468750000438538, 0.7500000000000436318, 1.000000000000000000 ),
 .UNSPECIFIED. ) ;
#3069 = AXIS2_PLACEMENT_3D ( 'NONE', #2223, #3751, #4141 ) ;
#3070 = FACE_OUTER_BOUND ( 'NONE', #3312, .T. ) ;
#3071 = EDGE_CURVE ( 'NONE', #3699, #555, #200, .T. ) ;
#3072 = DIRECTION ( 'NONE',  ( -0.000000000000000000, 1.000000000000000000, -0.000000000000000000 ) ) ;
#3073 = CARTESIAN_POINT ( 'NONE',  ( 6.499999999999988454, 1.199999999999999956, 14.50000000000000178 ) ) ;
#3074 = DIRECTION ( 'NONE',  ( -0.000000000000000000, -1.000000000000000000, -0.000000000000000000 ) ) ;
#3075 = CARTESIAN_POINT ( 'NONE',  ( -16.00000000000001421, 0.000000000000000000, 4.000000000000005329 ) ) ;
#3076 = CARTESIAN_POINT ( 'NONE',  ( -5.999999999999952038, 10.30000000000000071, -15.50000000000001066 ) ) ;
#3077 = EDGE_CURVE ( 'NONE', #1259, #2431, #153, .T. ) ;
#3078 = CARTESIAN_POINT ( 'NONE',  ( -23.50000000000000000, 8.000000000000000000, 4.975000000000013856 ) ) ;
#3079 = CARTESIAN_POINT ( 'NONE',  ( -15.72174937072136025, 3.000000000000000000, 5.487691670000901745 ) ) ;
#3080 = EDGE_CURVE ( 'NONE', #2446, #2386, #4716, .T. ) ;
#3081 = DIRECTION ( 'NONE',  ( 0.000000000000000000, 0.000000000000000000, -1.000000000000000000 ) ) ;
#3082 = UNCERTAINTY_MEASURE_WITH_UNIT (LENGTH_MEASURE( 1.000000000000000082E-05 ), #577, 'distance_accuracy_value', 'NONE');
#3083 = VERTEX_POINT ( 'NONE', #960 ) ;
#3084 = VERTEX_POINT ( 'NONE', #1385 ) ;
#3085 = ORIENTED_EDGE ( 'NONE', *, *, #495, .F. ) ;
#3086 = CARTESIAN_POINT ( 'NONE',  ( -15.91647448547285570, 3.000000000000000444, -4.560385825438366680 ) ) ;
#3087 = ORIENTED_EDGE ( 'NONE', *, *, #3867, .T. ) ;
#3088 = DIRECTION ( 'NONE',  ( -3.430415673744136424E-15, 0.000000000000000000, 1.000000000000000000 ) ) ;
#3089 = ORIENTED_EDGE ( 'NONE', *, *, #3642, .T. ) ;
#3090 = DIRECTION ( 'NONE',  ( 0.000000000000000000, -0.000000000000000000, 1.000000000000000000 ) ) ;
#3091 = AXIS2_PLACEMENT_3D ( 'NONE', #3038, #121, #2361 ) ;
#3092 = AXIS2_PLACEMENT_3D ( 'NONE', #2106, #3195, #3975 ) ;
#3093 = CARTESIAN_POINT ( 'NONE',  ( -5.999999999999949374, 10.30000000000000071, -2.058249404246464263E-14 ) ) ;
#3094 = AXIS2_PLACEMENT_3D ( 'NONE', #1695, #1369, #1324 ) ;
#3095 =( LENGTH_UNIT ( ) NAMED_UNIT ( * ) SI_UNIT ( .MILLI., .METRE. ) );
#3096 = DIRECTION ( 'NONE',  ( -0.000000000000000000, 1.000000000000000000, -0.000000000000000000 ) ) ;
#3097 = CIRCLE ( 'NONE', #3482, 1.024999999999991251 ) ;
#3098 = FACE_OUTER_BOUND ( 'NONE', #2238, .T. ) ;
#3099 = DIRECTION ( 'NONE',  ( -1.000000000000000000, -0.000000000000000000, -0.000000000000000000 ) ) ;
#3100 = AXIS2_PLACEMENT_3D ( 'NONE', #491, #3433, #1581 ) ;
#3101 = PRODUCT_RELATED_PRODUCT_CATEGORY ( 'part', '', ( #2059 ) ) ;
#3102 = CARTESIAN_POINT ( 'NONE',  ( 16.00000000000000355, 1.233333333333333171, -2.800000000000001155 ) ) ;
#3103 = AXIS2_PLACEMENT_3D ( 'NONE', #3263, #2818, #2841 ) ;
#3104 = CYLINDRICAL_SURFACE ( 'NONE', #2964, 2.999999999999995559 ) ;
#3105 = CARTESIAN_POINT ( 'NONE',  ( -14.47195053838854406, 3.000000000000000888, 6.727021142775456042 ) ) ;
#3106 = CIRCLE ( 'NONE', #235, 1.299999999999999156 ) ;
#3107 = CARTESIAN_POINT ( 'NONE',  ( -3.000000000000010214, 10.30000000000000071, -17.50000000000000000 ) ) ;
#3108 = ORIENTED_EDGE ( 'NONE', *, *, #3142, .F. ) ;
#3109 = EDGE_CURVE ( 'NONE', #4570, #2337, #2433, .T. ) ;
#3110 = AXIS2_PLACEMENT_3D ( 'NONE', #3368, #2297, #3775 ) ;
#3111 = ORIENTED_EDGE ( 'NONE', *, *, #889, .F. ) ;
#3112 = ORIENTED_EDGE ( 'NONE', *, *, #4319, .F. ) ;
#3113 = EDGE_CURVE ( 'NONE', #2364, #3590, #4673, .T. ) ;
#3114 = AXIS2_PLACEMENT_3D ( 'NONE', #1113, #4074, #1539 ) ;
#3115 = PLANE ( 'NONE',  #2390 ) ;
#3116 = ORIENTED_EDGE ( 'NONE', *, *, #4151, .T. ) ;
#3117 = DIRECTION ( 'NONE',  ( -0.000000000000000000, 1.000000000000000000, -0.000000000000000000 ) ) ;
#3118 = ORIENTED_EDGE ( 'NONE', *, *, #1619, .T. ) ;
#3119 = FACE_OUTER_BOUND ( 'NONE', #2671, .T. ) ;
#3120 = LINE ( 'NONE', #933, #1705 ) ;
#3121 = CARTESIAN_POINT ( 'NONE',  ( 11.80000000000000071, 0.3500000000000000333, 6.999999999999998224 ) ) ;
#3122 = VERTEX_POINT ( 'NONE', #1030 ) ;
#3123 = DIRECTION ( 'NONE',  ( 0.000000000000000000, -1.000000000000000000, 0.000000000000000000 ) ) ;
#3124 = DIRECTION ( 'NONE',  ( 0.000000000000000000, 0.000000000000000000, 1.000000000000000000 ) ) ;
#3125 = CARTESIAN_POINT ( 'NONE',  ( -15.99999999999999645, 3.000000000000000000, -2.800000000000001155 ) ) ;
#3126 = LINE ( 'NONE', #1252, #2113 ) ;
#3127 = DIRECTION ( 'NONE',  ( -0.000000000000000000, 1.000000000000000000, -0.000000000000000000 ) ) ;
#3128 = CARTESIAN_POINT ( 'NONE',  ( 17.49999999999998934, 6.349999999999994316, -6.000000000000002665 ) ) ;
#3129 = EDGE_LOOP ( 'NONE', ( #4363, #4068, #4544, #2007, #1996, #512 ) ) ;
#3130 = ORIENTED_EDGE ( 'NONE', *, *, #787, .T. ) ;
#3131 = ORIENTED_EDGE ( 'NONE', *, *, #2073, .T. ) ;
#3132 = EDGE_CURVE ( 'NONE', #269, #507, #3993, .T. ) ;
#3133 = CARTESIAN_POINT ( 'NONE',  ( -15.98875195596056642, 3.000000000000000000, -3.675658418843480657 ) ) ;
#3134 = VERTEX_POINT ( 'NONE', #662 ) ;
#3135 = LINE ( 'NONE', #4274, #788 ) ;
#3136 = AXIS2_PLACEMENT_3D ( 'NONE', #524, #2014, #4333 ) ;
#3137 = EDGE_CURVE ( 'NONE', #4639, #3797, #224, .T. ) ;
#3138 = ORIENTED_EDGE ( 'NONE', *, *, #48, .F. ) ;
#3139 = PRODUCT ( 'W1-LC-ASM-00_Module_C_RevB', 'W1-LC-ASM-00_Module_C_RevB', '', ( #3329 ) ) ;
#3140 = VECTOR ( 'NONE', #464, 1000.000000000000000 ) ;
#3141 = CARTESIAN_POINT ( 'NONE',  ( 17.49999999999998934, 6.349999999999994316, -6.000000000000002665 ) ) ;
#3142 = EDGE_CURVE ( 'NONE', #4248, #2206, #11, .T. ) ;
#3143 = AXIS2_PLACEMENT_3D ( 'NONE', #3327, #2596, #702 ) ;
#3144 = CARTESIAN_POINT ( 'NONE',  ( 20.50000000000018474, 0.000000000000000000, 6.000000000000119016 ) ) ;
#3145 = ORIENTED_EDGE ( 'NONE', *, *, #615, .T. ) ;
#3146 = DIRECTION ( 'NONE',  ( -0.000000000000000000, -1.000000000000000000, -0.000000000000000000 ) ) ;
#3147 = CYLINDRICAL_SURFACE ( 'NONE', #1302, 1.700000000000000178 ) ;
#3148 = CARTESIAN_POINT ( 'NONE',  ( 5.828427124746168531, 1.199999999999999734, 18.50000000000000355 ) ) ;
#3149 = CARTESIAN_POINT ( 'NONE',  ( 13.74864104239763307, 0.3500000000000000333, -6.891236178832812698 ) ) ;
#3150 = DIRECTION ( 'NONE',  ( -0.000000000000000000, 1.000000000000000000, -0.000000000000000000 ) ) ;
#3151 = CARTESIAN_POINT ( 'NONE',  ( 15.72315904628341876, 3.000000000000000888, 5.483496195558132946 ) ) ;
#3152 = EDGE_CURVE ( 'NONE', #831, #2434, #231, .T. ) ;
#3153 = CARTESIAN_POINT ( 'NONE',  ( 17.49999999999998934, 6.349999999999994316, 18.00000000000000000 ) ) ;
#3154 = EDGE_LOOP ( 'NONE', ( #2214, #3698, #2714, #3145, #1829, #3089, #3228, #2519 ) ) ;
#3155 = ORIENTED_EDGE ( 'NONE', *, *, #426, .T. ) ;
#3156 = ORIENTED_EDGE ( 'NONE', *, *, #4774, .T. ) ;
#3157 = EDGE_CURVE ( 'NONE', #3617, #4290, #400, .T. ) ;
#3158 = FACE_OUTER_BOUND ( 'NONE', #325, .T. ) ;
#3159 = ORIENTED_EDGE ( 'NONE', *, *, #2573, .F. ) ;
#3160 = DIRECTION ( 'NONE',  ( 1.000000000000000000, 0.000000000000000000, 0.000000000000000000 ) ) ;
#3161 = EDGE_LOOP ( 'NONE', ( #2150, #2474, #4374, #3255, #1379, #3155, #2423, #1831 ) ) ;
#3162 = DIRECTION ( 'NONE',  ( 0.000000000000000000, 0.000000000000000000, 1.000000000000000000 ) ) ;
#3163 = CARTESIAN_POINT ( 'NONE',  ( -23.50000000000000000, 1.650000000000001243, 6.000000000000008882 ) ) ;
#3164 = ADVANCED_FACE ( 'NONE', ( #2607 ), #348, .F. ) ;
#3165 = DIRECTION ( 'NONE',  ( 0.000000000000000000, 0.000000000000000000, 1.000000000000000000 ) ) ;
#3166 = ORIENTED_EDGE ( 'NONE', *, *, #3049, .F. ) ;
#3167 = CARTESIAN_POINT ( 'NONE',  ( -14.47191350384696484, 0.3500000000000000888, -6.727028585106337388 ) ) ;
#3168 = CARTESIAN_POINT ( 'NONE',  ( 9.999999999999987566, 4.000000000000000000, -11.25000000000000000 ) ) ;
#3169 = EDGE_CURVE ( 'NONE', #2175, #3288, #2259, .T. ) ;
#3170 = CIRCLE ( 'NONE', #3719, 3.249999999999999556 ) ;
#3171 = CARTESIAN_POINT ( 'NONE',  ( -15.99999999999999645, 2.116666666666666252, -2.800000000000001155 ) ) ;
#3172 = CARTESIAN_POINT ( 'NONE',  ( 15.78668807640694638, 0.3500000000000000333, -5.273850546805500805 ) ) ;
#3173 = CARTESIAN_POINT ( 'NONE',  ( -16.00000000000001066, 10.30000000000000071, -6.500000000000002665 ) ) ;
#3174 = CARTESIAN_POINT ( 'NONE',  ( 16.00000000000000000, 2.000000000000000000, -16.74999999999998934 ) ) ;
#3175 = VECTOR ( 'NONE', #4421, 1000.000000000000000 ) ;
#3176 = DIRECTION ( 'NONE',  ( 0.000000000000000000, 0.000000000000000000, 1.000000000000000000 ) ) ;
#3177 = VERTEX_POINT ( 'NONE', #1409 ) ;
#3178 = ORIENTED_EDGE ( 'NONE', *, *, #4093, .T. ) ;
#3179 = SURFACE_SIDE_STYLE ('',( #1560 ) ) ;
#3180 = CARTESIAN_POINT ( 'NONE',  ( 9.999999999999987566, 4.000000000000000000, 9.999999999999998224 ) ) ;
#3181 =( GEOMETRIC_REPRESENTATION_CONTEXT ( 3 ) GLOBAL_UNCERTAINTY_ASSIGNED_CONTEXT ( ( #2100 ) ) GLOBAL_UNIT_ASSIGNED_CONTEXT ( ( #1174, #81, #1933 ) ) REPRESENTATION_CONTEXT ( 'NONE', 'WORKASPACE' ) );
#3182 = DIRECTION ( 'NONE',  ( 0.000000000000000000, 0.000000000000000000, 1.000000000000000000 ) ) ;
#3183 = ORIENTED_EDGE ( 'NONE', *, *, #100, .F. ) ;
#3184 = AXIS2_PLACEMENT_3D ( 'NONE', #1666, #2391, #204 ) ;
#3185 = CARTESIAN_POINT ( 'NONE',  ( 11.80000000000000071, 0.3500000000000000333, 6.999999999999998224 ) ) ;
#3186 = ORIENTED_EDGE ( 'NONE', *, *, #276, .T. ) ;
#3187 = EDGE_CURVE ( 'NONE', #1802, #3611, #4478, .T. ) ;
#3188 = AXIS2_PLACEMENT_3D ( 'NONE', #2052, #1308, #3897 ) ;
#3189 = B_SPLINE_CURVE_WITH_KNOTS ( 'NONE', 3,
 ( #1942, #3764, #46, #434 ),
 .UNSPECIFIED., .F., .F.,
 ( 4, 4 ),
 ( 0.000000000000000000, 1.000000000000000000 ),
 .UNSPECIFIED. ) ;
#3190 = CARTESIAN_POINT ( 'NONE',  ( 16.00000000000000000, 0.000000000000000000, -18.29999999999999005 ) ) ;
#3191 = AXIS2_PLACEMENT_3D ( 'NONE', #206, #4610, #3488 ) ;
#3192 = DIRECTION ( 'NONE',  ( -0.000000000000000000, 1.000000000000000000, -0.000000000000000000 ) ) ;
#3193 = ORIENTED_EDGE ( 'NONE', *, *, #2656, .T. ) ;
#3194 = CARTESIAN_POINT ( 'NONE',  ( -14.80347678730762340, 0.3500000000000000333, -6.597652101341686226 ) ) ;
#3195 = DIRECTION ( 'NONE',  ( 0.000000000000000000, 0.000000000000000000, 1.000000000000000000 ) ) ;
#3196 = EDGE_CURVE ( 'NONE', #3429, #4573, #2863, .T. ) ;
#3197 = CARTESIAN_POINT ( 'NONE',  ( 16.00000000000000355, 2.160833333333332273, 2.799999999999997602 ) ) ;
#3198 = FACE_OUTER_BOUND ( 'NONE', #1811, .T. ) ;
#3199 = CIRCLE ( 'NONE', #3188, 1.700000000000000178 ) ;
#3200 = ADVANCED_FACE ( 'NONE', ( #4095 ), #324, .F. ) ;
#3201 = CARTESIAN_POINT ( 'NONE',  ( 0.000000000000000000, 10.30000000000000071, -4.000000000000009770 ) ) ;
#3202 = CARTESIAN_POINT ( 'NONE',  ( 15.93462074402084561, 3.000000000000000444, 4.400418372021237978 ) ) ;
#3203 = DIRECTION ( 'NONE',  ( 0.000000000000000000, -0.000000000000000000, -1.000000000000000000 ) ) ;
#3204 = ORIENTED_EDGE ( 'NONE', *, *, #488, .T. ) ;
#3205 = ORIENTED_EDGE ( 'NONE', *, *, #1341, .F. ) ;
#3206 = CARTESIAN_POINT ( 'NONE',  ( 2.999999999999989786, 10.30000000000000071, -12.49999999999999822 ) ) ;
#3207 = ORIENTED_EDGE ( 'NONE', *, *, #4559, .T. ) ;
#3208 = DIRECTION ( 'NONE',  ( 0.000000000000000000, 0.000000000000000000, -1.000000000000000000 ) ) ;
#3209 = ORIENTED_EDGE ( 'NONE', *, *, #3132, .F. ) ;
#3210 = CARTESIAN_POINT ( 'NONE',  ( 15.36828202304387858, 0.3500000000000000333, 6.160580512564791000 ) ) ;
#3211 = ORIENTED_EDGE ( 'NONE', *, *, #2893, .T. ) ;
#3212 = DIRECTION ( 'NONE',  ( -0.000000000000000000, -1.000000000000000000, -0.000000000000000000 ) ) ;
#3213 = ADVANCED_FACE ( 'NONE', ( #2997 ), #3289, .T. ) ;
#3214 = CARTESIAN_POINT ( 'NONE',  ( 17.49999999999998934, 6.349999999999994316, -16.97500000000001563 ) ) ;
#3215 = ORIENTED_EDGE ( 'NONE', *, *, #4803, .F. ) ;
#3216 = CARTESIAN_POINT ( 'NONE',  ( 11.80000000000000071, 0.3500000000000000333, 6.999999999999998224 ) ) ;
#3217 = DIRECTION ( 'NONE',  ( -0.000000000000000000, 1.000000000000000000, -0.000000000000000000 ) ) ;
#3218 = CIRCLE ( 'NONE', #3136, 1.024999999999987699 ) ;
#3219 = PRODUCT_DEFINITION_SHAPE ( 'NONE', 'NONE',  #4809 ) ;
#3220 = EDGE_CURVE ( 'NONE', #811, #384, #4120, .T. ) ;
#3221 = CARTESIAN_POINT ( 'NONE',  ( 2.999999999999986677, 0.000000000000000000, 12.50000000000000178 ) ) ;
#3222 = CARTESIAN_POINT ( 'NONE',  ( 12.17096039202727553, 2.999999999999999556, -7.000000000000002665 ) ) ;
#3223 = CARTESIAN_POINT ( 'NONE',  ( -15.99999999999999822, 2.160833333333332718, -7.000000000000002665 ) ) ;
#3224 = CARTESIAN_POINT ( 'NONE',  ( 13.89137879899358730, 3.000000000000000444, 6.868937463671419330 ) ) ;
#3225 = EDGE_CURVE ( 'NONE', #3471, #1535, #2583, .T. ) ;
#3226 = AXIS2_PLACEMENT_3D ( 'NONE', #4067, #1908, #33 ) ;
#3227 = PLANE ( 'NONE',  #2854 ) ;
#3228 = ORIENTED_EDGE ( 'NONE', *, *, #1860, .T. ) ;
#3229 = EDGE_LOOP ( 'NONE', ( #3234, #1781, #730, #1853 ) ) ;
#3230 = DIRECTION ( 'NONE',  ( 0.000000000000000000, 0.000000000000000000, 1.000000000000000000 ) ) ;
#3231 = CARTESIAN_POINT ( 'NONE',  ( -15.91647448547285926, 0.3499999999999999778, 4.560357922815146736 ) ) ;
#3232 = EDGE_CURVE ( 'NONE', #1847, #1031, #3755, .T. ) ;
#3233 = CARTESIAN_POINT ( 'NONE',  ( -14.55317429411861418, 3.000000000000000444, -6.698901161997376619 ) ) ;
#3234 = ORIENTED_EDGE ( 'NONE', *, *, #4034, .T. ) ;
#3235 = CARTESIAN_POINT ( 'NONE',  ( -23.50000000000000000, 8.000000000000001776, -4.975000000000000533 ) ) ;
#3236 = EDGE_LOOP ( 'NONE', ( #2376, #1429, #3193, #50 ) ) ;
#3237 = CARTESIAN_POINT ( 'NONE',  ( 26.00000000000018474, 3.000000000000000000, 9.000000000000119016 ) ) ;
#3238 = AXIS2_PLACEMENT_3D ( 'NONE', #2619, #1, #2242 ) ;
#3239 = DIRECTION ( 'NONE',  ( -0.000000000000000000, -1.000000000000000000, -0.000000000000000000 ) ) ;
#3240 = EDGE_LOOP ( 'NONE', ( #2338, #210, #2887, #1753 ) ) ;
#3241 = CARTESIAN_POINT ( 'NONE',  ( -15.67354414931925177, 0.3500000000000000333, -5.620862119304051774 ) ) ;
#3242 = CARTESIAN_POINT ( 'NONE',  ( -10.00000000000001243, 11.50000000000000000, -10.00000000000000178 ) ) ;
#3243 = CARTESIAN_POINT ( 'NONE',  ( -16.00000000000000000, 0.000000000000000000, -21.69999999999998863 ) ) ;
#3244 = CARTESIAN_POINT ( 'NONE',  ( 15.35586495738329660, 0.3500000000000000888, -6.175191751734843137 ) ) ;
#3245 = CARTESIAN_POINT ( 'NONE',  ( -15.99999999999999645, 1.189166666666667371, -2.800000000000001155 ) ) ;
#3246 = CARTESIAN_POINT ( 'NONE',  ( 15.91327069688741602, 3.000000000000000000, 4.586221746873766492 ) ) ;
#3247 = ORIENTED_EDGE ( 'NONE', *, *, #2853, .F. ) ;
#3248 = ORIENTED_EDGE ( 'NONE', *, *, #4380, .T. ) ;
#3249 = DIRECTION ( 'NONE',  ( 0.000000000000000000, 0.000000000000000000, -1.000000000000000000 ) ) ;
#3250 = CARTESIAN_POINT ( 'NONE',  ( -16.00000000000000000, 5.000000000000000000, -23.24999999999998934 ) ) ;
#3251 = AXIS2_PLACEMENT_3D ( 'NONE', #1392, #692, #2611 ) ;
#3252 = AXIS2_PLACEMENT_3D ( 'NONE', #1985, #3871, #4645 ) ;
#3253 = EDGE_CURVE ( 'NONE', #2911, #831, #422, .T. ) ;
#3254 = CARTESIAN_POINT ( 'NONE',  ( -13.60367271972710057, 3.000000000000000444, -6.911061092181904897 ) ) ;
#3255 = ORIENTED_EDGE ( 'NONE', *, *, #2541, .T. ) ;
#3256 = DIRECTION ( 'NONE',  ( 0.000000000000000000, 0.000000000000000000, 1.000000000000000000 ) ) ;
#3257 = VECTOR ( 'NONE', #617, 1000.000000000000000 ) ;
#3258 = ORIENTED_EDGE ( 'NONE', *, *, #930, .F. ) ;
#3259 = ADVANCED_FACE ( 'NONE', ( #1108 ), #1078, .F. ) ;
#3260 = AXIS2_PLACEMENT_3D ( 'NONE', #844, #4630, #1293 ) ;
#3261 = CARTESIAN_POINT ( 'NONE',  ( 0.000000000000000000, 5.499999999999999112, 8.250000000000000000 ) ) ;
#3262 = ORIENTED_EDGE ( 'NONE', *, *, #2153, .T. ) ;
#3263 = CARTESIAN_POINT ( 'NONE',  ( -23.50000000000000000, 1.650000000000001243, -5.999999999999991118 ) ) ;
#3264 = EDGE_LOOP ( 'NONE', ( #1230, #2647 ) ) ;
#3265 = CARTESIAN_POINT ( 'NONE',  ( -12.50000000000001421, 10.30000000000000071, 15.50000000000000000 ) ) ;
#3266 = DIRECTION ( 'NONE',  ( 0.000000000000000000, -1.000000000000000000, 0.000000000000000000 ) ) ;
#3267 = AXIS2_PLACEMENT_3D ( 'NONE', #3985, #2884, #2193 ) ;
#3268 = DIRECTION ( 'NONE',  ( -0.000000000000000000, -1.000000000000000000, -0.000000000000000000 ) ) ;
#3269 = CARTESIAN_POINT ( 'NONE',  ( 15.90875219814881802, 3.000000000000000000, -4.621593085411794810 ) ) ;
#3270 = DIRECTION ( 'NONE',  ( -0.000000000000000000, 1.000000000000000000, -0.000000000000000000 ) ) ;
#3271 = CARTESIAN_POINT ( 'NONE',  ( -5.828427124746195176, 0.000000000000000000, 18.50000000000000355 ) ) ;
#3272 = CIRCLE ( 'NONE', #1177, 8.250000000000000000 ) ;
#3273 = DIRECTION ( 'NONE',  ( -0.000000000000000000, 1.000000000000000000, -0.000000000000000000 ) ) ;
#3274 = EDGE_LOOP ( 'NONE', ( #4711, #140, #3840, #4614 ) ) ;
#3275 = VECTOR ( 'NONE', #3657, 1000.000000000000000 ) ;
#3276 = ORIENTED_EDGE ( 'NONE', *, *, #138, .T. ) ;
#3277 = FACE_OUTER_BOUND ( 'NONE', #4414, .T. ) ;
#3278 = CARTESIAN_POINT ( 'NONE',  ( -15.72702858510661272, 0.3500000000000001443, 5.471913503845794224 ) ) ;
#3279 = AXIS2_PLACEMENT_3D ( 'NONE', #4495, #4042, #2969 ) ;
#3280 = PLANE ( 'NONE',  #4026 ) ;
#3281 = ORIENTED_EDGE ( 'NONE', *, *, #3352, .T. ) ;
#3282 = CARTESIAN_POINT ( 'NONE',  ( -16.00000000000000000, 0.000000000000000000, -19.99999999999998934 ) ) ;
#3283 = EDGE_LOOP ( 'NONE', ( #1239, #4140, #2270, #3276 ) ) ;
#3284 = ADVANCED_FACE ( 'NONE', ( #4455, #2917, #4399, #2556, #3678 ), #4045, .F. ) ;
#3285 = CARTESIAN_POINT ( 'NONE',  ( 0.000000000000000000, 10.30000000000000071, 4.000000000000005329 ) ) ;
#3286 = VERTEX_POINT ( 'NONE', #4070 ) ;
#3287 = EDGE_CURVE ( 'NONE', #971, #1426, #2250, .T. ) ;
#3288 = VERTEX_POINT ( 'NONE', #3933 ) ;
#3289 = PLANE ( 'NONE',  #1389 ) ;
#3290 = ORIENTED_EDGE ( 'NONE', *, *, #463, .F. ) ;
#3291 = LINE ( 'NONE', #3315, #721 ) ;
#3292 = DIRECTION ( 'NONE',  ( -0.000000000000000000, 1.000000000000000000, -0.000000000000000000 ) ) ;
#3293 = EDGE_CURVE ( 'NONE', #2022, #1771, #2400, .T. ) ;
#3294 = DIRECTION ( 'NONE',  ( -0.000000000000000000, -1.000000000000000000, -0.000000000000000000 ) ) ;
#3295 = DIRECTION ( 'NONE',  ( -1.000000000000000000, 0.000000000000000000, -0.000000000000000000 ) ) ;
#3296 = VECTOR ( 'NONE', #2186, 1000.000000000000000 ) ;
#3297 = CARTESIAN_POINT ( 'NONE',  ( 11.80000000000000071, 1.233333333333333171, -7.000000000000001776 ) ) ;
#3298 = CARTESIAN_POINT ( 'NONE',  ( -25.99999999999981526, 0.000000000000000000, -8.999999999999896971 ) ) ;
#3299 = CIRCLE ( 'NONE', #3768, 2.999999999999997335 ) ;
#3300 = LINE ( 'NONE', #2159, #1381 ) ;
#3301 = EDGE_LOOP ( 'NONE', ( #2552, #3596 ) ) ;
#3302 = ORIENTED_EDGE ( 'NONE', *, *, #2687, .T. ) ;
#3303 = PLANE ( 'NONE',  #479 ) ;
#3304 = CARTESIAN_POINT ( 'NONE',  ( 6.000000000000046185, 10.30000000000000071, -17.49999999999999289 ) ) ;
#3305 = DIRECTION ( 'NONE',  ( 0.000000000000000000, -0.000000000000000000, -1.000000000000000000 ) ) ;
#3306 = ORIENTED_EDGE ( 'NONE', *, *, #1021, .F. ) ;
#3307 = CARTESIAN_POINT ( 'NONE',  ( 5.999999999999986677, 10.30000000000000071, 15.50000000000000533 ) ) ;
#3308 = EDGE_LOOP ( 'NONE', ( #1355, #1211, #1976, #1370 ) ) ;
#3309 = EDGE_CURVE ( 'NONE', #2918, #1553, #3456, .T. ) ;
#3310 = CARTESIAN_POINT ( 'NONE',  ( 2.999999999999989786, 10.30000000000000071, -12.49999999999999822 ) ) ;
#3311 = VERTEX_POINT ( 'NONE', #3412 ) ;
#3312 = EDGE_LOOP ( 'NONE', ( #1173, #1146, #3453, #460 ) ) ;
#3313 = CARTESIAN_POINT ( 'NONE',  ( 17.49999999999998934, 0.000000000000000000, -6.000000000000002665 ) ) ;
#3314 = ORIENTED_EDGE ( 'NONE', *, *, #4447, .F. ) ;
#3315 = CARTESIAN_POINT ( 'NONE',  ( 5.999999999999983125, 10.30000000000000071, 17.50000000000000355 ) ) ;
#3316 = DIRECTION ( 'NONE',  ( 0.000000000000000000, 0.000000000000000000, 1.000000000000000000 ) ) ;
#3317 = EDGE_CURVE ( 'NONE', #2968, #4666, #3911, .T. ) ;
#3318 = FACE_OUTER_BOUND ( 'NONE', #628, .T. ) ;
#3319 = CARTESIAN_POINT ( 'NONE',  ( 15.72174937072136380, 3.000000000000000444, -5.487691670000898192 ) ) ;
#3320 = DIRECTION ( 'NONE',  ( 0.000000000000000000, 0.000000000000000000, -1.000000000000000000 ) ) ;
#3321 = FACE_OUTER_BOUND ( 'NONE', #4144, .T. ) ;
#3322 = EDGE_CURVE ( 'NONE', #4666, #9, #1870, .T. ) ;
#3323 = DIRECTION ( 'NONE',  ( -0.000000000000000000, 1.000000000000000000, -0.000000000000000000 ) ) ;
#3324 = ORIENTED_EDGE ( 'NONE', *, *, #108, .F. ) ;
#3325 = VERTEX_POINT ( 'NONE', #4527 ) ;
#3326 = CARTESIAN_POINT ( 'NONE',  ( -20.49999999999981526, 0.000000000000000000, -7.299999999999880806 ) ) ;
#3327 = CARTESIAN_POINT ( 'NONE',  ( -15.00000000000001421, 10.30000000000000071, -15.50000000000000178 ) ) ;
#3328 = VECTOR ( 'NONE', #3332, 1000.000000000000000 ) ;
#3329 = PRODUCT_CONTEXT ( 'NONE', #1892, 'mechanical' ) ;
#3330 = AXIS2_PLACEMENT_3D ( 'NONE', #4457, #1891, #300 ) ;
#3331 = VECTOR ( 'NONE', #1671, 1000.000000000000000 ) ;
#3332 = DIRECTION ( 'NONE',  ( 1.000000000000000000, 0.000000000000000000, 0.000000000000000000 ) ) ;
#3333 = ORIENTED_EDGE ( 'NONE', *, *, #159, .T. ) ;
#3334 = VECTOR ( 'NONE', #4508, 1000.000000000000000 ) ;
#3335 = ORIENTED_EDGE ( 'NONE', *, *, #1505, .F. ) ;
#3336 = VECTOR ( 'NONE', #3991, 1000.000000000000000 ) ;
#3337 = LINE ( 'NONE', #2551, #878 ) ;
#3338 = ORIENTED_EDGE ( 'NONE', *, *, #2795, .T. ) ;
#3339 = VECTOR ( 'NONE', #2278, 1000.000000000000000 ) ;
#3340 = EDGE_LOOP ( 'NONE', ( #151, #2751 ) ) ;
#3341 = DIRECTION ( 'NONE',  ( 0.000000000000000000, 0.000000000000000000, 1.000000000000000000 ) ) ;
#3342 = VERTEX_POINT ( 'NONE', #4164 ) ;
#3343 = FACE_OUTER_BOUND ( 'NONE', #4766, .T. ) ;
#3344 = DIRECTION ( 'NONE',  ( 0.000000000000000000, 0.000000000000000000, 1.000000000000000000 ) ) ;
#3345 = AXIS2_PLACEMENT_3D ( 'NONE', #4300, #2797, #3550 ) ;
#3346 = VECTOR ( 'NONE', #4197, 1000.000000000000000 ) ;
#3347 = DIRECTION ( 'NONE',  ( -0.000000000000000000, 1.000000000000000000, -0.000000000000000000 ) ) ;
#3348 = CARTESIAN_POINT ( 'NONE',  ( 15.69890116199737484, 3.000000000000000000, -5.553174294118615073 ) ) ;
#3349 = DIRECTION ( 'NONE',  ( -0.000000000000000000, 1.000000000000000000, -0.000000000000000000 ) ) ;
#3350 = PLANE ( 'NONE',  #2901 ) ;
#3351 = MANIFOLD_SOLID_BREP ( 'Cut-Extrude1', #4773 ) ;
#3352 = EDGE_CURVE ( 'NONE', #2908, #3859, #932, .T. ) ;
#3353 = AXIS2_PLACEMENT_3D ( 'NONE', #423, #1913, #326 ) ;
#3354 = CARTESIAN_POINT ( 'NONE',  ( -15.99999999999999822, 0.2175000000000001099, 6.999999999999998224 ) ) ;
#3355 = ORIENTED_EDGE ( 'NONE', *, *, #3438, .T. ) ;
#3356 = EDGE_CURVE ( 'NONE', #2023, #680, #4422, .T. ) ;
#3357 = CIRCLE ( 'NONE', #2959, 2.999999999999999112 ) ;
#3358 = VERTEX_POINT ( 'NONE', #2299 ) ;
#3359 = DIRECTION ( 'NONE',  ( -1.000000000000000000, 0.000000000000000000, -0.000000000000000000 ) ) ;
#3360 = CARTESIAN_POINT ( 'NONE',  ( -29.00000000000001066, 0.000000000000000000, -22.00000000000000000 ) ) ;
#3361 = CONTEXT_DEPENDENT_SHAPE_REPRESENTATION ( #736, #2865 ) ;
#3362 = AXIS2_PLACEMENT_3D ( 'NONE', #4725, #2461, #332 ) ;
#3363 = DIRECTION ( 'NONE',  ( 1.000000000000000000, 0.000000000000000000, 2.891205793294678819E-16 ) ) ;
#3364 = VERTEX_POINT ( 'NONE', #1328 ) ;
#3365 = VERTEX_POINT ( 'NONE', #3777 ) ;
#3366 = FACE_OUTER_BOUND ( 'NONE', #814, .T. ) ;
#3367 = ORIENTED_EDGE ( 'NONE', *, *, #3387, .T. ) ;
#3368 = CARTESIAN_POINT ( 'NONE',  ( -10.00000000000001243, 11.50000000000000000, 9.999999999999998224 ) ) ;
#3369 = VERTEX_POINT ( 'NONE', #1606 ) ;
#3370 = DIRECTION ( 'NONE',  ( -0.000000000000000000, -1.000000000000000000, -0.000000000000000000 ) ) ;
#3371 = DIRECTION ( 'NONE',  ( 0.000000000000000000, 0.000000000000000000, 1.000000000000000000 ) ) ;
#3372 = CARTESIAN_POINT ( 'NONE',  ( 26.00000000000018474, 3.000000000000000000, 9.000000000000119016 ) ) ;
#3373 = DIRECTION ( 'NONE',  ( 0.000000000000000000, 0.000000000000000000, -1.000000000000000000 ) ) ;
#3374 = CARTESIAN_POINT ( 'NONE',  ( 20.50000000000018474, 0.000000000000000000, -4.699999999999882050 ) ) ;
#3375 = CARTESIAN_POINT ( 'NONE',  ( -10.00000000000001243, 11.50000000000000000, 11.25000000000000000 ) ) ;
#3376 = CARTESIAN_POINT ( 'NONE',  ( -10.00000000000001243, 11.50000000000000000, -8.750000000000000000 ) ) ;
#3377 = EDGE_CURVE ( 'NONE', #2161, #3540, #4574, .T. ) ;
#3378 = DIRECTION ( 'NONE',  ( 1.000000000000000000, 0.000000000000000000, 0.000000000000000000 ) ) ;
#3379 = VECTOR ( 'NONE', #478, 1000.000000000000000 ) ;
#3380 = FACE_OUTER_BOUND ( 'NONE', #1407, .T. ) ;
#3381 = SURFACE_SIDE_STYLE ('',( #4467 ) ) ;
#3382 = EDGE_CURVE ( 'NONE', #1130, #1698, #1197, .T. ) ;
#3383 = CARTESIAN_POINT ( 'NONE',  ( -12.50000000000001421, 0.000000000000000000, -15.50000000000000178 ) ) ;
#3384 = EDGE_LOOP ( 'NONE', ( #1433, #2837, #3403, #1975 ) ) ;
#3385 = ADVANCED_FACE ( 'NONE', ( #2811 ), #836, .T. ) ;
#3386 = ORIENTED_EDGE ( 'NONE', *, *, #1157, .F. ) ;
#3387 = EDGE_CURVE ( 'NONE', #97, #786, #1982, .T. ) ;
#3388 = DIRECTION ( 'NONE',  ( -0.000000000000000000, -1.000000000000000000, -0.000000000000000000 ) ) ;
#3389 = ORIENTED_EDGE ( 'NONE', *, *, #4537, .F. ) ;
#3390 = DIRECTION ( 'NONE',  ( 0.000000000000000000, 0.000000000000000000, 1.000000000000000000 ) ) ;
#3391 = ORIENTED_EDGE ( 'NONE', *, *, #4170, .F. ) ;
#3392 = CARTESIAN_POINT ( 'NONE',  ( 0.000000000000000000, 10.30000000000000071, 18.00000000000000000 ) ) ;
#3393 = DIRECTION ( 'NONE',  ( -0.000000000000000000, 1.000000000000000000, -0.000000000000000000 ) ) ;
#3394 = FACE_OUTER_BOUND ( 'NONE', #2505, .T. ) ;
#3395 = DIRECTION ( 'NONE',  ( 0.000000000000000000, 0.000000000000000000, -1.000000000000000000 ) ) ;
#3396 = CYLINDRICAL_SURFACE ( 'NONE', #2703, 3.249999999999999556 ) ;
#3397 = CARTESIAN_POINT ( 'NONE',  ( -20.49999999999981526, 3.000000000000000000, 6.000000000000119016 ) ) ;
#3398 = FACE_BOUND ( 'NONE', #1784, .T. ) ;
#3399 = CARTESIAN_POINT ( 'NONE',  ( -23.50000000000000000, 1.650000000000001243, -19.02499999999999503 ) ) ;
#3400 = DIRECTION ( 'NONE',  ( -0.000000000000000000, -1.000000000000000000, -0.000000000000000000 ) ) ;
#3401 = CARTESIAN_POINT ( 'NONE',  ( -13.67504781099758659, 0.3500000000000000333, 6.901636305098369562 ) ) ;
#3402 = CARTESIAN_POINT ( 'NONE',  ( -10.00000000000001243, 11.50000000000000000, -10.00000000000000178 ) ) ;
#3403 = ORIENTED_EDGE ( 'NONE', *, *, #495, .T. ) ;
#3404 = EDGE_LOOP ( 'NONE', ( #3499, #4202, #3915, #4412, #2616, #3367, #3956, #1911 ) ) ;
#3405 = EDGE_CURVE ( 'NONE', #97, #508, #126, .T. ) ;
#3406 = AXIS2_PLACEMENT_3D ( 'NONE', #30, #1506, #2989 ) ;
#3407 = VECTOR ( 'NONE', #3924, 1000.000000000000000 ) ;
#3408 = LINE ( 'NONE', #789, #3558 ) ;
#3409 = DIRECTION ( 'NONE',  ( -1.000000000000000000, -0.000000000000000000, -0.000000000000000000 ) ) ;
#3410 = ADVANCED_FACE ( 'NONE', ( #4549 ), #1216, .F. ) ;
#3411 = ORIENTED_EDGE ( 'NONE', *, *, #2073, .F. ) ;
#3412 = CARTESIAN_POINT ( 'NONE',  ( 16.00000000000000000, 2.000000000000000000, 18.30000000000000782 ) ) ;
#3413 = CARTESIAN_POINT ( 'NONE',  ( 5.828427124746175636, 0.000000000000000000, 14.50000000000000178 ) ) ;
#3414 = CIRCLE ( 'NONE', #2944, 2.999999999999995559 ) ;
#3415 = LINE ( 'NONE', #4605, #3740 ) ;
#3416 = DIRECTION ( 'NONE',  ( -0.000000000000000000, 1.000000000000000000, -0.000000000000000000 ) ) ;
#3417 = VECTOR ( 'NONE', #2972, 1000.000000000000000 ) ;
#3418 = FACE_OUTER_BOUND ( 'NONE', #2079, .T. ) ;
#3419 = FACE_BOUND ( 'NONE', #393, .T. ) ;
#3420 = VECTOR ( 'NONE', #3378, 1000.000000000000000 ) ;
#3421 = DIRECTION ( 'NONE',  ( -0.000000000000000000, 1.000000000000000000, -0.000000000000000000 ) ) ;
#3422 = DIRECTION ( 'NONE',  ( -0.000000000000000000, 1.000000000000000000, -0.000000000000000000 ) ) ;
#3423 = CARTESIAN_POINT ( 'NONE',  ( -12.67565841884348465, 3.000000000000000000, 6.988751955960572637 ) ) ;
#3424 = AXIS2_PLACEMENT_3D ( 'NONE', #4404, #1915, #2233 ) ;
#3425 = DIRECTION ( 'NONE',  ( -0.000000000000000000, 1.000000000000000000, -0.000000000000000000 ) ) ;
#3426 = EDGE_LOOP ( 'NONE', ( #4069, #3677, #1729, #536 ) ) ;
#3427 = AXIS2_PLACEMENT_3D ( 'NONE', #1524, #2308, #807 ) ;
#3428 = ORIENTED_EDGE ( 'NONE', *, *, #4649, .T. ) ;
#3429 = VERTEX_POINT ( 'NONE', #1094 ) ;
#3430 = VECTOR ( 'NONE', #1366, 1000.000000000000000 ) ;
#3431 = CARTESIAN_POINT ( 'NONE',  ( -11.50000000000000000, 5.000000000000000000, 22.75000000000000711 ) ) ;
#3432 = ORIENTED_EDGE ( 'NONE', *, *, #1653, .F. ) ;
#3433 = DIRECTION ( 'NONE',  ( -0.000000000000000000, -1.000000000000000000, -0.000000000000000000 ) ) ;
#3434 = CIRCLE ( 'NONE', #3652, 1.024999999999991251 ) ;
#3435 = EDGE_LOOP ( 'NONE', ( #4057, #1599, #4393, #3679 ) ) ;
#3436 = DIRECTION ( 'NONE',  ( -0.000000000000000000, 1.000000000000000000, -0.000000000000000000 ) ) ;
#3437 = CARTESIAN_POINT ( 'NONE',  ( 6.499999999999987566, 1.199999999999999956, 18.50000000000000355 ) ) ;
#3438 = EDGE_CURVE ( 'NONE', #2046, #4474, #3970, .T. ) ;
#3439 = CARTESIAN_POINT ( 'NONE',  ( 16.00000000000000000, 5.000000000000000000, -21.69999999999998863 ) ) ;
#3440 = ADVANCED_FACE ( 'NONE', ( #4686 ), #2520, .F. ) ;
#3441 = CARTESIAN_POINT ( 'NONE',  ( 11.49999999999999645, 5.000000000000000000, 24.00000000000000711 ) ) ;
#3442 = CARTESIAN_POINT ( 'NONE',  ( 2.999999999999991118, 10.30000000000000071, -20.49999999999999645 ) ) ;
#3443 = DIRECTION ( 'NONE',  ( 1.000000000000000000, 0.000000000000000000, 0.000000000000000000 ) ) ;
#3444 = LINE ( 'NONE', #2707, #1242 ) ;
#3445 = CARTESIAN_POINT ( 'NONE',  ( -16.00000000000000000, 5.000000000000000000, 20.00000000000000355 ) ) ;
#3446 = CARTESIAN_POINT ( 'NONE',  ( -15.71624832870666388, 3.000000000000000444, 5.503851337969789093 ) ) ;
#3447 = DIRECTION ( 'NONE',  ( -0.000000000000000000, 1.000000000000000000, -0.000000000000000000 ) ) ;
#3448 = ORIENTED_EDGE ( 'NONE', *, *, #2927, .T. ) ;
#3449 = VERTEX_POINT ( 'NONE', #309 ) ;
#3450 = EDGE_LOOP ( 'NONE', ( #1070, #4234 ) ) ;
#3451 = VECTOR ( 'NONE', #1344, 1000.000000000000000 ) ;
#3452 = PLANE ( 'NONE',  #2246 ) ;
#3453 = ORIENTED_EDGE ( 'NONE', *, *, #615, .F. ) ;
#3454 = CARTESIAN_POINT ( 'NONE',  ( 16.00000000000000000, 2.000000000000000000, 20.00000000000000711 ) ) ;
#3455 = ORIENTED_EDGE ( 'NONE', *, *, #947, .T. ) ;
#3456 = LINE ( 'NONE', #1536, #4727 ) ;
#3457 = LINE ( 'NONE', #2383, #2200 ) ;
#3458 = DIRECTION ( 'NONE',  ( -0.000000000000000000, 1.000000000000000000, -0.000000000000000000 ) ) ;
#3459 =( LENGTH_UNIT ( ) NAMED_UNIT ( * ) SI_UNIT ( .MILLI., .METRE. ) );
#3460 = CARTESIAN_POINT ( 'NONE',  ( -6.500000000000011546, 1.199999999999999956, 18.50000000000000355 ) ) ;
#3461 = CARTESIAN_POINT ( 'NONE',  ( -13.56035792281634933, 0.3499999999999999778, -6.916474485472864586 ) ) ;
#3462 = DIRECTION ( 'NONE',  ( -0.000000000000000000, -1.000000000000000000, -0.000000000000000000 ) ) ;
#3463 = EDGE_CURVE ( 'NONE', #298, #880, #2909, .T. ) ;
#3464 = CARTESIAN_POINT ( 'NONE',  ( -11.79999999999999538, 0.2175000000000001377, 6.999999999999998224 ) ) ;
#3465 = ADVANCED_FACE ( 'NONE', ( #3277 ), #3303, .T. ) ;
#3466 = DIRECTION ( 'NONE',  ( 0.000000000000000000, 0.000000000000000000, -1.000000000000000000 ) ) ;
#3467 = CARTESIAN_POINT ( 'NONE',  ( -15.97050730517948125, 3.000000000000000444, 4.136007953154021699 ) ) ;
#3468 = DIRECTION ( 'NONE',  ( -0.000000000000000000, 1.000000000000000000, -0.000000000000000000 ) ) ;
#3469 = VERTEX_POINT ( 'NONE', #3591 ) ;
#3470 = ORIENTED_EDGE ( 'NONE', *, *, #639, .F. ) ;
#3471 = VERTEX_POINT ( 'NONE', #701 ) ;
#3472 = CARTESIAN_POINT ( 'NONE',  ( 0.000000000000000000, 10.30000000000000071, 18.00000000000000000 ) ) ;
#3473 = ORIENTED_EDGE ( 'NONE', *, *, #633, .T. ) ;
#3474 = DIRECTION ( 'NONE',  ( 0.000000000000000000, 0.000000000000000000, 1.000000000000000000 ) ) ;
#3475 = VERTEX_POINT ( 'NONE', #3206 ) ;
#3476 = FACE_OUTER_BOUND ( 'NONE', #2569, .T. ) ;
#3477 = VECTOR ( 'NONE', #4419, 1000.000000000000000 ) ;
#3478 = CIRCLE ( 'NONE', #378, 1.024999999999987699 ) ;
#3479 = LINE ( 'NONE', #154, #462 ) ;
#3480 = STYLED_ITEM ( 'NONE', ( #236 ), #1779 ) ;
#3481 = EDGE_LOOP ( 'NONE', ( #1329, #2628 ) ) ;
#3482 = AXIS2_PLACEMENT_3D ( 'NONE', #1468, #2876, #4358 ) ;
#3483 = DIRECTION ( 'NONE',  ( -1.000000000000000000, 0.000000000000000000, 3.854941057726238590E-16 ) ) ;
#3484 = CARTESIAN_POINT ( 'NONE',  ( 16.00000000000000000, 0.000000000000000000, -19.99999999999998934 ) ) ;
#3485 = AXIS2_PLACEMENT_3D ( 'NONE', #589, #3598, #1732 ) ;
#3486 = DIRECTION ( 'NONE',  ( -0.000000000000000000, 1.000000000000000000, -0.000000000000000000 ) ) ;
#3487 = AXIS2_PLACEMENT_3D ( 'NONE', #1685, #3530, #3165 ) ;
#3488 = DIRECTION ( 'NONE',  ( 1.000000000000000000, 0.000000000000000000, -0.000000000000000000 ) ) ;
#3489 = FACE_OUTER_BOUND ( 'NONE', #1254, .T. ) ;
#3490 = ADVANCED_FACE ( 'NONE', ( #1726, #2162 ), #1421, .F. ) ;
#3491 = VECTOR ( 'NONE', #3273, 1000.000000000000000 ) ;
#3492 = ADVANCED_FACE ( 'NONE', ( #337 ), #3614, .T. ) ;
#3493 = DIRECTION ( 'NONE',  ( 0.000000000000000000, 0.000000000000000000, 1.000000000000000000 ) ) ;
#3494 = ORIENTED_EDGE ( 'NONE', *, *, #4681, .F. ) ;
#3495 = ORIENTED_EDGE ( 'NONE', *, *, #1287, .T. ) ;
#3496 = EDGE_LOOP ( 'NONE', ( #587, #4089 ) ) ;
#3497 = ADVANCED_FACE ( 'NONE', ( #2833 ), #3635, .F. ) ;
#3498 = CARTESIAN_POINT ( 'NONE',  ( 16.00000000000000000, 5.000000000000000000, -19.99999999999998934 ) ) ;
#3499 = ORIENTED_EDGE ( 'NONE', *, *, #2165, .T. ) ;
#3500 = CARTESIAN_POINT ( 'NONE',  ( 20.50000000000018474, 3.000000000000000000, 6.000000000000119016 ) ) ;
#3501 = EDGE_LOOP ( 'NONE', ( #534, #2649, #4756, #469, #4743, #744, #3988, #1662 ) ) ;
#3502 = VECTOR ( 'NONE', #523, 1000.000000000000000 ) ;
#3503 = FACE_OUTER_BOUND ( 'NONE', #4275, .T. ) ;
#3504 = DIRECTION ( 'NONE',  ( 0.000000000000000000, 0.000000000000000000, 1.000000000000000000 ) ) ;
#3505 = AXIS2_PLACEMENT_3D ( 'NONE', #1290, #3483, #2772 ) ;
#3506 = VERTEX_POINT ( 'NONE', #4364 ) ;
#3507 = DIRECTION ( 'NONE',  ( -1.000000000000000000, -0.000000000000000000, -0.000000000000000000 ) ) ;
#3508 = CARTESIAN_POINT ( 'NONE',  ( 0.000000000000000000, 11.50000000000000000, 0.000000000000000000 ) ) ;
#3509 =( BOUNDED_SURFACE ( )  B_SPLINE_SURFACE ( 2, 3, ( 
 ( #1473, #4029, #2517, #671 ),
 ( #4779, #727, #1793, #3354 ),
 ( #22, #2906, #2957, #3464 ) ),
 .UNSPECIFIED., .F., .F., .F. ) 
 B_SPLINE_SURFACE_WITH_KNOTS ( ( 3, 3 ),
 ( 4, 4 ),
 ( 0.000000000000000000, 1.000000000000000000 ),
 ( -0.002782499999999999817, 0.0001324999999999999952 ),
 .UNSPECIFIED. ) 
 GEOMETRIC_REPRESENTATION_ITEM ( )  RATIONAL_B_SPLINE_SURFACE ( (
 ( 1.000000000000000000, 1.000000000000000000, 1.000000000000000000, 1.000000000000000000),
 ( 1.857142857142857428, 1.857142857142857428, 1.857142857142857428, 1.857142857142857428),
 ( 1.000000000000000000, 1.000000000000000000, 1.000000000000000000, 1.000000000000000000) ) ) 
 REPRESENTATION_ITEM ( '' )  SURFACE ( )  );
#3510 = CARTESIAN_POINT ( 'NONE',  ( -16.00000000000000000, 2.000000000000000000, -19.99999999999998934 ) ) ;
#3511 = CARTESIAN_POINT ( 'NONE',  ( 15.72316335048872027, 0.3499999999999999778, -5.483474776963420005 ) ) ;
#3512 = DIRECTION ( 'NONE',  ( 0.000000000000000000, 0.000000000000000000, -1.000000000000000000 ) ) ;
#3513 = CARTESIAN_POINT ( 'NONE',  ( 15.78664198196929469, 3.000000000000000000, 5.274079922034963452 ) ) ;
#3514 = EDGE_CURVE ( 'NONE', #2221, #3695, #4311, .T. ) ;
#3515 = DIRECTION ( 'NONE',  ( 0.000000000000000000, 0.000000000000000000, -1.000000000000000000 ) ) ;
#3516 = ORIENTED_EDGE ( 'NONE', *, *, #69, .F. ) ;
#3517 = ORIENTED_EDGE ( 'NONE', *, *, #3700, .T. ) ;
#3518 = ORIENTED_EDGE ( 'NONE', *, *, #1257, .F. ) ;
#3519 = EDGE_CURVE ( 'NONE', #2655, #3670, #1400, .T. ) ;
#3520 = EDGE_CURVE ( 'NONE', #3083, #72, #2346, .T. ) ;
#3521 = DIRECTION ( 'NONE',  ( -0.000000000000000000, 1.000000000000000000, -0.000000000000000000 ) ) ;
#3522 = EDGE_LOOP ( 'NONE', ( #678, #1325, #23, #3772 ) ) ;
#3523 = CARTESIAN_POINT ( 'NONE',  ( 0.000000000000000000, 10.30000000000000071, 12.50000000000000178 ) ) ;
#3524 = AXIS2_PLACEMENT_3D ( 'NONE', #158, #1641, #3124 ) ;
#3525 = ORIENTED_EDGE ( 'NONE', *, *, #1622, .F. ) ;
#3526 = EDGE_CURVE ( 'NONE', #4592, #3670, #263, .T. ) ;
#3527 = LINE ( 'NONE', #354, #3813 ) ;
#3528 = AXIS2_PLACEMENT_3D ( 'NONE', #4805, #3691, #4391 ) ;
#3529 = DIRECTION ( 'NONE',  ( -0.000000000000000000, -1.000000000000000000, -0.000000000000000000 ) ) ;
#3530 = DIRECTION ( 'NONE',  ( -0.000000000000000000, 1.000000000000000000, -0.000000000000000000 ) ) ;
#3531 = ORIENTED_EDGE ( 'NONE', *, *, #4730, .T. ) ;
#3532 = CARTESIAN_POINT ( 'NONE',  ( -16.00000000000000000, 5.000000000000000000, -19.99999999999998934 ) ) ;
#3533 = DIRECTION ( 'NONE',  ( -0.000000000000000000, 1.000000000000000000, -0.000000000000000000 ) ) ;
#3534 = CARTESIAN_POINT ( 'NONE',  ( -3.000000000000009770, 0.000000000000000000, -12.50000000000000000 ) ) ;
#3535 = CARTESIAN_POINT ( 'NONE',  ( 13.56038582543837023, 3.000000000000000444, -6.916474485472866363 ) ) ;
#3536 = FACE_OUTER_BOUND ( 'NONE', #3283, .T. ) ;
#3537 = CARTESIAN_POINT ( 'NONE',  ( 14.49389208388461547, 3.000000000000000000, 6.719652946416117878 ) ) ;
#3538 = CYLINDRICAL_SURFACE ( 'NONE', #3094, 3.249999999999999556 ) ;
#3539 = ORIENTED_EDGE ( 'NONE', *, *, #2965, .F. ) ;
#3540 = VERTEX_POINT ( 'NONE', #1372 ) ;
#3541 = DIRECTION ( 'NONE',  ( -0.000000000000000000, -1.000000000000000000, -0.000000000000000000 ) ) ;
#3542 = CARTESIAN_POINT ( 'NONE',  ( -14.75096546014623300, 0.3500000000000000333, 6.619396104745712606 ) ) ;
#3543 = CARTESIAN_POINT ( 'NONE',  ( -14.16034696417536942, 3.000000000000000444, -6.818090702029352634 ) ) ;
#3544 = VERTEX_POINT ( 'NONE', #1398 ) ;
#3545 = CARTESIAN_POINT ( 'NONE',  ( -23.50000000000000000, 1.650000000000001243, -5.999999999999991118 ) ) ;
#3546 = ORIENTED_EDGE ( 'NONE', *, *, #569, .T. ) ;
#3547 = EDGE_CURVE ( 'NONE', #1674, #877, #871, .T. ) ;
#3548 = LINE ( 'NONE', #4349, #3951 ) ;
#3549 = EDGE_CURVE ( 'NONE', #3859, #2908, #90, .T. ) ;
#3550 = DIRECTION ( 'NONE',  ( 0.000000000000000000, 0.000000000000000000, 1.000000000000000000 ) ) ;
#3552 = ORIENTED_EDGE ( 'NONE', *, *, #4533, .T. ) ;
#3551 = VECTOR ( 'NONE', #2019, 1000.000000000000000 ) ;
#3553 = CARTESIAN_POINT ( 'NONE',  ( -14.49115717991391072, 0.3500000000000000888, -6.720577077956721546 ) ) ;
#3554 = DIRECTION ( 'NONE',  ( -0.000000000000000000, 1.000000000000000000, -0.000000000000000000 ) ) ;
#3555 = AXIS2_PLACEMENT_3D ( 'NONE', #3681, #2949, #1465 ) ;
#3556 = AXIS2_PLACEMENT_3D ( 'NONE', #2758, #3425, #96 ) ;
#3557 = DIRECTION ( 'NONE',  ( -0.000000000000000000, 1.000000000000000000, -0.000000000000000000 ) ) ;
#3558 = VECTOR ( 'NONE', #3388, 1000.000000000000000 ) ;
#3559 = CARTESIAN_POINT ( 'NONE',  ( 14.50386904162347257, 0.3499999999999999778, -6.716238546443561219 ) ) ;
#3560 = DIRECTION ( 'NONE',  ( 0.000000000000000000, 0.000000000000000000, 1.000000000000000000 ) ) ;
#3561 = CARTESIAN_POINT ( 'NONE',  ( 11.80000000000000071, 3.000000000000000000, 6.999999999999998224 ) ) ;
#3562 = AXIS2_PLACEMENT_3D ( 'NONE', #3989, #659, #3256 ) ;
#3563 = DIRECTION ( 'NONE',  ( 0.000000000000000000, 0.000000000000000000, -1.000000000000000000 ) ) ;
#3564 = VERTEX_POINT ( 'NONE', #1770 ) ;
#3565 = VERTEX_POINT ( 'NONE', #4732 ) ;
#3566 = CARTESIAN_POINT ( 'NONE',  ( -16.00000000000001421, 0.000000000000000000, -15.50000000000000178 ) ) ;
#3567 = CARTESIAN_POINT ( 'NONE',  ( -15.35586495738382240, 0.3500000000000000333, 6.175191751734430134 ) ) ;
#3568 = AXIS2_PLACEMENT_3D ( 'NONE', #4145, #863, #3018 ) ;
#3569 = CARTESIAN_POINT ( 'NONE',  ( 17.49999999999998934, -1.429775138004531790E-15, 5.999999999999997335 ) ) ;
#3570 = ORIENTED_EDGE ( 'NONE', *, *, #4237, .F. ) ;
#3571 = VECTOR ( 'NONE', #1035, 1000.000000000000000 ) ;
#3572 = CARTESIAN_POINT ( 'NONE',  ( 13.60452870997682595, 0.3499999999999998668, 6.910951153951550019 ) ) ;
#3573 = ORIENTED_EDGE ( 'NONE', *, *, #2635, .T. ) ;
#3574 = ADVANCED_FACE ( 'NONE', ( #4007 ), #675, .F. ) ;
#3575 = AXIS2_PLACEMENT_3D ( 'NONE', #886, #2365, #931 ) ;
#3576 = CARTESIAN_POINT ( 'NONE',  ( 6.499999999999987566, 0.000000000000000000, 18.50000000000000355 ) ) ;
#3577 = DIRECTION ( 'NONE',  ( 7.709882115452475208E-16, 0.000000000000000000, -1.000000000000000000 ) ) ;
#3578 = ORIENTED_EDGE ( 'NONE', *, *, #2656, .F. ) ;
#3579 = CARTESIAN_POINT ( 'NONE',  ( -11.79999999999999538, 0.3500000000000000333, -7.000000000000001776 ) ) ;
#3580 = CARTESIAN_POINT ( 'NONE',  ( -23.50000000000000000, 1.650000000000001243, -16.97499999999999787 ) ) ;
#3581 = EDGE_CURVE ( 'NONE', #3364, #2026, #4538, .T. ) ;
#3582 = AXIS2_PLACEMENT_3D ( 'NONE', #3002, #2925, #4509 ) ;
#3583 = ADVANCED_FACE ( 'NONE', ( #1877 ), #2643, .F. ) ;
#3584 = CARTESIAN_POINT ( 'NONE',  ( -16.00000000000000000, 0.000000000000000000, 18.30000000000000426 ) ) ;
#3585 = CARTESIAN_POINT ( 'NONE',  ( 13.63772350724559246, 0.3500000000000000888, -6.906643424796678588 ) ) ;
#3586 = CARTESIAN_POINT ( 'NONE',  ( 0.000000000000000000, 0.000000000000000000, 0.000000000000000000 ) ) ;
#3587 = CARTESIAN_POINT ( 'NONE',  ( 14.62075152436680625, 3.000000000000000444, 6.673605259234881792 ) ) ;
#3588 =( NAMED_UNIT ( * ) SI_UNIT ( $, .STERADIAN. ) SOLID_ANGLE_UNIT ( ) );
#3589 = VERTEX_POINT ( 'NONE', #3326 ) ;
#3590 = VERTEX_POINT ( 'NONE', #1546 ) ;
#3591 = CARTESIAN_POINT ( 'NONE',  ( 32.49999999999999289, 0.000000000000000000, -23.99999999999999289 ) ) ;
#3592 = CARTESIAN_POINT ( 'NONE',  ( -15.99999999999999645, 0.3500000000000000333, 2.799999999999997602 ) ) ;
#3593 = PLANE ( 'NONE',  #605 ) ;
#3594 = ORIENTED_EDGE ( 'NONE', *, *, #1493, .T. ) ;
#3595 = CARTESIAN_POINT ( 'NONE',  ( 15.89123617883380923, 0.3500000000000000333, 4.748641042394503131 ) ) ;
#3596 = ORIENTED_EDGE ( 'NONE', *, *, #3766, .T. ) ;
#3597 = UNCERTAINTY_MEASURE_WITH_UNIT (LENGTH_MEASURE( 1.000000000000000082E-05 ), #4489, 'distance_accuracy_value', 'NONE');
#3598 = DIRECTION ( 'NONE',  ( -0.000000000000000000, 1.000000000000000000, -0.000000000000000000 ) ) ;
#3599 = CIRCLE ( 'NONE', #3684, 1.024999999999991251 ) ;
#3600 = CARTESIAN_POINT ( 'NONE',  ( 16.00000000000000000, 0.000000000000000000, -21.69999999999998863 ) ) ;
#3601 = EDGE_LOOP ( 'NONE', ( #1529, #2761, #1196, #4496, #3314, #1489 ) ) ;
#3602 = CARTESIAN_POINT ( 'NONE',  ( 16.00000000000000355, 3.000000000000000000, -2.800000000000001155 ) ) ;
#3603 = FACE_OUTER_BOUND ( 'NONE', #3522, .T. ) ;
#3604 = CIRCLE ( 'NONE', #582, 1.700000000000000178 ) ;
#3605 = CARTESIAN_POINT ( 'NONE',  ( 0.000000000000000000, 0.3500000000000000333, 0.000000000000000000 ) ) ;
#3606 = CARTESIAN_POINT ( 'NONE',  ( 14.16064989989466483, 0.3500000000000000333, -6.818030588900190203 ) ) ;
#3607 = CARTESIAN_POINT ( 'NONE',  ( -32.50000000000000000, 5.000000000000000000, -23.99999999999999289 ) ) ;
#3608 = CARTESIAN_POINT ( 'NONE',  ( -18.50000000000001421, 0.000000000000000000, 15.50000000000000000 ) ) ;
#3609 = ADVANCED_FACE ( 'NONE', ( #4514 ), #1848, .F. ) ;
#3610 = CARTESIAN_POINT ( 'NONE',  ( -15.00000000000001066, 0.000000000000000000, -6.500000000000002665 ) ) ;
#3611 = VERTEX_POINT ( 'NONE', #754 ) ;
#3612 = EDGE_CURVE ( 'NONE', #2190, #3544, #243, .T. ) ;
#3613 = VERTEX_POINT ( 'NONE', #4172 ) ;
#3614 = PLANE ( 'NONE',  #2489 ) ;
#3615 = ORIENTED_EDGE ( 'NONE', *, *, #1158, .T. ) ;
#3616 = CARTESIAN_POINT ( 'NONE',  ( -13.63768682362332108, 3.000000000000000444, -6.906650704120913531 ) ) ;
#3617 = VERTEX_POINT ( 'NONE', #1477 ) ;
#3618 = CARTESIAN_POINT ( 'NONE',  ( 15.71964799682481306, 0.3500000000000000333, 5.493901041510230954 ) ) ;
#3619 = ORIENTED_EDGE ( 'NONE', *, *, #1593, .T. ) ;
#3620 = LINE ( 'NONE', #3237, #777 ) ;
#3621 = PRODUCT_DEFINITION_FORMATION_WITH_SPECIFIED_SOURCE ( 'ANY', '', #2059, .NOT_KNOWN. ) ;
#3622 = LINE ( 'NONE', #1359, #4261 ) ;
#3623 = ORIENTED_EDGE ( 'NONE', *, *, #3196, .F. ) ;
#3624 = CARTESIAN_POINT ( 'NONE',  ( -15.91106109218190134, 0.3500000000000000333, -4.603670685922153893 ) ) ;
#3625 = DIRECTION ( 'NONE',  ( 0.000000000000000000, 0.000000000000000000, 1.000000000000000000 ) ) ;
#3626 = CARTESIAN_POINT ( 'NONE',  ( -23.50000000000000000, 8.000000000000001776, -5.999999999999991118 ) ) ;
#3627 = CARTESIAN_POINT ( 'NONE',  ( 15.81809070202935885, 3.000000000000000000, -5.160346964175353435 ) ) ;
#3628 = DIRECTION ( 'NONE',  ( -0.000000000000000000, -1.000000000000000000, -0.000000000000000000 ) ) ;
#3629 = DIRECTION ( 'NONE',  ( 0.000000000000000000, -1.000000000000000000, 0.000000000000000000 ) ) ;
#3630 = CIRCLE ( 'NONE', #768, 1.024999999999991251 ) ;
#3631 = CARTESIAN_POINT ( 'NONE',  ( 0.000000000000000000, 10.30000000000000071, -17.99999999999999645 ) ) ;
#3632 = VERTEX_POINT ( 'NONE', #2216 ) ;
#3633 = EDGE_CURVE ( 'NONE', #4663, #1054, #1186, .T. ) ;
#3634 = ORIENTED_EDGE ( 'NONE', *, *, #2344, .F. ) ;
#3635 = PLANE ( 'NONE',  #4050 ) ;
#3636 = CARTESIAN_POINT ( 'NONE',  ( -15.72316335048876113, 0.3500000000000000888, 5.483474776963127795 ) ) ;
#3637 = SHAPE_REPRESENTATION ( 'W1-LC-03_Baseplate_RevA', ( #2077 ), #2002 ) ;
#3638 = EDGE_CURVE ( 'NONE', #4474, #3358, #4135, .T. ) ;
#3639 = VECTOR ( 'NONE', #3160, 1000.000000000000000 ) ;
#3640 = CARTESIAN_POINT ( 'NONE',  ( -14.75077586882781766, 3.000000000000000444, -6.619500864598691692 ) ) ;
#3641 = ORIENTED_EDGE ( 'NONE', *, *, #2795, .F. ) ;
#3642 = EDGE_CURVE ( 'NONE', #3973, #349, #1958, .T. ) ;
#3643 = CARTESIAN_POINT ( 'NONE',  ( 13.40031756254297335, 0.3500000000000001443, 6.934620744020843830 ) ) ;
#3644 = CIRCLE ( 'NONE', #3345, 1.299999999999999156 ) ;
#3645 = ORIENTED_EDGE ( 'NONE', *, *, #1901, .F. ) ;
#3646 = VECTOR ( 'NONE', #4381, 1000.000000000000000 ) ;
#3647 = DIRECTION ( 'NONE',  ( 0.000000000000000000, 1.000000000000000000, 0.000000000000000000 ) ) ;
#3648 = EDGE_LOOP ( 'NONE', ( #4337, #4298, #2971, #2177 ) ) ;
#3649 = ORIENTED_EDGE ( 'NONE', *, *, #934, .F. ) ;
#3650 = CARTESIAN_POINT ( 'NONE',  ( 17.49999999999998934, 0.000000000000000000, 5.999999999999997335 ) ) ;
#3651 = VERTEX_POINT ( 'NONE', #2240 ) ;
#3652 = AXIS2_PLACEMENT_3D ( 'NONE', #60, #1814, #3703 ) ;
#3653 = DIRECTION ( 'NONE',  ( -1.000000000000000000, -0.000000000000000000, -0.000000000000000000 ) ) ;
#3654 = LINE ( 'NONE', #1864, #4406 ) ;
#3655 = AXIS2_PLACEMENT_3D ( 'NONE', #1669, #3150, #3811 ) ;
#3656 = FACE_OUTER_BOUND ( 'NONE', #102, .T. ) ;
#3657 = DIRECTION ( 'NONE',  ( -0.000000000000000000, -1.000000000000000000, -0.000000000000000000 ) ) ;
#3658 = CARTESIAN_POINT ( 'NONE',  ( 13.59721848986437998, 2.999999999999999112, -6.911881168009495369 ) ) ;
#3659 = DIRECTION ( 'NONE',  ( -0.000000000000000000, -1.000000000000000000, -0.000000000000000000 ) ) ;
#3660 = LINE ( 'NONE', #3298, #1423 ) ;
#3661 = AXIS2_PLACEMENT_3D ( 'NONE', #801, #3349, #2303 ) ;
#3662 = DIRECTION ( 'NONE',  ( -3.429548312006147626E-15, 0.000000000000000000, 1.000000000000000000 ) ) ;
#3663 = VERTEX_POINT ( 'NONE', #3714 ) ;
#3664 = AXIS2_PLACEMENT_3D ( 'NONE', #3141, #447, #3044 ) ;
#3665 = EDGE_CURVE ( 'NONE', #4211, #3475, #3357, .T. ) ;
#3666 = VERTEX_POINT ( 'NONE', #454 ) ;
#3667 = DIRECTION ( 'NONE',  ( 0.000000000000000000, 0.000000000000000000, 1.000000000000000000 ) ) ;
#3668 = CARTESIAN_POINT ( 'NONE',  ( -13.62161430105510895, 0.3500000000000000888, 6.908747988217034397 ) ) ;
#3669 = CARTESIAN_POINT ( 'NONE',  ( 29.00000000000000000, 11.50000000000000000, 22.00000000000000000 ) ) ;
#3670 = VERTEX_POINT ( 'NONE', #4466 ) ;
#3671 = CARTESIAN_POINT ( 'NONE',  ( -16.00000000000000000, 5.000000000000000000, 21.70000000000000284 ) ) ;
#3672 = EDGE_LOOP ( 'NONE', ( #1041, #1501, #3432, #952 ) ) ;
#3673 = ADVANCED_FACE ( 'NONE', ( #2264 ), #1121, .F. ) ;
#3674 = LINE ( 'NONE', #3310, #4603 ) ;
#3675 = ORIENTED_EDGE ( 'NONE', *, *, #1653, .T. ) ;
#3676 = ADVANCED_FACE ( 'NONE', ( #4152 ), #1206, .F. ) ;
#3677 = ORIENTED_EDGE ( 'NONE', *, *, #520, .F. ) ;
#3678 = FACE_OUTER_BOUND ( 'NONE', #3501, .T. ) ;
#3679 = ORIENTED_EDGE ( 'NONE', *, *, #4176, .T. ) ;
#3680 = LINE ( 'NONE', #1537, #12 ) ;
#3681 = CARTESIAN_POINT ( 'NONE',  ( -10.00000000000001243, 4.000000000000000000, 9.999999999999998224 ) ) ;
#3682 = CARTESIAN_POINT ( 'NONE',  ( 17.49999999999998934, 0.000000000000000000, -16.97500000000001208 ) ) ;
#3683 = CARTESIAN_POINT ( 'NONE',  ( 16.00000000000000355, 3.000000000000000000, -2.800000000000001155 ) ) ;
#3684 = AXIS2_PLACEMENT_3D ( 'NONE', #1089, #4025, #4054 ) ;
#3685 = CARTESIAN_POINT ( 'NONE',  ( -16.00000000000000000, 5.000000000000000000, -19.99999999999998934 ) ) ;
#3686 = CARTESIAN_POINT ( 'NONE',  ( 0.000000000000000000, 10.30000000000000071, 0.000000000000000000 ) ) ;
#3687 = CARTESIAN_POINT ( 'NONE',  ( 0.000000000000000000, 0.000000000000000000, -20.49999999999999645 ) ) ;
#3688 = EDGE_LOOP ( 'NONE', ( #2915, #3186, #903, #3994 ) ) ;
#3689 = ORIENTED_EDGE ( 'NONE', *, *, #3006, .F. ) ;
#3690 = DIRECTION ( 'NONE',  ( 1.000000000000000000, 0.000000000000000000, 0.000000000000000000 ) ) ;
#3691 = DIRECTION ( 'NONE',  ( -0.000000000000000000, -1.000000000000000000, -0.000000000000000000 ) ) ;
#3692 = APPLICATION_PROTOCOL_DEFINITION ( 'draft international standard', 'automotive_design', 1998, #541 ) ;
#3693 = EDGE_CURVE ( 'NONE', #2043, #4627, #3189, .T. ) ;
#3694 = CARTESIAN_POINT ( 'NONE',  ( -0.000000000000000000, 0.000000000000000000, 18.00000000000000000 ) ) ;
#3695 = VERTEX_POINT ( 'NONE', #66 ) ;
#3696 = ORIENTED_EDGE ( 'NONE', *, *, #2420, .T. ) ;
#3697 = PLANE ( 'NONE',  #3226 ) ;
#3698 = ORIENTED_EDGE ( 'NONE', *, *, #85, .T. ) ;
#3699 = VERTEX_POINT ( 'NONE', #1141 ) ;
#3700 = EDGE_CURVE ( 'NONE', #618, #2431, #4106, .T. ) ;
#3701 = DIRECTION ( 'NONE',  ( -0.000000000000000000, 1.000000000000000000, -0.000000000000000000 ) ) ;
#3702 = ORIENTED_EDGE ( 'NONE', *, *, #4231, .T. ) ;
#3703 = DIRECTION ( 'NONE',  ( 0.000000000000000000, 0.000000000000000000, -1.000000000000000000 ) ) ;
#3704 = CARTESIAN_POINT ( 'NONE',  ( 20.50000000000018474, 3.000000000000000000, -5.999999999999880984 ) ) ;
#3705 = ADVANCED_FACE ( 'NONE', ( #3380 ), #93, .F. ) ;
#3706 = CARTESIAN_POINT ( 'NONE',  ( -3.000000000000009770, 10.30000000000000071, -15.50000000000000000 ) ) ;
#3707 = DIRECTION ( 'NONE',  ( -0.000000000000000000, 1.000000000000000000, -0.000000000000000000 ) ) ;
#3708 = DIRECTION ( 'NONE',  ( 0.000000000000000000, -1.000000000000000000, 0.000000000000000000 ) ) ;
#3709 = DIRECTION ( 'NONE',  ( 0.000000000000000000, 0.000000000000000000, 1.000000000000000000 ) ) ;
#3710 = APPLICATION_CONTEXT ( 'automotive_design' ) ;
#3711 = DIRECTION ( 'NONE',  ( 0.000000000000000000, 0.000000000000000000, -1.000000000000000000 ) ) ;
#3712 = ORIENTED_EDGE ( 'NONE', *, *, #1647, .F. ) ;
#3713 = ORIENTED_EDGE ( 'NONE', *, *, #4028, .T. ) ;
#3714 = CARTESIAN_POINT ( 'NONE',  ( 6.000000000000046185, 0.000000000000000000, -17.49999999999999289 ) ) ;
#3715 = LINE ( 'NONE', #3360, #1667 ) ;
#3716 = VECTOR ( 'NONE', #3363, 1000.000000000000000 ) ;
#3717 = DIRECTION ( 'NONE',  ( 0.000000000000000000, 0.000000000000000000, 1.000000000000000000 ) ) ;
#3718 = AXIS2_PLACEMENT_3D ( 'NONE', #3704, #1082, #746 ) ;
#3719 = AXIS2_PLACEMENT_3D ( 'NONE', #1575, #3447, #1766 ) ;
#3720 = CARTESIAN_POINT ( 'NONE',  ( 0.000000000000000000, 10.30000000000000071, -20.49999999999999645 ) ) ;
#3721 = ORIENTED_EDGE ( 'NONE', *, *, #3913, .T. ) ;
#3722 = VECTOR ( 'NONE', #4023, 1000.000000000000000 ) ;
#3723 = EDGE_LOOP ( 'NONE', ( #949, #4065, #4, #3411 ) ) ;
#3724 = AXIS2_PLACEMENT_3D ( 'NONE', #2817, #3647, #2126 ) ;
#3725 = DIRECTION ( 'NONE',  ( 0.000000000000000000, -0.000000000000000000, -1.000000000000000000 ) ) ;
#3726 = VERTEX_POINT ( 'NONE', #161 ) ;
#3727 = VECTOR ( 'NONE', #3577, 1000.000000000000000 ) ;
#3728 = EDGE_LOOP ( 'NONE', ( #1673, #1278, #562, #80, #4016, #4010, #3937, #308 ) ) ;
#3729 = ADVANCED_FACE ( 'NONE', ( #547 ), #2756, .F. ) ;
#3730 = DIRECTION ( 'NONE',  ( -0.000000000000000000, 1.000000000000000000, -0.000000000000000000 ) ) ;
#3731 = CARTESIAN_POINT ( 'NONE',  ( 6.499999999999987566, 0.000000000000000000, 18.50000000000000355 ) ) ;
#3732 = DIRECTION ( 'NONE',  ( 0.000000000000000000, 0.000000000000000000, 1.000000000000000000 ) ) ;
#3733 = AXIS2_PLACEMENT_3D ( 'NONE', #411, #2566, #1821 ) ;
#3734 = VECTOR ( 'NONE', #467, 1000.000000000000000 ) ;
#3735 = CYLINDRICAL_SURFACE ( 'NONE', #1317, 2.999999999999999112 ) ;
#3736 = CARTESIAN_POINT ( 'NONE',  ( 14.81944129734744919, 2.999999999999999556, -6.608464913722261080 ) ) ;
#3737 = EDGE_CURVE ( 'NONE', #2604, #2947, #1796, .T. ) ;
#3738 = DIRECTION ( 'NONE',  ( 0.000000000000000000, -1.000000000000000000, 0.000000000000000000 ) ) ;
#3739 = DIRECTION ( 'NONE',  ( -0.000000000000000000, 1.000000000000000000, -0.000000000000000000 ) ) ;
#3740 = VECTOR ( 'NONE', #838, 1000.000000000000000 ) ;
#3741 = EDGE_CURVE ( 'NONE', #2386, #1802, #4240, .T. ) ;
#3742 = CYLINDRICAL_SURFACE ( 'NONE', #3733, 3.249999999999999556 ) ;
#3743 = CIRCLE ( 'NONE', #1721, 1.299999999999999156 ) ;
#3744 = EDGE_CURVE ( 'NONE', #4376, #2943, #3126, .T. ) ;
#3745 = CARTESIAN_POINT ( 'NONE',  ( 9.999999999999987566, 11.50000000000000000, -11.25000000000000178 ) ) ;
#3746 = DIRECTION ( 'NONE',  ( -0.000000000000000000, 1.000000000000000000, -0.000000000000000000 ) ) ;
#3747 = AXIS2_PLACEMENT_3D ( 'NONE', #567, #2328, #1267 ) ;
#3748 = CARTESIAN_POINT ( 'NONE',  ( 32.49999999999999289, 5.000000000000000000, -23.99999999999999289 ) ) ;
#3749 = VERTEX_POINT ( 'NONE', #482 ) ;
#3750 = ORIENTED_EDGE ( 'NONE', *, *, #3929, .T. ) ;
#3751 = DIRECTION ( 'NONE',  ( -0.000000000000000000, 1.000000000000000000, -0.000000000000000000 ) ) ;
#3752 = ORIENTED_EDGE ( 'NONE', *, *, #53, .T. ) ;
#3753 = DIRECTION ( 'NONE',  ( 0.000000000000000000, -1.000000000000000000, 0.000000000000000000 ) ) ;
#3754 = VERTEX_POINT ( 'NONE', #2804 ) ;
#3755 = LINE ( 'NONE', #4428, #3417 ) ;
#3756 = PLANE ( 'NONE',  #3353 ) ;
#3757 = CARTESIAN_POINT ( 'NONE',  ( -15.99999999999999645, 0.3500000000000000333, 6.999999999999998224 ) ) ;
#3758 = DIRECTION ( 'NONE',  ( 0.000000000000000000, -1.000000000000000000, 0.000000000000000000 ) ) ;
#3759 = DIRECTION ( 'NONE',  ( -1.927470528863117076E-16, 0.000000000000000000, -1.000000000000000000 ) ) ;
#3760 = FACE_OUTER_BOUND ( 'NONE', #3308, .T. ) ;
#3761 = CYLINDRICAL_SURFACE ( 'NONE', #2742, 3.249999999999999556 ) ;
#3762 = CARTESIAN_POINT ( 'NONE',  ( -15.99999999999999645, 3.000000000000000000, -7.000000000000001776 ) ) ;
#3763 = AXIS2_PLACEMENT_3D ( 'NONE', #3686, #2978, #357 ) ;
#3764 = CARTESIAN_POINT ( 'NONE',  ( -11.79999999999999538, 1.233333333333333171, 6.999999999999998224 ) ) ;
#3765 =( NAMED_UNIT ( * ) PLANE_ANGLE_UNIT ( ) SI_UNIT ( $, .RADIAN. ) );
#3766 = EDGE_CURVE ( 'NONE', #1170, #1046, #3743, .T. ) ;
#3767 = APPLICATION_PROTOCOL_DEFINITION ( 'draft international standard', 'automotive_design', 1998, #3710 ) ;
#3768 = AXIS2_PLACEMENT_3D ( 'NONE', #1921, #2571, #4085 ) ;
#3769 = EDGE_CURVE ( 'NONE', #2652, #2601, #573, .T. ) ;
#3770 = CARTESIAN_POINT ( 'NONE',  ( -16.00000000000001421, 10.30000000000000071, 15.50000000000000000 ) ) ;
#3771 = ORIENTED_EDGE ( 'NONE', *, *, #575, .T. ) ;
#3772 = ORIENTED_EDGE ( 'NONE', *, *, #2158, .F. ) ;
#3773 = DIRECTION ( 'NONE',  ( 1.000000000000000000, 0.000000000000000000, 0.000000000000000000 ) ) ;
#3774 = ORIENTED_EDGE ( 'NONE', *, *, #1810, .F. ) ;
#3775 = DIRECTION ( 'NONE',  ( 0.000000000000000000, 0.000000000000000000, 1.000000000000000000 ) ) ;
#3776 = EDGE_LOOP ( 'NONE', ( #56, #1809 ) ) ;
#3777 = CARTESIAN_POINT ( 'NONE',  ( -23.50000000000000000, 8.000000000000001776, 16.97500000000001918 ) ) ;
#3778 = CARTESIAN_POINT ( 'NONE',  ( 16.00000000000000000, 2.000000000000000000, -19.99999999999998934 ) ) ;
#3779 = LINE ( 'NONE', #448, #1244 ) ;
#3780 = FACE_OUTER_BOUND ( 'NONE', #4268, .T. ) ;
#3781 = DIRECTION ( 'NONE',  ( 0.000000000000000000, 0.000000000000000000, 1.000000000000000000 ) ) ;
#3782 = DIRECTION ( 'NONE',  ( 0.000000000000000000, -0.000000000000000000, -1.000000000000000000 ) ) ;
#3783 = CARTESIAN_POINT ( 'NONE',  ( -11.79999999999999538, 0.3500000000000000333, 6.999999999999998224 ) ) ;
#3784 = CARTESIAN_POINT ( 'NONE',  ( 16.00000000000000000, 5.000000000000000000, 20.00000000000000711 ) ) ;
#3785 = APPLICATION_PROTOCOL_DEFINITION ( 'draft international standard', 'automotive_design', 1998, #2459 ) ;
#3786 = EDGE_CURVE ( 'NONE', #2576, #3564, #2272, .T. ) ;
#3787 = DIRECTION ( 'NONE',  ( -0.000000000000000000, -1.000000000000000000, -0.000000000000000000 ) ) ;
#3788 = ORIENTED_EDGE ( 'NONE', *, *, #497, .F. ) ;
#3789 = CIRCLE ( 'NONE', #3406, 1.299999999999999156 ) ;
#3790 = ORIENTED_EDGE ( 'NONE', *, *, #3769, .F. ) ;
#3791 = EDGE_LOOP ( 'NONE', ( #1703, #2864, #4222, #3209 ) ) ;
#3792 = VECTOR ( 'NONE', #3292, 1000.000000000000000 ) ;
#3793 = EDGE_CURVE ( 'NONE', #2103, #1233, #1992, .T. ) ;
#3794 = AXIS2_PLACEMENT_3D ( 'NONE', #3107, #164, #4541 ) ;
#3795 = EDGE_CURVE ( 'NONE', #3651, #4248, #115, .T. ) ;
#3796 = DIRECTION ( 'NONE',  ( 0.000000000000000000, 1.000000000000000000, 0.000000000000000000 ) ) ;
#3797 = VERTEX_POINT ( 'NONE', #3835 ) ;
#3798 = CARTESIAN_POINT ( 'NONE',  ( 9.999999999999987566, 4.000000000000000000, -10.00000000000000178 ) ) ;
#3799 = ORIENTED_EDGE ( 'NONE', *, *, #2131, .F. ) ;
#3800 = PRODUCT_DEFINITION_SHAPE ( 'NONE', 'NONE',  #1368 ) ;
#3801 = CARTESIAN_POINT ( 'NONE',  ( 16.00000000000000355, 2.160833333333332718, -7.000000000000000888 ) ) ;
#3802 = VECTOR ( 'NONE', #4232, 1000.000000000000000 ) ;
#3803 = FACE_OUTER_BOUND ( 'NONE', #592, .T. ) ;
#3804 = DIRECTION ( 'NONE',  ( 1.000000000000000000, 0.000000000000000000, 0.000000000000000000 ) ) ;
#3805 = PLANE ( 'NONE',  #2017 ) ;
#3806 = CIRCLE ( 'NONE', #3103, 1.024999999999998135 ) ;
#3807 = CARTESIAN_POINT ( 'NONE',  ( -23.50000000000000000, 1.650000000000001243, -4.974999999999993427 ) ) ;
#3808 = CARTESIAN_POINT ( 'NONE',  ( -6.500000000000011546, 1.199999999999999956, 18.50000000000000355 ) ) ;
#3809 = AXIS2_PLACEMENT_3D ( 'NONE', #4677, #1738, #2132 ) ;
#3810 = CARTESIAN_POINT ( 'NONE',  ( -6.500000000000010658, 1.199999999999999956, 14.50000000000000178 ) ) ;
#3811 = DIRECTION ( 'NONE',  ( 0.000000000000000000, 0.000000000000000000, 1.000000000000000000 ) ) ;
#3812 = CARTESIAN_POINT ( 'NONE',  ( -13.50800656473830763, 3.000000000000000444, 6.922728280791655919 ) ) ;
#3813 = VECTOR ( 'NONE', #3294, 1000.000000000000000 ) ;
#3814 = ADVANCED_FACE ( 'NONE', ( #3536 ), #2013, .F. ) ;
#3815 = FACE_OUTER_BOUND ( 'NONE', #3672, .T. ) ;
#3816 = ORIENTED_EDGE ( 'NONE', *, *, #3377, .T. ) ;
#3817 = VECTOR ( 'NONE', #2666, 1000.000000000000000 ) ;
#3818 = VERTEX_POINT ( 'NONE', #1691 ) ;
#3819 = ORIENTED_EDGE ( 'NONE', *, *, #3023, .F. ) ;
#3820 = AXIS2_PLACEMENT_3D ( 'NONE', #450, #4102, #1938 ) ;
#3821 = CARTESIAN_POINT ( 'NONE',  ( 2.999999999999986677, 10.30000000000000071, 12.50000000000000178 ) ) ;
#3822 = EDGE_LOOP ( 'NONE', ( #1334, #3108, #2319, #178 ) ) ;
#3823 = DIRECTION ( 'NONE',  ( -0.000000000000000000, 1.000000000000000000, -0.000000000000000000 ) ) ;
#3824 = VECTOR ( 'NONE', #402, 1000.000000000000000 ) ;
#3825 = ORIENTED_EDGE ( 'NONE', *, *, #2769, .T. ) ;
#3826 = CARTESIAN_POINT ( 'NONE',  ( 0.000000000000000000, 10.30000000000000071, 0.000000000000000000 ) ) ;
#3827 = FACE_BOUND ( 'NONE', #859, .T. ) ;
#3828 = ADVANCED_FACE ( 'NONE', ( #3882 ), #917, .F. ) ;
#3829 = CARTESIAN_POINT ( 'NONE',  ( -11.79999999999999538, 2.116666666666666252, -7.000000000000001776 ) ) ;
#3830 = ADVANCED_FACE ( 'NONE', ( #2394 ), #2040, .F. ) ;
#3831 = DIRECTION ( 'NONE',  ( 0.000000000000000000, 0.000000000000000000, -1.000000000000000000 ) ) ;
#3832 = CARTESIAN_POINT ( 'NONE',  ( -11.50000000000000000, 0.000000000000000000, 22.75000000000000711 ) ) ;
#3833 = CARTESIAN_POINT ( 'NONE',  ( -16.00000000000000000, 5.000000000000000000, -19.99999999999998934 ) ) ;
#3834 = DIRECTION ( 'NONE',  ( -1.000000000000000000, 0.000000000000000000, -0.000000000000000000 ) ) ;
#3835 = CARTESIAN_POINT ( 'NONE',  ( -25.99999999999981171, 0.000000000000000000, 9.000000000000119016 ) ) ;
#3836 = CARTESIAN_POINT ( 'NONE',  ( -15.90875219814880737, 2.999999999999999112, 4.621593085411796586 ) ) ;
#3837 = CARTESIAN_POINT ( 'NONE',  ( 16.00000000000000000, 5.000000000000000000, -19.99999999999998934 ) ) ;
#3838 = VERTEX_POINT ( 'NONE', #1321 ) ;
#3839 = ORIENTED_EDGE ( 'NONE', *, *, #191, .T. ) ;
#3840 = ORIENTED_EDGE ( 'NONE', *, *, #125, .F. ) ;
#3841 = ADVANCED_FACE ( 'NONE', ( #846 ), #183, .F. ) ;
#3842 = CARTESIAN_POINT ( 'NONE',  ( -15.91188116800948116, 3.000000000000000000, -4.597218489864379087 ) ) ;
#3843 = ORIENTED_EDGE ( 'NONE', *, *, #2634, .T. ) ;
#3844 = DIRECTION ( 'NONE',  ( 0.000000000000000000, 0.000000000000000000, 1.000000000000000000 ) ) ;
#3845 = EDGE_CURVE ( 'NONE', #3699, #3890, #946, .T. ) ;
#3846 = EDGE_LOOP ( 'NONE', ( #4270, #3389, #4453, #4343 ) ) ;
#3847 = DIRECTION ( 'NONE',  ( -0.000000000000000000, 1.000000000000000000, -0.000000000000000000 ) ) ;
#3848 = FACE_OUTER_BOUND ( 'NONE', #1649, .T. ) ;
#3849 = EDGE_CURVE ( 'NONE', #1410, #2814, #4219, .T. ) ;
#3850 = DIRECTION ( 'NONE',  ( 1.000000000000000000, 0.000000000000000000, 0.000000000000000000 ) ) ;
#3851 = CARTESIAN_POINT ( 'NONE',  ( -21.00000000000000000, 8.000000000000000000, -23.99999999999999289 ) ) ;
#3852 = DIRECTION ( 'NONE',  ( 0.000000000000000000, -1.000000000000000000, 0.000000000000000000 ) ) ;
#3853 = CARTESIAN_POINT ( 'NONE',  ( 16.00000000000000000, 5.000000000000000000, 23.25000000000000711 ) ) ;
#3854 = ADVANCED_FACE ( 'NONE', ( #1617 ), #3104, .F. ) ;
#3855 = DIRECTION ( 'NONE',  ( -0.000000000000000000, -0.000000000000000000, 1.000000000000000000 ) ) ;
#3856 = CARTESIAN_POINT ( 'NONE',  ( -23.50000000000000000, 8.000000000000001776, -5.999999999999991118 ) ) ;
#3857 = CARTESIAN_POINT ( 'NONE',  ( -10.00000000000001243, 4.000000000000000000, -8.750000000000003553 ) ) ;
#3858 = FACE_OUTER_BOUND ( 'NONE', #220, .T. ) ;
#3859 = VERTEX_POINT ( 'NONE', #2826 ) ;
#3860 = ORIENTED_EDGE ( 'NONE', *, *, #1231, .F. ) ;
#3861 = ORIENTED_EDGE ( 'NONE', *, *, #412, .T. ) ;
#3862 = ADVANCED_FACE ( 'NONE', ( #3952, #258, #2156, #2902, #2847 ), #2512, .F. ) ;
#3863 = CARTESIAN_POINT ( 'NONE',  ( -16.00000000000001421, 10.30000000000000071, 18.00000000000000000 ) ) ;
#3864 = ORIENTED_EDGE ( 'NONE', *, *, #3872, .F. ) ;
#3865 = DIRECTION ( 'NONE',  ( 0.000000000000000000, 0.000000000000000000, 1.000000000000000000 ) ) ;
#3866 = ORIENTED_EDGE ( 'NONE', *, *, #3438, .F. ) ;
#3867 = EDGE_CURVE ( 'NONE', #1191, #1797, #279, .T. ) ;
#3868 = LINE ( 'NONE', #537, #483 ) ;
#3869 = VECTOR ( 'NONE', #2341, 1000.000000000000000 ) ;
#3870 = CIRCLE ( 'NONE', #2323, 1.250000000000001110 ) ;
#3871 = DIRECTION ( 'NONE',  ( 1.000000000000000000, -0.000000000000000000, 2.168404344971008868E-16 ) ) ;
#3872 = EDGE_CURVE ( 'NONE', #3011, #1092, #1416, .T. ) ;
#3873 = DIRECTION ( 'NONE',  ( 0.000000000000000000, 0.000000000000000000, 1.000000000000000000 ) ) ;
#3874 = ORIENTED_EDGE ( 'NONE', *, *, #4559, .F. ) ;
#3875 = DIRECTION ( 'NONE',  ( -1.000000000000000000, 0.000000000000000000, -7.709882115452477180E-16 ) ) ;
#3876 = FACE_OUTER_BOUND ( 'NONE', #1528, .T. ) ;
#3877 = AXIS2_PLACEMENT_3D ( 'NONE', #1637, #4189, #865 ) ;
#3878 = CARTESIAN_POINT ( 'NONE',  ( 16.00000000000000355, 1.189166666666666927, 6.999999999999999112 ) ) ;
#3879 = EDGE_CURVE ( 'NONE', #2431, #1259, #409, .T. ) ;
#3880 = AXIS2_PLACEMENT_3D ( 'NONE', #4793, #4375, #684 ) ;
#3881 = CARTESIAN_POINT ( 'NONE',  ( 13.13626828020444748, 0.3499999999999999778, -6.970507305179491020 ) ) ;
#3882 = FACE_OUTER_BOUND ( 'NONE', #1507, .T. ) ;
#3883 = CARTESIAN_POINT ( 'NONE',  ( -15.69890116199737484, 3.000000000000000444, 5.553174294118615073 ) ) ;
#3884 = EDGE_CURVE ( 'NONE', #169, #345, #4777, .T. ) ;
#3885 = CONTEXT_DEPENDENT_SHAPE_REPRESENTATION ( #2232, #3219 ) ;
#3886 = AXIS2_PLACEMENT_3D ( 'NONE', #1533, #3998, #420 ) ;
#3887 = LINE ( 'NONE', #3930, #3331 ) ;
#3888 = EDGE_LOOP ( 'NONE', ( #2455, #3689, #3901, #2990 ) ) ;
#3889 = ADVANCED_FACE ( 'NONE', ( #4679 ), #4138, .T. ) ;
#3890 = VERTEX_POINT ( 'NONE', #2084 ) ;
#3891 = ORIENTED_EDGE ( 'NONE', *, *, #2131, .T. ) ;
#3892 = AXIS2_PLACEMENT_3D ( 'NONE', #1042, #4339, #1019 ) ;
#3893 = CARTESIAN_POINT ( 'NONE',  ( 20.50000000000018474, 3.000000000000000000, 4.700000000000120082 ) ) ;
#3894 = ORIENTED_EDGE ( 'NONE', *, *, #2538, .T. ) ;
#3895 = CARTESIAN_POINT ( 'NONE',  ( -23.50000000000000000, 8.000000000000000000, 19.02500000000000213 ) ) ;
#3896 = VERTEX_POINT ( 'NONE', #1061 ) ;
#3897 = DIRECTION ( 'NONE',  ( 0.000000000000000000, 0.000000000000000000, 1.000000000000000000 ) ) ;
#3898 = CYLINDRICAL_SURFACE ( 'NONE', #2096, 8.249999999999992895 ) ;
#3899 = CIRCLE ( 'NONE', #4200, 1.024999999999998135 ) ;
#3900 = DIRECTION ( 'NONE',  ( -0.000000000000000000, 1.000000000000000000, -0.000000000000000000 ) ) ;
#3901 = ORIENTED_EDGE ( 'NONE', *, *, #2158, .T. ) ;
#3902 = DIRECTION ( 'NONE',  ( 0.000000000000000000, 0.000000000000000000, 1.000000000000000000 ) ) ;
#3903 = CARTESIAN_POINT ( 'NONE',  ( -16.00000000000000000, 5.000000000000000000, 20.00000000000000355 ) ) ;
#3904 = CARTESIAN_POINT ( 'NONE',  ( 17.49999999999998934, 0.000000000000000000, 18.00000000000000000 ) ) ;
#3905 = CARTESIAN_POINT ( 'NONE',  ( 15.75339069260644287, 0.3499999999999999778, -5.389138826134193927 ) ) ;
#3906 = DIRECTION ( 'NONE',  ( 0.000000000000000000, 0.000000000000000000, 1.000000000000000000 ) ) ;
#3907 = DIRECTION ( 'NONE',  ( 0.000000000000000000, 0.000000000000000000, 1.000000000000000000 ) ) ;
#3908 = ORIENTED_EDGE ( 'NONE', *, *, #1986, .F. ) ;
#3909 = EDGE_CURVE ( 'NONE', #2911, #73, #2654, .T. ) ;
#3910 = VERTEX_POINT ( 'NONE', #2877 ) ;
#3911 = LINE ( 'NONE', #2695, #78 ) ;
#3912 = CARTESIAN_POINT ( 'NONE',  ( -15.91327069688740892, 0.3500000000000000333, 4.586207570541001033 ) ) ;
#3913 = EDGE_CURVE ( 'NONE', #1822, #3083, #1037, .T. ) ;
#3914 = CARTESIAN_POINT ( 'NONE',  ( -15.72057490013178338, 3.000000000000000000, -5.491168017210650731 ) ) ;
#3915 = ORIENTED_EDGE ( 'NONE', *, *, #4653, .T. ) ;
#3916 = CARTESIAN_POINT ( 'NONE',  ( 15.49710203907635453, 0.3500000000000000333, 5.990556882035487085 ) ) ;
#3917 = AXIS2_PLACEMENT_3D ( 'NONE', #1442, #4438, #2613 ) ;
#3918 = EDGE_LOOP ( 'NONE', ( #3262, #52, #4593, #2115 ) ) ;
#3919 = AXIS2_PLACEMENT_3D ( 'NONE', #732, #1849, #755 ) ;
#3920 = CARTESIAN_POINT ( 'NONE',  ( -16.00000000000001066, 0.000000000000000000, -4.000000000000009770 ) ) ;
#3921 = CARTESIAN_POINT ( 'NONE',  ( -5.828427124746195176, 10.30000000000000071, 18.50000000000000355 ) ) ;
#3922 = EDGE_LOOP ( 'NONE', ( #2398, #459, #2003, #1131 ) ) ;
#3923 = CARTESIAN_POINT ( 'NONE',  ( -13.60639857584036427, 0.3499999999999999778, -6.910713468386509462 ) ) ;
#3924 = DIRECTION ( 'NONE',  ( -3.430415673744136424E-15, 0.000000000000000000, 1.000000000000000000 ) ) ;
#3925 = DIRECTION ( 'NONE',  ( -0.000000000000000000, 1.000000000000000000, -0.000000000000000000 ) ) ;
#3926 = CARTESIAN_POINT ( 'NONE',  ( 13.67504781099751021, 0.3500000000000000333, -6.901636305098467261 ) ) ;
#3927 = CARTESIAN_POINT ( 'NONE',  ( -11.79999999999999538, 2.160833333333332273, -7.000000000000001776 ) ) ;
#3928 = CARTESIAN_POINT ( 'NONE',  ( 13.13600795315407588, 3.000000000000000888, 6.970507305179490132 ) ) ;
#3929 = EDGE_CURVE ( 'NONE', #2492, #2046, #2536, .T. ) ;
#3930 = CARTESIAN_POINT ( 'NONE',  ( -16.00000000000000000, 5.000000000000000000, 16.75000000000000355 ) ) ;
#3931 = VERTEX_POINT ( 'NONE', #3980 ) ;
#3932 = ORIENTED_EDGE ( 'NONE', *, *, #1060, .T. ) ;
#3933 = CARTESIAN_POINT ( 'NONE',  ( 5.999999999999983125, 1.199999999999999734, 17.50000000000000355 ) ) ;
#3934 = DIRECTION ( 'NONE',  ( 0.000000000000000000, 0.000000000000000000, 1.000000000000000000 ) ) ;
#3935 = DIRECTION ( 'NONE',  ( -0.000000000000000000, 1.000000000000000000, -0.000000000000000000 ) ) ;
#3936 = EDGE_CURVE ( 'NONE', #2652, #2970, #4750, .T. ) ;
#3937 = ORIENTED_EDGE ( 'NONE', *, *, #1990, .F. ) ;
#3938 = CARTESIAN_POINT ( 'NONE',  ( 13.78536703118433948, 0.3500000000000000888, 6.887685385224773249 ) ) ;
#3939 = EDGE_CURVE ( 'NONE', #3617, #3325, #284, .T. ) ;
#3940 = ORIENTED_EDGE ( 'NONE', *, *, #575, .F. ) ;
#3941 = EDGE_CURVE ( 'NONE', #3084, #4008, #803, .T. ) ;
#3942 = FACE_OUTER_BOUND ( 'NONE', #3888, .T. ) ;
#3943 = CARTESIAN_POINT ( 'NONE',  ( -25.99999999999981526, 0.000000000000000000, -8.999999999999896971 ) ) ;
#3945 = ORIENTED_EDGE ( 'NONE', *, *, #611, .F. ) ;
#3944 = VECTOR ( 'NONE', #4201, 1000.000000000000000 ) ;
#3946 = CARTESIAN_POINT ( 'NONE',  ( -14.49379642197718532, 0.3500000000000000333, -6.719685208436699142 ) ) ;
#3947 = CARTESIAN_POINT ( 'NONE',  ( 2.999999999999990674, 0.000000000000000000, -15.50000000000000000 ) ) ;
#3948 = VECTOR ( 'NONE', #1815, 1000.000000000000000 ) ;
#3949 = FACE_OUTER_BOUND ( 'NONE', #1805, .T. ) ;
#3950 = CARTESIAN_POINT ( 'NONE',  ( 14.48768626043449004, 0.3500000000000000888, -6.721750444170101702 ) ) ;
#3951 = VECTOR ( 'NONE', #1335, 1000.000000000000000 ) ;
#3952 = FACE_BOUND ( 'NONE', #4323, .T. ) ;
#3953 = LINE ( 'NONE', #669, #893 ) ;
#3954 = VECTOR ( 'NONE', #4647, 1000.000000000000000 ) ;
#3955 = PRODUCT_DEFINITION_SHAPE ( 'NONE', 'NONE',  #2036 ) ;
#3956 = ORIENTED_EDGE ( 'NONE', *, *, #1827, .T. ) ;
#3957 = ORIENTED_EDGE ( 'NONE', *, *, #4803, .T. ) ;
#3958 = DIRECTION ( 'NONE',  ( 0.000000000000000000, -1.000000000000000000, 0.000000000000000000 ) ) ;
#3959 = ORIENTED_EDGE ( 'NONE', *, *, #2853, .T. ) ;
#3960 = APPLICATION_CONTEXT ( 'automotive_design' ) ;
#3961 = AXIS2_PLACEMENT_3D ( 'NONE', #4498, #3753, #444 ) ;
#3962 = EDGE_CURVE ( 'NONE', #3973, #2892, #1719, .T. ) ;
#3963 = CARTESIAN_POINT ( 'NONE',  ( -13.61083896765057766, 3.000000000000000000, -6.910143972839552617 ) ) ;
#3964 = ORIENTED_EDGE ( 'NONE', *, *, #924, .T. ) ;
#3965 = CIRCLE ( 'NONE', #2476, 1.024999999999991251 ) ;
#3966 = CARTESIAN_POINT ( 'NONE',  ( 15.76385044341005504, 0.3499999999999999778, 5.362311497427488582 ) ) ;
#3967 = ORIENTED_EDGE ( 'NONE', *, *, #1208, .F. ) ;
#3968 = AXIS2_PLACEMENT_3D ( 'NONE', #2679, #3072, #1265 ) ;
#3969 = DIRECTION ( 'NONE',  ( -0.000000000000000000, -1.000000000000000000, -0.000000000000000000 ) ) ;
#3970 = CIRCLE ( 'NONE', #1884, 2.499999999999993339 ) ;
#3971 = EDGE_CURVE ( 'NONE', #3754, #880, #3037, .T. ) ;
#3972 = CARTESIAN_POINT ( 'NONE',  ( -20.99999999999999645, 8.000000000000000000, 24.00000000000000711 ) ) ;
#3973 = VERTEX_POINT ( 'NONE', #1520 ) ;
#3974 = CARTESIAN_POINT ( 'NONE',  ( 26.00000000000018829, 3.000000000000000000, -8.999999999999896971 ) ) ;
#3975 = DIRECTION ( 'NONE',  ( 1.000000000000000000, 0.000000000000000000, -0.000000000000000000 ) ) ;
#3976 = AXIS2_PLACEMENT_3D ( 'NONE', #430, #3708, #2977 ) ;
#3977 = ADVANCED_FACE ( 'NONE', ( #3760 ), #3026, .F. ) ;
#3978 = FACE_OUTER_BOUND ( 'NONE', #700, .T. ) ;
#3979 = CARTESIAN_POINT ( 'NONE',  ( 15.72057707795677928, 0.3500000000000000333, -5.491157179913718878 ) ) ;
#3980 = CARTESIAN_POINT ( 'NONE',  ( 29.00000000000000000, 0.000000000000000000, 22.00000000000000000 ) ) ;
#3981 = DIRECTION ( 'NONE',  ( -0.000000000000000000, -1.000000000000000000, -0.000000000000000000 ) ) ;
#3982 = DIRECTION ( 'NONE',  ( -0.000000000000000000, 1.000000000000000000, -0.000000000000000000 ) ) ;
#3983 = VERTEX_POINT ( 'NONE', #4053 ) ;
#3984 = EDGE_LOOP ( 'NONE', ( #2929, #307 ) ) ;
#3985 = CARTESIAN_POINT ( 'NONE',  ( -14.30000000000000071, 2.000000000000000000, 20.00000000000000355 ) ) ;
#3986 = DIRECTION ( 'NONE',  ( 0.000000000000000000, 0.000000000000000000, 1.000000000000000000 ) ) ;
#3987 = DIRECTION ( 'NONE',  ( -0.000000000000000000, 1.000000000000000000, -0.000000000000000000 ) ) ;
#3988 = ORIENTED_EDGE ( 'NONE', *, *, #195, .F. ) ;
#3989 = CARTESIAN_POINT ( 'NONE',  ( -16.00000000000000000, 5.000000000000000000, 20.00000000000000355 ) ) ;
#3990 = ORIENTED_EDGE ( 'NONE', *, *, #2285, .T. ) ;
#3991 = DIRECTION ( 'NONE',  ( -0.000000000000000000, 1.000000000000000000, -0.000000000000000000 ) ) ;
#3992 = VECTOR ( 'NONE', #1737, 1000.000000000000000 ) ;
#3993 = LINE ( 'NONE', #3921, #4576 ) ;
#3994 = ORIENTED_EDGE ( 'NONE', *, *, #3071, .F. ) ;
#3995 = CARTESIAN_POINT ( 'NONE',  ( -15.72175044417008216, 0.3500000000000000333, -5.487686260434488261 ) ) ;
#3996 = DIRECTION ( 'NONE',  ( -0.000000000000000000, 1.000000000000000000, -0.000000000000000000 ) ) ;
#3997 = ADVANCED_FACE ( 'NONE', ( #2589 ), #1917, .F. ) ;
#3998 = DIRECTION ( 'NONE',  ( 0.000000000000000000, -1.000000000000000000, 0.000000000000000000 ) ) ;
#3999 = DIRECTION ( 'NONE',  ( 0.000000000000000000, 0.000000000000000000, 1.000000000000000000 ) ) ;
#4000 = ADVANCED_FACE ( 'NONE', ( #4077 ), #1181, .F. ) ;
#4001 = DIRECTION ( 'NONE',  ( -7.228014483236695816E-17, -0.000000000000000000, -1.000000000000000000 ) ) ;
#4002 = CARTESIAN_POINT ( 'NONE',  ( 15.92272828079164704, 3.000000000000000000, 4.508006564738313848 ) ) ;
#4003 = EDGE_CURVE ( 'NONE', #786, #3838, #2661, .T. ) ;
#4004 = DIRECTION ( 'NONE',  ( 1.000000000000000000, -0.000000000000000000, 3.430415673744137212E-15 ) ) ;
#4005 = ORIENTED_EDGE ( 'NONE', *, *, #3612, .F. ) ;
#4006 = ORIENTED_EDGE ( 'NONE', *, *, #1795, .T. ) ;
#4007 = FACE_OUTER_BOUND ( 'NONE', #1859, .T. ) ;
#4008 = VERTEX_POINT ( 'NONE', #3375 ) ;
#4009 = DIRECTION ( 'NONE',  ( 0.000000000000000000, -1.000000000000000000, 0.000000000000000000 ) ) ;
#4010 = ORIENTED_EDGE ( 'NONE', *, *, #4034, .F. ) ;
#4011 = DIRECTION ( 'NONE',  ( -0.000000000000000000, 1.000000000000000000, -0.000000000000000000 ) ) ;
#4012 = ORIENTED_EDGE ( 'NONE', *, *, #2044, .F. ) ;
#4013 = CARTESIAN_POINT ( 'NONE',  ( -21.00000000000000000, 5.000000000000000000, -23.99999999999999289 ) ) ;
#4014 = EDGE_LOOP ( 'NONE', ( #610, #3290, #2498, #4729 ) ) ;
#4015 = ADVANCED_FACE ( 'NONE', ( #1896 ), #1871, .F. ) ;
#4016 = ORIENTED_EDGE ( 'NONE', *, *, #633, .F. ) ;
#4017 = DIRECTION ( 'NONE',  ( 1.000000000000000000, 0.000000000000000000, -0.000000000000000000 ) ) ;
#4018 = ORIENTED_EDGE ( 'NONE', *, *, #3015, .F. ) ;
#4019 = DIRECTION ( 'NONE',  ( -0.000000000000000000, 1.000000000000000000, -0.000000000000000000 ) ) ;
#4020 = LINE ( 'NONE', #2179, #3948 ) ;
#4021 = EDGE_CURVE ( 'NONE', #3011, #556, #2211, .T. ) ;
#4022 = LINE ( 'NONE', #4357, #3646 ) ;
#4023 = DIRECTION ( 'NONE',  ( 0.000000000000000000, 0.000000000000000000, 1.000000000000000000 ) ) ;
#4024 = DIRECTION ( 'NONE',  ( 0.000000000000000000, 0.000000000000000000, 1.000000000000000000 ) ) ;
#4025 = DIRECTION ( 'NONE',  ( -0.000000000000000000, 1.000000000000000000, -0.000000000000000000 ) ) ;
#4026 = AXIS2_PLACEMENT_3D ( 'NONE', #4063, #339, #4112 ) ;
#4027 = CIRCLE ( 'NONE', #2624, 3.249999999999999556 ) ;
#4028 = EDGE_CURVE ( 'NONE', #680, #3342, #356, .T. ) ;
#4029 = CARTESIAN_POINT ( 'NONE',  ( -15.99999999999999645, 2.160833333333332273, 2.799999999999997602 ) ) ;
#4030 = EDGE_LOOP ( 'NONE', ( #4641, #4767 ) ) ;
#4031 = EDGE_LOOP ( 'NONE', ( #2362, #3159, #3839, #4770 ) ) ;
#4032 = DIRECTION ( 'NONE',  ( -0.000000000000000000, 1.000000000000000000, -0.000000000000000000 ) ) ;
#4033 = CARTESIAN_POINT ( 'NONE',  ( -13.60367068592199402, 0.3500000000000000333, 6.911061092181900456 ) ) ;
#4034 = EDGE_CURVE ( 'NONE', #2228, #3663, #2116, .T. ) ;
#4035 = AXIS2_PLACEMENT_3D ( 'NONE', #4742, #681, #2099 ) ;
#4036 = EDGE_CURVE ( 'NONE', #384, #811, #1106, .T. ) ;
#4037 = CARTESIAN_POINT ( 'NONE',  ( -16.00000000000000000, 5.000000000000000000, -23.24999999999998934 ) ) ;
#4038 = VERTEX_POINT ( 'NONE', #2235 ) ;
#4039 = DIRECTION ( 'NONE',  ( -0.000000000000000000, -1.000000000000000000, -0.000000000000000000 ) ) ;
#4040 = VERTEX_POINT ( 'NONE', #379 ) ;
#4041 = AXIS2_PLACEMENT_3D ( 'NONE', #1919, #1185, #4150 ) ;
#4042 = DIRECTION ( 'NONE',  ( 0.000000000000000000, -1.000000000000000000, 0.000000000000000000 ) ) ;
#4043 = ORIENTED_EDGE ( 'NONE', *, *, #257, .T. ) ;
#4044 = ORIENTED_EDGE ( 'NONE', *, *, #924, .F. ) ;
#4045 = PLANE ( 'NONE',  #3880 ) ;
#4046 = ORIENTED_EDGE ( 'NONE', *, *, #741, .T. ) ;
#4047 = CIRCLE ( 'NONE', #401, 2.499999999999993339 ) ;
#4048 = DIRECTION ( 'NONE',  ( 0.000000000000000000, -1.000000000000000000, 0.000000000000000000 ) ) ;
#4049 = FACE_OUTER_BOUND ( 'NONE', #2941, .T. ) ;
#4050 = AXIS2_PLACEMENT_3D ( 'NONE', #2931, #3230, #4415 ) ;
#4051 = CARTESIAN_POINT ( 'NONE',  ( 20.50000000000018474, 0.000000000000000000, 7.300000000000117950 ) ) ;
#4052 = CARTESIAN_POINT ( 'NONE',  ( 15.86893746367142022, 3.000000000000000000, -4.891378798993584631 ) ) ;
#4053 = CARTESIAN_POINT ( 'NONE',  ( -15.99999999999999645, 3.000000000000000000, -2.800000000000001155 ) ) ;
#4054 = DIRECTION ( 'NONE',  ( 0.000000000000000000, 0.000000000000000000, 1.000000000000000000 ) ) ;
#4055 = EDGE_CURVE ( 'NONE', #2467, #2814, #2650, .T. ) ;
#4056 = VECTOR ( 'NONE', #3146, 1000.000000000000000 ) ;
#4057 = ORIENTED_EDGE ( 'NONE', *, *, #214, .T. ) ;
#4058 = AXIS2_PLACEMENT_3D ( 'NONE', #4550, #3847, #1983 ) ;
#4059 = ORIENTED_EDGE ( 'NONE', *, *, #214, .F. ) ;
#4060 = DIRECTION ( 'NONE',  ( -1.000000000000000000, 0.000000000000000000, -0.000000000000000000 ) ) ;
#4061 = DIRECTION ( 'NONE',  ( -0.000000000000000000, 1.000000000000000000, -0.000000000000000000 ) ) ;
#4062 = EDGE_CURVE ( 'NONE', #4248, #97, #950, .T. ) ;
#4063 = CARTESIAN_POINT ( 'NONE',  ( 17.69999999999999929, 2.000000000000000000, 20.00000000000000711 ) ) ;
#4064 = ORIENTED_EDGE ( 'NONE', *, *, #3581, .T. ) ;
#4065 = ORIENTED_EDGE ( 'NONE', *, *, #1840, .T. ) ;
#4066 = ADVANCED_FACE ( 'NONE', ( #3418 ), #772, .F. ) ;
#4067 = CARTESIAN_POINT ( 'NONE',  ( -20.74999999999994316, 11.50000000000000000, -7.116312747412737391E-14 ) ) ;
#4068 = ORIENTED_EDGE ( 'NONE', *, *, #4413, .F. ) ;
#4069 = ORIENTED_EDGE ( 'NONE', *, *, #1279, .F. ) ;
#4070 = CARTESIAN_POINT ( 'NONE',  ( 16.00000000000000355, 3.000000000000000000, 2.799999999999997602 ) ) ;
#4071 = ORIENTED_EDGE ( 'NONE', *, *, #1746, .T. ) ;
#4072 = DIRECTION ( 'NONE',  ( 1.000000000000000000, 0.000000000000000000, 0.000000000000000000 ) ) ;
#4073 = FACE_OUTER_BOUND ( 'NONE', #2839, .T. ) ;
#4074 = DIRECTION ( 'NONE',  ( 1.000000000000000000, 0.000000000000000000, -0.000000000000000000 ) ) ;
#4075 = CARTESIAN_POINT ( 'NONE',  ( 13.78554179326544471, 3.000000000000000888, -6.887650265652886183 ) ) ;
#4076 = CIRCLE ( 'NONE', #3917, 2.999999999999997335 ) ;
#4077 = FACE_OUTER_BOUND ( 'NONE', #4031, .T. ) ;
#4078 = CARTESIAN_POINT ( 'NONE',  ( 17.49999999999998934, 6.349999999999994316, -19.02499999999999147 ) ) ;
#4079 = ADVANCED_FACE ( 'NONE', ( #1469 ), #2563, .F. ) ;
#4080 = FACE_OUTER_BOUND ( 'NONE', #2783, .T. ) ;
#4081 = VERTEX_POINT ( 'NONE', #4437 ) ;
#4082 = ADVANCED_FACE ( 'NONE', ( #1115 ), #20, .F. ) ;
#4083 = ORIENTED_EDGE ( 'NONE', *, *, #2125, .T. ) ;
#4084 = CARTESIAN_POINT ( 'NONE',  ( -16.00000000000001066, 10.30000000000000071, -6.500000000000002665 ) ) ;
#4085 = DIRECTION ( 'NONE',  ( 0.000000000000000000, 0.000000000000000000, -1.000000000000000000 ) ) ;
#4086 = DIRECTION ( 'NONE',  ( 0.000000000000000000, 0.000000000000000000, 1.000000000000000000 ) ) ;
#4087 = EDGE_CURVE ( 'NONE', #1698, #1794, #910, .T. ) ;
#4088 = DIRECTION ( 'NONE',  ( 0.000000000000000000, 0.000000000000000000, 1.000000000000000000 ) ) ;
#4089 = ORIENTED_EDGE ( 'NONE', *, *, #1619, .F. ) ;
#4090 = VERTEX_POINT ( 'NONE', #3807 ) ;
#4091 = LINE ( 'NONE', #443, #3060 ) ;
#4092 = VERTEX_POINT ( 'NONE', #2370 ) ;
#4093 = EDGE_CURVE ( 'NONE', #556, #3666, #2387, .T. ) ;
#4094 = ORIENTED_EDGE ( 'NONE', *, *, #2769, .F. ) ;
#4095 = FACE_OUTER_BOUND ( 'NONE', #1699, .T. ) ;
#4096 = DIRECTION ( 'NONE',  ( -0.000000000000000000, 1.000000000000000000, -0.000000000000000000 ) ) ;
#4097 = DIRECTION ( 'NONE',  ( -0.000000000000000000, 1.000000000000000000, -0.000000000000000000 ) ) ;
#4098 = ADVANCED_FACE ( 'NONE', ( #2034 ), #1221, .F. ) ;
#4099 =( GEOMETRIC_REPRESENTATION_CONTEXT ( 3 ) GLOBAL_UNCERTAINTY_ASSIGNED_CONTEXT ( ( #4714 ) ) GLOBAL_UNIT_ASSIGNED_CONTEXT ( ( #475, #4626, #4190 ) ) REPRESENTATION_CONTEXT ( 'NONE', 'WORKASPACE' ) );
#4100 = PLANE ( 'NONE',  #3114 ) ;
#4101 = CARTESIAN_POINT ( 'NONE',  ( -32.50000000000000000, 8.000000000000000000, 24.00000000000000711 ) ) ;
#4102 = DIRECTION ( 'NONE',  ( 0.000000000000000000, -1.000000000000000000, 0.000000000000000000 ) ) ;
#4103 = LINE ( 'NONE', #3003, #3059 ) ;
#4104 = DIRECTION ( 'NONE',  ( 0.000000000000000000, 0.000000000000000000, 1.000000000000000000 ) ) ;
#4105 = ORIENTED_EDGE ( 'NONE', *, *, #998, .F. ) ;
#4106 = LINE ( 'NONE', #3745, #1485 ) ;
#4107 = CARTESIAN_POINT ( 'NONE',  ( -12.53625247638935747, 0.3500000000000000333, 6.999999999999998224 ) ) ;
#4108 = AXIS2_PLACEMENT_3D ( 'NONE', #1527, #3010, #757 ) ;
#4109 = CONTEXT_DEPENDENT_SHAPE_REPRESENTATION ( #3053, #1583 ) ;
#4110 = AXIS2_PLACEMENT_3D ( 'NONE', #3947, #4282, #1388 ) ;
#4111 = CIRCLE ( 'NONE', #382, 1.700000000000000178 ) ;
#4112 = DIRECTION ( 'NONE',  ( 0.000000000000000000, -0.000000000000000000, -1.000000000000000000 ) ) ;
#4113 = ORIENTED_EDGE ( 'NONE', *, *, #223, .F. ) ;
#4114 = VECTOR ( 'NONE', #2511, 1000.000000000000000 ) ;
#4115 = ORIENTED_EDGE ( 'NONE', *, *, #4625, .F. ) ;
#4116 = CIRCLE ( 'NONE', #2334, 1.700000000000000178 ) ;
#4117 = ADVANCED_FACE ( 'NONE', ( #4216 ), #1202, .F. ) ;
#4118 = DIRECTION ( 'NONE',  ( -0.000000000000000000, -1.000000000000000000, -0.000000000000000000 ) ) ;
#4119 = ORIENTED_EDGE ( 'NONE', *, *, #3526, .F. ) ;
#4120 = CIRCLE ( 'NONE', #2180, 3.249999999999999556 ) ;
#4121 = FACE_OUTER_BOUND ( 'NONE', #3601, .T. ) ;
#4122 = ORIENTED_EDGE ( 'NONE', *, *, #497, .T. ) ;
#4123 = DIRECTION ( 'NONE',  ( -0.000000000000000000, 1.000000000000000000, -0.000000000000000000 ) ) ;
#4124 = FACE_BOUND ( 'NONE', #225, .T. ) ;
#4125 = DIRECTION ( 'NONE',  ( 3.430415673744137212E-15, 0.000000000000000000, -1.000000000000000000 ) ) ;
#4126 = CIRCLE ( 'NONE', #2027, 1.024999999999987699 ) ;
#4127 = ADVANCED_FACE ( 'NONE', ( #110 ), #2704, .F. ) ;
#4128 = DIRECTION ( 'NONE',  ( 0.000000000000000000, 0.000000000000000000, 1.000000000000000000 ) ) ;
#4129 = FACE_OUTER_BOUND ( 'NONE', #4014, .T. ) ;
#4130 = CARTESIAN_POINT ( 'NONE',  ( -16.00000000000000000, 2.000000000000000000, 20.00000000000000355 ) ) ;
#4131 = CARTESIAN_POINT ( 'NONE',  ( -18.50000000000000355, 10.30000000000000071, -6.500000000000003553 ) ) ;
#4132 = EDGE_CURVE ( 'NONE', #1484, #3931, #4167, .T. ) ;
#4133 = VECTOR ( 'NONE', #240, 1000.000000000000000 ) ;
#4134 = FACE_OUTER_BOUND ( 'NONE', #1065, .T. ) ;
#4135 = LINE ( 'NONE', #3029, #17 ) ;
#4136 = VECTOR ( 'NONE', #619, 1000.000000000000000 ) ;
#4137 = DIRECTION ( 'NONE',  ( -0.000000000000000000, -0.000000000000000000, 1.000000000000000000 ) ) ;
#4138 =( BOUNDED_SURFACE ( )  B_SPLINE_SURFACE ( 2, 3, ( 
 ( #2487, #3927, #2111, #1740 ),
 ( #1393, #3223, #4701, #668 ),
 ( #649, #1764, #3245, #4332 ) ),
 .UNSPECIFIED., .F., .F., .F. ) 
 B_SPLINE_SURFACE_WITH_KNOTS ( ( 3, 3 ),
 ( 4, 4 ),
 ( 0.000000000000000000, 1.000000000000000000 ),
 ( -0.002782499999999999817, 0.0001324999999999999952 ),
 .UNSPECIFIED. ) 
 GEOMETRIC_REPRESENTATION_ITEM ( )  RATIONAL_B_SPLINE_SURFACE ( (
 ( 1.000000000000000000, 1.000000000000000000, 1.000000000000000000, 1.000000000000000000),
 ( 1.857142857142857428, 1.857142857142857428, 1.857142857142857428, 1.857142857142857428),
 ( 1.000000000000000000, 1.000000000000000000, 1.000000000000000000, 1.000000000000000000) ) ) 
 REPRESENTATION_ITEM ( '' )  SURFACE ( )  );
#4139 = ORIENTED_EDGE ( 'NONE', *, *, #2047, .T. ) ;
#4140 = ORIENTED_EDGE ( 'NONE', *, *, #951, .F. ) ;
#4141 = DIRECTION ( 'NONE',  ( 0.000000000000000000, 0.000000000000000000, 1.000000000000000000 ) ) ;
#4142 = ORIENTED_EDGE ( 'NONE', *, *, #4132, .T. ) ;
#4143 = DIRECTION ( 'NONE',  ( -0.000000000000000000, -1.000000000000000000, -0.000000000000000000 ) ) ;
#4144 = EDGE_LOOP ( 'NONE', ( #1672, #1360, #1212, #2033 ) ) ;
#4145 = CARTESIAN_POINT ( 'NONE',  ( 0.000000000000000000, 11.50000000000000000, 0.000000000000000000 ) ) ;
#4146 = DIRECTION ( 'NONE',  ( -0.000000000000000000, 1.000000000000000000, -0.000000000000000000 ) ) ;
#4147 = CARTESIAN_POINT ( 'NONE',  ( 17.69999999999999929, 2.000000000000000000, -19.99999999999998934 ) ) ;
#4148 = CARTESIAN_POINT ( 'NONE',  ( -32.50000000000000000, 5.000000000000000000, -23.99999999999999289 ) ) ;
#4149 = CARTESIAN_POINT ( 'NONE',  ( -29.00000000000000355, 11.50000000000000000, 22.00000000000000000 ) ) ;
#4150 = DIRECTION ( 'NONE',  ( 0.000000000000000000, 0.000000000000000000, 1.000000000000000000 ) ) ;
#4151 = EDGE_CURVE ( 'NONE', #2175, #3754, #179, .T. ) ;
#4152 = FACE_OUTER_BOUND ( 'NONE', #4542, .T. ) ;
#4153 = CARTESIAN_POINT ( 'NONE',  ( -13.56038582543835602, 3.000000000000000000, 6.916474485472863698 ) ) ;
#4154 = ADVANCED_FACE ( 'NONE', ( #3098 ), #1591, .F. ) ;
#4155 = CIRCLE ( 'NONE', #190, 1.249999999999997558 ) ;
#4156 = CYLINDRICAL_SURFACE ( 'NONE', #527, 1.700000000000000178 ) ;
#4157 = EDGE_LOOP ( 'NONE', ( #3788, #4747, #2222, #1774 ) ) ;
#4158 = ORIENTED_EDGE ( 'NONE', *, *, #1057, .F. ) ;
#4159 = ORIENTED_EDGE ( 'NONE', *, *, #4287, .T. ) ;
#4160 = CARTESIAN_POINT ( 'NONE',  ( 5.999999999999983125, 10.30000000000000071, 17.50000000000000355 ) ) ;
#4161 = EDGE_LOOP ( 'NONE', ( #1706, #4250 ) ) ;
#4162 = FACE_OUTER_BOUND ( 'NONE', #528, .T. ) ;
#4163 = ORIENTED_EDGE ( 'NONE', *, *, #1990, .T. ) ;
#4164 = CARTESIAN_POINT ( 'NONE',  ( -23.50000000000000000, 8.000000000000001776, -16.97500000000000497 ) ) ;
#4165 = DIRECTION ( 'NONE',  ( 0.000000000000000000, 0.000000000000000000, -1.000000000000000000 ) ) ;
#4166 = CARTESIAN_POINT ( 'NONE',  ( -15.00000000000001421, 0.000000000000000000, -15.50000000000000178 ) ) ;
#4167 = LINE ( 'NONE', #840, #170 ) ;
#4168 = DIRECTION ( 'NONE',  ( -0.000000000000000000, -1.000000000000000000, -0.000000000000000000 ) ) ;
#4169 = CYLINDRICAL_SURFACE ( 'NONE', #4659, 2.999999999999999112 ) ;
#4170 = EDGE_CURVE ( 'NONE', #266, #175, #1724, .T. ) ;
#4171 = FACE_OUTER_BOUND ( 'NONE', #4718, .T. ) ;
#4172 = CARTESIAN_POINT ( 'NONE',  ( 17.49999999999998934, 6.349999999999994316, 7.024999999999985256 ) ) ;
#4173 = CARTESIAN_POINT ( 'NONE',  ( -15.49724171888138358, 3.000000000000000000, 5.990304093608421532 ) ) ;
#4174 = CARTESIAN_POINT ( 'NONE',  ( 0.000000000000000000, -0.000000000000000000, 20.49999999999999289 ) ) ;
#4175 = ORIENTED_EDGE ( 'NONE', *, *, #1316, .F. ) ;
#4176 = EDGE_CURVE ( 'NONE', #1092, #1191, #1640, .T. ) ;
#4177 = AXIS2_PLACEMENT_3D ( 'NONE', #2692, #2379, #2762 ) ;
#4178 = ORIENTED_EDGE ( 'NONE', *, *, #793, .T. ) ;
#4179 = ORIENTED_EDGE ( 'NONE', *, *, #1681, .F. ) ;
#4180 = EDGE_CURVE ( 'NONE', #1794, #1233, #4235, .T. ) ;
#4181 = AXIS2_PLACEMENT_3D ( 'NONE', #4382, #2535, #3295 ) ;
#4182 = DIRECTION ( 'NONE',  ( 0.000000000000000000, 0.000000000000000000, 1.000000000000000000 ) ) ;
#4183 = ORIENTED_EDGE ( 'NONE', *, *, #1835, .F. ) ;
#4184 = DIRECTION ( 'NONE',  ( 0.000000000000000000, 0.000000000000000000, 1.000000000000000000 ) ) ;
#4185 = ORIENTED_EDGE ( 'NONE', *, *, #3547, .F. ) ;
#4186 = CARTESIAN_POINT ( 'NONE',  ( 17.49999999999998934, -1.429775138004531790E-15, 18.00000000000000000 ) ) ;
#4187 = CARTESIAN_POINT ( 'NONE',  ( -15.00000000000001421, 0.000000000000000000, 6.499999999999999112 ) ) ;
#4188 = VECTOR ( 'NONE', #907, 1000.000000000000000 ) ;
#4189 = DIRECTION ( 'NONE',  ( -0.000000000000000000, 1.000000000000000000, -0.000000000000000000 ) ) ;
#4190 =( NAMED_UNIT ( * ) SI_UNIT ( $, .STERADIAN. ) SOLID_ANGLE_UNIT ( ) );
#4191 = CARTESIAN_POINT ( 'NONE',  ( 9.999999999999985789, 4.000000000000000000, -10.00000000000000178 ) ) ;
#4192 = VECTOR ( 'NONE', #3043, 1000.000000000000000 ) ;
#4193 = DIRECTION ( 'NONE',  ( 1.000000000000000000, 0.000000000000000000, 0.000000000000000000 ) ) ;
#4194 = DIRECTION ( 'NONE',  ( -0.000000000000000000, 1.000000000000000000, -0.000000000000000000 ) ) ;
#4195 = ADVANCED_BREP_SHAPE_REPRESENTATION ( '', ( #3351, #2077 ), #2002 ) ;
#4196 = VECTOR ( 'NONE', #3421, 1000.000000000000000 ) ;
#4197 = DIRECTION ( 'NONE',  ( 2.168404344971008868E-16, 0.000000000000000000, -1.000000000000000000 ) ) ;
#4198 = DIRECTION ( 'NONE',  ( 0.000000000000000000, 0.000000000000000000, -1.000000000000000000 ) ) ;
#4199 = CARTESIAN_POINT ( 'NONE',  ( -15.90165039411310310, 3.000000000000000000, 4.674976810438296937 ) ) ;
#4200 = AXIS2_PLACEMENT_3D ( 'NONE', #2953, #3347, #4128 ) ;
#4201 = DIRECTION ( 'NONE',  ( -1.000000000000000000, -0.000000000000000000, -0.000000000000000000 ) ) ;
#4202 = ORIENTED_EDGE ( 'NONE', *, *, #1274, .F. ) ;
#4203 = AXIS2_PLACEMENT_3D ( 'NONE', #1572, #3051, #874 ) ;
#4204 = ORIENTED_EDGE ( 'NONE', *, *, #787, .F. ) ;
#4205 = ORIENTED_EDGE ( 'NONE', *, *, #1960, .T. ) ;
#4206 = VECTOR ( 'NONE', #2639, 1000.000000000000000 ) ;
#4207 = EDGE_CURVE ( 'NONE', #4038, #2402, #1663, .T. ) ;
#4208 = CARTESIAN_POINT ( 'NONE',  ( -23.50000000000000000, 8.000000000000000000, 18.00000000000001066 ) ) ;
#4209 = CARTESIAN_POINT ( 'NONE',  ( 11.49999999999999645, 0.000000000000000000, 24.00000000000000711 ) ) ;
#4210 = EDGE_CURVE ( 'NONE', #2930, #2228, #1966, .T. ) ;
#4211 = VERTEX_POINT ( 'NONE', #2730 ) ;
#4212 = CARTESIAN_POINT ( 'NONE',  ( -5.999999999999952038, 10.30000000000000071, -15.50000000000001066 ) ) ;
#4213 = CARTESIAN_POINT ( 'NONE',  ( 11.80000000000000071, 0.2175000000000001377, -7.000000000000001776 ) ) ;
#4214 = CARTESIAN_POINT ( 'NONE',  ( -25.99999999999981171, 0.000000000000000000, 9.000000000000119016 ) ) ;
#4215 = FACE_OUTER_BOUND ( 'NONE', #461, .T. ) ;
#4216 = FACE_OUTER_BOUND ( 'NONE', #323, .T. ) ;
#4217 = DIRECTION ( 'NONE',  ( 0.000000000000000000, 0.000000000000000000, -1.000000000000000000 ) ) ;
#4218 = CARTESIAN_POINT ( 'NONE',  ( 16.00000000000000355, 0.3500000000000000333, -2.800000000000001155 ) ) ;
#4219 = LINE ( 'NONE', #1970, #1561 ) ;
#4220 = CARTESIAN_POINT ( 'NONE',  ( -13.40041837202122998, 2.999999999999998668, 6.934620744020834948 ) ) ;
#4221 = DIRECTION ( 'NONE',  ( 0.000000000000000000, -1.000000000000000000, 0.000000000000000000 ) ) ;
#4222 = ORIENTED_EDGE ( 'NONE', *, *, #488, .F. ) ;
#4223 = ORIENTED_EDGE ( 'NONE', *, *, #1508, .F. ) ;
#4224 = ORIENTED_EDGE ( 'NONE', *, *, #4789, .F. ) ;
#4225 = ADVANCED_FACE ( 'NONE', ( #2056 ), #4554, .T. ) ;
#4226 = CARTESIAN_POINT ( 'NONE',  ( 0.000000000000000000, 10.30000000000000071, 20.49999999999999289 ) ) ;
#4227 = ORIENTED_EDGE ( 'NONE', *, *, #1057, .T. ) ;
#4228 = FACE_OUTER_BOUND ( 'NONE', #4309, .T. ) ;
#4229 = ORIENTED_EDGE ( 'NONE', *, *, #2806, .F. ) ;
#4230 = CYLINDRICAL_SURFACE ( 'NONE', #3041, 1.024999999999994582 ) ;
#4231 = EDGE_CURVE ( 'NONE', #4290, #492, #4536, .T. ) ;
#4232 = DIRECTION ( 'NONE',  ( 0.000000000000000000, 1.000000000000000000, 0.000000000000000000 ) ) ;
#4233 = EDGE_CURVE ( 'NONE', #399, #1928, #1994, .T. ) ;
#4234 = ORIENTED_EDGE ( 'NONE', *, *, #588, .T. ) ;
#4235 = LINE ( 'NONE', #3832, #1644 ) ;
#4236 = LINE ( 'NONE', #2035, #3407 ) ;
#4237 = EDGE_CURVE ( 'NONE', #2071, #1674, #1687, .T. ) ;
#4238 = DIRECTION ( 'NONE',  ( 0.000000000000000000, 1.000000000000000000, 0.000000000000000000 ) ) ;
#4239 = CARTESIAN_POINT ( 'NONE',  ( 15.16058051256388595, 0.3500000000000001443, -6.368282023044086415 ) ) ;
#4240 = LINE ( 'NONE', #4632, #4351 ) ;
#4241 = LINE ( 'NONE', #897, #2987 ) ;
#4242 = AXIS2_PLACEMENT_3D ( 'NONE', #1526, #2986, #415 ) ;
#4243 = DIRECTION ( 'NONE',  ( 0.000000000000000000, 0.000000000000000000, -1.000000000000000000 ) ) ;
#4244 = ORIENTED_EDGE ( 'NONE', *, *, #4450, .T. ) ;
#4245 = ORIENTED_EDGE ( 'NONE', *, *, #2573, .T. ) ;
#4246 = ORIENTED_EDGE ( 'NONE', *, *, #4259, .F. ) ;
#4247 = DIRECTION ( 'NONE',  ( 0.000000000000000000, 0.000000000000000000, -1.000000000000000000 ) ) ;
#4248 = VERTEX_POINT ( 'NONE', #2482 ) ;
#4249 = LINE ( 'NONE', #2028, #2018 ) ;
#4250 = ORIENTED_EDGE ( 'NONE', *, *, #4293, .T. ) ;
#4251 = FACE_BOUND ( 'NONE', #1190, .T. ) ;
#4252 = AXIS2_PLACEMENT_3D ( 'NONE', #4688, #1354, #810 ) ;
#4253 = CARTESIAN_POINT ( 'NONE',  ( -10.00000000000001243, 4.000000000000000000, 11.24999999999999645 ) ) ;
#4254 = DIRECTION ( 'NONE',  ( 0.000000000000000000, -0.000000000000000000, -1.000000000000000000 ) ) ;
#4255 = EDGE_LOOP ( 'NONE', ( #1577, #3211, #3495, #1834 ) ) ;
#4256 = CARTESIAN_POINT ( 'NONE',  ( -12.67542799719073621, 0.3500000000000000333, -6.988751955960576190 ) ) ;
#4257 = DIRECTION ( 'NONE',  ( -0.000000000000000000, 1.000000000000000000, -0.000000000000000000 ) ) ;
#4258 = AXIS2_PLACEMENT_3D ( 'NONE', #4552, #3458, #199 ) ;
#4259 = EDGE_CURVE ( 'NONE', #3058, #2249, #2456, .T. ) ;
#4260 = CARTESIAN_POINT ( 'NONE',  ( 16.00000000000000355, 1.189166666666667371, 2.799999999999997602 ) ) ;
#4261 = VECTOR ( 'NONE', #565, 1000.000000000000000 ) ;
#4262 = CARTESIAN_POINT ( 'NONE',  ( 15.93462074402083850, 0.3500000000000000333, -4.400317562544113770 ) ) ;
#4263 = EDGE_CURVE ( 'NONE', #1076, #737, #1758, .T. ) ;
#4264 = CARTESIAN_POINT ( 'NONE',  ( -29.00000000000000355, 11.50000000000000000, 22.00000000000000000 ) ) ;
#4265 = CARTESIAN_POINT ( 'NONE',  ( 15.75336380418449345, 3.000000000000000444, 5.389272628351384320 ) ) ;
#4266 = AXIS2_PLACEMENT_3D ( 'NONE', #1064, #3323, #1522 ) ;
#4267 = DIRECTION ( 'NONE',  ( 0.000000000000000000, -1.000000000000000000, 0.000000000000000000 ) ) ;
#4268 = EDGE_LOOP ( 'NONE', ( #566, #1145, #2798, #1262 ) ) ;
#4269 = ORIENTED_EDGE ( 'NONE', *, *, #4028, .F. ) ;
#4270 = ORIENTED_EDGE ( 'NONE', *, *, #2869, .F. ) ;
#4271 = VECTOR ( 'NONE', #1957, 1000.000000000000000 ) ;
#4272 = CARTESIAN_POINT ( 'NONE',  ( -15.16043606203503380, 3.000000000000000000, -6.368361840075332125 ) ) ;
#4273 = ORIENTED_EDGE ( 'NONE', *, *, #3352, .F. ) ;
#4274 = CARTESIAN_POINT ( 'NONE',  ( -16.00000000000000000, 5.000000000000000000, -21.69999999999998863 ) ) ;
#4275 = EDGE_LOOP ( 'NONE', ( #3111, #1677, #2066, #4780 ) ) ;
#4276 = VECTOR ( 'NONE', #1611, 1000.000000000000000 ) ;
#4277 = CARTESIAN_POINT ( 'NONE',  ( -11.79999999999999538, 0.3500000000000000333, -7.000000000000001776 ) ) ;
#4278 = CIRCLE ( 'NONE', #328, 3.249999999999999556 ) ;
#4279 = CARTESIAN_POINT ( 'NONE',  ( -18.50000000000000355, 0.000000000000000000, -1.426328191358708126E-14 ) ) ;
#4280 = ORIENTED_EDGE ( 'NONE', *, *, #1405, .T. ) ;
#4281 = CARTESIAN_POINT ( 'NONE',  ( -15.49710203907423889, 0.3500000000000000888, -5.990556882036411679 ) ) ;
#4282 = DIRECTION ( 'NONE',  ( 0.000000000000000000, -1.000000000000000000, 0.000000000000000000 ) ) ;
#4283 = CARTESIAN_POINT ( 'NONE',  ( -15.99999999999999645, 0.3500000000000000333, -2.800000000000001155 ) ) ;
#4284 = CARTESIAN_POINT ( 'NONE',  ( 14.62086211930295043, 0.3500000000000000333, -6.673544149320338903 ) ) ;
#4285 = DIRECTION ( 'NONE',  ( 0.000000000000000000, 1.000000000000000000, -0.000000000000000000 ) ) ;
#4286 = CARTESIAN_POINT ( 'NONE',  ( 14.51874441449010256, 3.000000000000000000, 6.711110039739709876 ) ) ;
#4287 = EDGE_CURVE ( 'NONE', #4471, #2584, #2896, .T. ) ;
#4288 = LINE ( 'NONE', #600, #2464 ) ;
#4289 = ORIENTED_EDGE ( 'NONE', *, *, #2711, .F. ) ;
#4290 = VERTEX_POINT ( 'NONE', #3579 ) ;
#4291 = FILL_AREA_STYLE_COLOUR ( '', #2786 ) ;
#4292 = LINE ( 'NONE', #604, #1048 ) ;
#4293 = EDGE_CURVE ( 'NONE', #4562, #2968, #3272, .T. ) ;
#4294 = CARTESIAN_POINT ( 'NONE',  ( -14.99030409360841354, 2.999999999999999556, -6.497241718881397787 ) ) ;
#4295 = ORIENTED_EDGE ( 'NONE', *, *, #1901, .T. ) ;
#4296 = CARTESIAN_POINT ( 'NONE',  ( 14.47191350384598074, 0.3500000000000001443, 6.727028585106602954 ) ) ;
#4297 = VECTOR ( 'NONE', #4217, 1000.000000000000000 ) ;
#4298 = ORIENTED_EDGE ( 'NONE', *, *, #2686, .F. ) ;
#4299 = CARTESIAN_POINT ( 'NONE',  ( 11.49999999999999645, 5.000000000000000000, 22.75000000000000711 ) ) ;
#4300 = CARTESIAN_POINT ( 'NONE',  ( 20.50000000000018474, 3.000000000000000000, -5.999999999999880984 ) ) ;
#4301 = VERTEX_POINT ( 'NONE', #3602 ) ;
#4302 = CARTESIAN_POINT ( 'NONE',  ( -15.71623854644339424, 0.3500000000000000888, -5.503869041623651093 ) ) ;
#4303 = CARTESIAN_POINT ( 'NONE',  ( 16.00000000000000000, 5.000000000000000000, 20.00000000000000711 ) ) ;
#4304 = FACE_OUTER_BOUND ( 'NONE', #2691, .T. ) ;
#4305 = CARTESIAN_POINT ( 'NONE',  ( 14.36231149743157509, 0.3500000000000000888, -6.763850443408752966 ) ) ;
#4306 = DIRECTION ( 'NONE',  ( -0.000000000000000000, -1.000000000000000000, -0.000000000000000000 ) ) ;
#4307 = DIRECTION ( 'NONE',  ( 0.000000000000000000, 0.000000000000000000, 1.000000000000000000 ) ) ;
#4308 = DIRECTION ( 'NONE',  ( -0.000000000000000000, 1.000000000000000000, -0.000000000000000000 ) ) ;
#4309 = EDGE_LOOP ( 'NONE', ( #3494, #4046, #4668, #2463 ) ) ;
#4310 = EDGE_LOOP ( 'NONE', ( #2045, #4606, #1823, #3428 ) ) ;
#4311 = LINE ( 'NONE', #654, #4434 ) ;
#4312 = ORIENTED_EDGE ( 'NONE', *, *, #3612, .T. ) ;
#4313 = AXIS2_PLACEMENT_3D ( 'NONE', #3008, #3717, #733 ) ;
#4314 = EDGE_CURVE ( 'NONE', #737, #4398, #4324, .T. ) ;
#4315 = CARTESIAN_POINT ( 'NONE',  ( -15.60846491372225486, 3.000000000000000000, -5.819441297347446529 ) ) ;
#4316 = VERTEX_POINT ( 'NONE', #274 ) ;
#4317 = DIRECTION ( 'NONE',  ( -0.000000000000000000, 1.000000000000000000, -0.000000000000000000 ) ) ;
#4318 = ORIENTED_EDGE ( 'NONE', *, *, #1285, .F. ) ;
#4319 = EDGE_CURVE ( 'NONE', #1655, #1552, #4278, .T. ) ;
#4320 = LINE ( 'NONE', #4715, #3336 ) ;
#4321 = FACE_OUTER_BOUND ( 'NONE', #3404, .T. ) ;
#4323 = EDGE_LOOP ( 'NONE', ( #4757, #2834 ) ) ;
#4322 = VECTOR ( 'NONE', #783, 1000.000000000000000 ) ;
#4324 = LINE ( 'NONE', #3974, #1792 ) ;
#4325 = CARTESIAN_POINT ( 'NONE',  ( -32.50000000000000000, 5.000000000000000000, -23.99999999999999289 ) ) ;
#4326 = CIRCLE ( 'NONE', #1378, 3.249999999999999556 ) ;
#4327 = CIRCLE ( 'NONE', #1697, 1.024999999999987699 ) ;
#4328 = DIRECTION ( 'NONE',  ( -0.000000000000000000, 1.000000000000000000, -0.000000000000000000 ) ) ;
#4329 = VECTOR ( 'NONE', #3025, 1000.000000000000000 ) ;
#4330 = CARTESIAN_POINT ( 'NONE',  ( 26.00000000000018829, 3.000000000000000000, -8.999999999999896971 ) ) ;
#4331 = AXIS2_PLACEMENT_3D ( 'NONE', #3454, #1214, #4184 ) ;
#4332 = CARTESIAN_POINT ( 'NONE',  ( -15.99999999999999645, 0.2175000000000001377, -2.800000000000001155 ) ) ;
#4333 = DIRECTION ( 'NONE',  ( 0.000000000000000000, 0.000000000000000000, -1.000000000000000000 ) ) ;
#4334 = B_SPLINE_CURVE_WITH_KNOTS ( 'NONE', 3,
 ( #232, #3222, #546, #2038, #1668, #4631, #3535, #4656, #3658, #1789, #4405, #4075, #4459, #1415, #2976, #1440, #1059, #331, #1136, #4436, #3736, #2562, #724, #1086, #406, #2588, #3348, #1495, #1895, #2155, #3319, #4752, #3627, #4052, #667, #1114, #2954, #3269, #4798, #2900, #4723, #2210, #3683 ),
 .UNSPECIFIED., .F., .F.,
 ( 4, 1, 1, 1, 1, 1, 1, 2, 2, 1, 1, 1, 1, 1, 2, 2, 2, 1, 1, 1, 1, 1, 2, 2, 1, 1, 1, 1, 1, 2, 2, 4 ),
 ( 0.000000000000000000, 0.1249999999999781009, 0.1874999999999671374, 0.2187499999999616696, 0.2343749999999593658, 0.2421874999999577283, 0.2460937499999569511, 0.2480468749999565625, 0.2499999999999562017, 0.3124999999999554801, 0.3437499999999547584, 0.3593749999999544809, 0.3671874999999547029, 0.3710937499999549249, 0.3730468749999549805, 0.3749999999999549805, 0.4999999999999331646, 0.5624999999999221734, 0.5937499999999167333, 0.6093749999999144018, 0.6171874999999134026, 0.6210937499999129585, 0.6230468749999130695, 0.6249999999999131806, 0.6874999999999229505, 0.7187499999999282796, 0.7343749999999308331, 0.7421874999999321654, 0.7460937499999329425, 0.7480468749999330536, 0.7499999999999330536, 1.000000000000000000 ),
 .UNSPECIFIED. ) ;
#4335 = VECTOR ( 'NONE', #1515, 1000.000000000000000 ) ;
#4336 = DIRECTION ( 'NONE',  ( 0.000000000000000000, 0.000000000000000000, 1.000000000000000000 ) ) ;
#4337 = ORIENTED_EDGE ( 'NONE', *, *, #4231, .F. ) ;
#4338 = ORIENTED_EDGE ( 'NONE', *, *, #2201, .T. ) ;
#4339 = DIRECTION ( 'NONE',  ( 0.000000000000000000, -1.000000000000000000, 0.000000000000000000 ) ) ;
#4340 = CARTESIAN_POINT ( 'NONE',  ( -15.78668807640739757, 0.3500000000000000888, 5.273850546802441031 ) ) ;
#4341 = VECTOR ( 'NONE', #3855, 1000.000000000000000 ) ;
#4342 = CARTESIAN_POINT ( 'NONE',  ( -20.49999999999981526, 3.000000000000000000, -4.699999999999882050 ) ) ;
#4343 = ORIENTED_EDGE ( 'NONE', *, *, #4440, .T. ) ;
#4344 = CIRCLE ( 'NONE', #2481, 1.299999999999999156 ) ;
#4345 = CARTESIAN_POINT ( 'NONE',  ( -16.00000000000000000, 5.000000000000000000, 23.25000000000000355 ) ) ;
#4346 = ORIENTED_EDGE ( 'NONE', *, *, #908, .T. ) ;
#4347 = ADVANCED_FACE ( 'NONE', ( #1516, #1890, #2207, #4771, #38, #4456 ), #4401, .T. ) ;
#4348 = VECTOR ( 'NONE', #2658, 1000.000000000000000 ) ;
#4349 = CARTESIAN_POINT ( 'NONE',  ( 6.000000000000042633, 10.30000000000000071, 2.058249404246496448E-14 ) ) ;
#4350 = EDGE_CURVE ( 'NONE', #1304, #3288, #3291, .T. ) ;
#4351 = VECTOR ( 'NONE', #503, 1000.000000000000000 ) ;
#4352 = CARTESIAN_POINT ( 'NONE',  ( -6.500000000000010658, 1.199999999999999956, 14.50000000000000178 ) ) ;
#4353 = ORIENTED_EDGE ( 'NONE', *, *, #3693, .F. ) ;
#4354 = CARTESIAN_POINT ( 'NONE',  ( -15.90874798821714364, 0.3500000000000000333, -4.621614301055080531 ) ) ;
#4355 = CYLINDRICAL_SURFACE ( 'NONE', #2935, 1.299999999999999156 ) ;
#4356 = VECTOR ( 'NONE', #4001, 1000.000000000000000 ) ;
#4357 = CARTESIAN_POINT ( 'NONE',  ( -16.00000000000000000, 5.000000000000000000, 18.30000000000000426 ) ) ;
#4358 = DIRECTION ( 'NONE',  ( 0.000000000000000000, 0.000000000000000000, -1.000000000000000000 ) ) ;
#4359 = DIRECTION ( 'NONE',  ( -0.000000000000000000, 1.000000000000000000, -0.000000000000000000 ) ) ;
#4360 = CARTESIAN_POINT ( 'NONE',  ( 17.49999999999998934, -1.429775138004531790E-15, 18.00000000000000000 ) ) ;
#4361 = VECTOR ( 'NONE', #1128, 1000.000000000000000 ) ;
#4362 = ORIENTED_EDGE ( 'NONE', *, *, #2490, .F. ) ;
#4363 = ORIENTED_EDGE ( 'NONE', *, *, #3793, .T. ) ;
#4364 = CARTESIAN_POINT ( 'NONE',  ( -21.00000000000000000, 5.000000000000000000, -23.99999999999999289 ) ) ;
#4365 = CARTESIAN_POINT ( 'NONE',  ( -15.92272828079165770, 0.3500000000000000888, 4.507952559661122294 ) ) ;
#4366 = FACE_OUTER_BOUND ( 'NONE', #3154, .T. ) ;
#4367 = ORIENTED_EDGE ( 'NONE', *, *, #3884, .T. ) ;
#4368 = CARTESIAN_POINT ( 'NONE',  ( 12.17082872250463232, 0.3499999999999999778, 6.999999999999997335 ) ) ;
#4369 = ORIENTED_EDGE ( 'NONE', *, *, #4741, .T. ) ;
#4370 = EDGE_CURVE ( 'NONE', #1120, #1686, #1330, .T. ) ;
#4371 = CARTESIAN_POINT ( 'NONE',  ( 9.999999999999987566, 4.000000000000000000, 11.24999999999999645 ) ) ;
#4372 = AXIS2_PLACEMENT_3D ( 'NONE', #2926, #2640, #4801 ) ;
#4373 = ORIENTED_EDGE ( 'NONE', *, *, #998, .T. ) ;
#4374 = ORIENTED_EDGE ( 'NONE', *, *, #1029, .F. ) ;
#4375 = DIRECTION ( 'NONE',  ( 0.000000000000000000, 1.000000000000000000, 0.000000000000000000 ) ) ;
#4376 = VERTEX_POINT ( 'NONE', #1081 ) ;
#4377 = CARTESIAN_POINT ( 'NONE',  ( -14.02639841428208101, 0.3500000000000000333, -6.846932811322714585 ) ) ;
#4378 = FACE_OUTER_BOUND ( 'NONE', #1858, .T. ) ;
#4379 = EDGE_CURVE ( 'NONE', #1876, #877, #719, .T. ) ;
#4380 = EDGE_CURVE ( 'NONE', #201, #4081, #1863, .T. ) ;
#4381 = DIRECTION ( 'NONE',  ( -0.000000000000000000, 1.000000000000000000, -0.000000000000000000 ) ) ;
#4382 = CARTESIAN_POINT ( 'NONE',  ( 0.000000000000000000, 10.30000000000000071, -17.99999999999999645 ) ) ;
#4383 = CARTESIAN_POINT ( 'NONE',  ( 9.999999999999987566, 11.50000000000000000, -10.00000000000000178 ) ) ;
#4384 = LINE ( 'NONE', #1791, #1665 ) ;
#4385 = EDGE_CURVE ( 'NONE', #269, #3632, #350, .T. ) ;
#4386 = VECTOR ( 'NONE', #4118, 1000.000000000000000 ) ;
#4387 = CARTESIAN_POINT ( 'NONE',  ( -6.000000000000008882, 0.000000000000000000, -17.50000000000001066 ) ) ;
#4388 = ORIENTED_EDGE ( 'NONE', *, *, #1099, .T. ) ;
#4389 = ORIENTED_EDGE ( 'NONE', *, *, #673, .F. ) ;
#4390 = CARTESIAN_POINT ( 'NONE',  ( -6.500000000000010658, 1.199999999999999956, 14.50000000000000178 ) ) ;
#4391 = DIRECTION ( 'NONE',  ( 0.000000000000000000, 0.000000000000000000, -1.000000000000000000 ) ) ;
#4392 = CARTESIAN_POINT ( 'NONE',  ( -10.00000000000001421, 4.000000000000000000, 9.999999999999998224 ) ) ;
#4393 = ORIENTED_EDGE ( 'NONE', *, *, #3872, .T. ) ;
#4394 = LINE ( 'NONE', #1377, #928 ) ;
#4395 = ORIENTED_EDGE ( 'NONE', *, *, #2660, .F. ) ;
#4396 = PLANE ( 'NONE',  #4568 ) ;
#4397 = ORIENTED_EDGE ( 'NONE', *, *, #3169, .F. ) ;
#4398 = VERTEX_POINT ( 'NONE', #4479 ) ;
#4399 = FACE_BOUND ( 'NONE', #398, .T. ) ;
#4400 = ORIENTED_EDGE ( 'NONE', *, *, #3741, .T. ) ;
#4401 = PLANE ( 'NONE',  #629 ) ;
#4402 = CYLINDRICAL_SURFACE ( 'NONE', #3718, 1.299999999999999156 ) ;
#4403 = VECTOR ( 'NONE', #2713, 1000.000000000000000 ) ;
#4404 = CARTESIAN_POINT ( 'NONE',  ( 17.49999999999998934, 6.349999999999996980, -6.000000000000002665 ) ) ;
#4405 = CARTESIAN_POINT ( 'NONE',  ( 13.60639311452549016, 3.000000000000000444, -6.910714565873092852 ) ) ;
#4406 = VECTOR ( 'NONE', #3996, 1000.000000000000000 ) ;
#4407 = DIRECTION ( 'NONE',  ( 1.000000000000000000, 0.000000000000000000, 0.000000000000000000 ) ) ;
#4408 = CARTESIAN_POINT ( 'NONE',  ( -16.00000000000001421, 0.000000000000000000, 18.00000000000000000 ) ) ;
#4409 = ADVANCED_FACE ( 'NONE', ( #3343, #2657, #2279, #1436, #4124 ), #3756, .T. ) ;
#4410 = AXIS2_PLACEMENT_3D ( 'NONE', #4166, #890, #498 ) ;
#4411 = CARTESIAN_POINT ( 'NONE',  ( 16.00000000000000355, 3.000000000000000000, -7.000000000000001776 ) ) ;
#4412 = ORIENTED_EDGE ( 'NONE', *, *, #3795, .T. ) ;
#4413 = EDGE_CURVE ( 'NONE', #3666, #1233, #13, .T. ) ;
#4414 = EDGE_LOOP ( 'NONE', ( #1696, #2677, #1105, #3204, #1725, #958 ) ) ;
#4415 = DIRECTION ( 'NONE',  ( 1.000000000000000000, 0.000000000000000000, -0.000000000000000000 ) ) ;
#4416 = CARTESIAN_POINT ( 'NONE',  ( 9.999999999999987566, 4.000000000000000000, 8.750000000000000000 ) ) ;
#4417 = ITEM_DEFINED_TRANSFORMATION ( 'NONE', 'NONE', #3238,  #2077 ) ;
#4418 = VECTOR ( 'NONE', #3088, 1000.000000000000000 ) ;
#4419 = DIRECTION ( 'NONE',  ( -0.000000000000000000, 1.000000000000000000, -0.000000000000000000 ) ) ;
#4420 = ORIENTED_EDGE ( 'NONE', *, *, #352, .T. ) ;
#4421 = DIRECTION ( 'NONE',  ( -0.000000000000000000, 1.000000000000000000, -0.000000000000000000 ) ) ;
#4422 = CIRCLE ( 'NONE', #1472, 1.024999999999998135 ) ;
#4423 = ORIENTED_EDGE ( 'NONE', *, *, #2635, .F. ) ;
#4424 = AXIS2_PLACEMENT_3D ( 'NONE', #1874, #4004, #358 ) ;
#4425 = FACE_OUTER_BOUND ( 'NONE', #3922, .T. ) ;
#4426 = ORIENTED_EDGE ( 'NONE', *, *, #1320, .F. ) ;
#4427 = ORIENTED_EDGE ( 'NONE', *, *, #2225, .F. ) ;
#4428 = CARTESIAN_POINT ( 'NONE',  ( 26.00000000000018829, 0.000000000000000000, -8.999999999999896971 ) ) ;
#4429 = ORIENTED_EDGE ( 'NONE', *, *, #3322, .F. ) ;
#4430 = AXIS2_PLACEMENT_3D ( 'NONE', #4187, #2004, #4165 ) ;
#4431 = DIRECTION ( 'NONE',  ( 0.000000000000000000, -1.000000000000000000, 0.000000000000000000 ) ) ;
#4432 = CARTESIAN_POINT ( 'NONE',  ( -23.50000000000000000, 8.000000000000000000, 6.000000000000008882 ) ) ;
#4433 = EDGE_CURVE ( 'NONE', #3134, #1535, #4517, .T. ) ;
#4434 = VECTOR ( 'NONE', #731, 1000.000000000000000 ) ;
#4435 = CARTESIAN_POINT ( 'NONE',  ( 5.828427124746175636, 1.199999999999999734, 14.50000000000000178 ) ) ;
#4436 = CARTESIAN_POINT ( 'NONE',  ( 14.49379192381022818, 3.000000000000000000, -6.719687751831035172 ) ) ;
#4437 = CARTESIAN_POINT ( 'NONE',  ( 16.00000000000000000, 5.000000000000000000, -16.74999999999998934 ) ) ;
#4438 = DIRECTION ( 'NONE',  ( -0.000000000000000000, 1.000000000000000000, -0.000000000000000000 ) ) ;
#4439 = AXIS2_PLACEMENT_3D ( 'NONE', #2008, #3852, #891 ) ;
#4440 = EDGE_CURVE ( 'NONE', #3670, #2655, #3434, .T. ) ;
#4441 = FACE_OUTER_BOUND ( 'NONE', #3229, .T. ) ;
#4442 = ORIENTED_EDGE ( 'NONE', *, *, #3077, .T. ) ;
#4443 = ORIENTED_EDGE ( 'NONE', *, *, #2441, .F. ) ;
#4444 = DIRECTION ( 'NONE',  ( 0.000000000000000000, 0.000000000000000000, -1.000000000000000000 ) ) ;
#4445 = DIRECTION ( 'NONE',  ( 0.000000000000000000, 0.000000000000000000, 1.000000000000000000 ) ) ;
#4446 = ITEM_DEFINED_TRANSFORMATION ( 'NONE', 'NONE', #4313,  #2077 ) ;
#4447 = EDGE_CURVE ( 'NONE', #526, #3035, #1481, .T. ) ;
#4448 = LINE ( 'NONE', #2646, #3716 ) ;
#4449 = ORIENTED_EDGE ( 'NONE', *, *, #1946, .F. ) ;
#4450 = EDGE_CURVE ( 'NONE', #1092, #3506, #3680, .T. ) ;
#4451 = ORIENTED_EDGE ( 'NONE', *, *, #2862, .T. ) ;
#4452 = DIRECTION ( 'NONE',  ( 0.000000000000000000, -1.000000000000000000, 0.000000000000000000 ) ) ;
#4453 = ORIENTED_EDGE ( 'NONE', *, *, #3526, .T. ) ;
#4454 = ORIENTED_EDGE ( 'NONE', *, *, #2452, .F. ) ;
#4455 = FACE_BOUND ( 'NONE', #2592, .T. ) ;
#4456 = FACE_OUTER_BOUND ( 'NONE', #1040, .T. ) ;
#4457 = CARTESIAN_POINT ( 'NONE',  ( -23.50000000000000000, 8.000000000000000000, -5.999999999999991118 ) ) ;
#4458 = DIRECTION ( 'NONE',  ( 0.000000000000000000, 0.000000000000000000, -1.000000000000000000 ) ) ;
#4459 = CARTESIAN_POINT ( 'NONE',  ( 14.02670424791574355, 3.000000000000000888, -6.846871352074122896 ) ) ;
#4460 = CIRCLE ( 'NONE', #2598, 1.700000000000000178 ) ;
#4461 = DIRECTION ( 'NONE',  ( -0.000000000000000000, 1.000000000000000000, -0.000000000000000000 ) ) ;
#4462 = DIRECTION ( 'NONE',  ( 0.000000000000000000, 0.000000000000000000, 1.000000000000000000 ) ) ;
#4463 = FACE_OUTER_BOUND ( 'NONE', #2494, .T. ) ;
#4464 = ORIENTED_EDGE ( 'NONE', *, *, #2195, .T. ) ;
#4465 = ORIENTED_EDGE ( 'NONE', *, *, #3849, .T. ) ;
#4466 = CARTESIAN_POINT ( 'NONE',  ( 17.49999999999998934, -1.429775138004531790E-15, -7.024999999999994138 ) ) ;
#4467 = SURFACE_STYLE_FILL_AREA ( #2985 ) ;
#4468 =( NAMED_UNIT ( * ) SI_UNIT ( $, .STERADIAN. ) SOLID_ANGLE_UNIT ( ) );
#4469 = LINE ( 'NONE', #4491, #452 ) ;
#4470 = ORIENTED_EDGE ( 'NONE', *, *, #1408, .T. ) ;
#4471 = VERTEX_POINT ( 'NONE', #1110 ) ;
#4472 = ADVANCED_FACE ( 'NONE', ( #2229 ), #1838, .F. ) ;
#4473 = DIRECTION ( 'NONE',  ( -1.000000000000000000, -0.000000000000000000, -0.000000000000000000 ) ) ;
#4474 = VERTEX_POINT ( 'NONE', #1491 ) ;
#4475 = CARTESIAN_POINT ( 'NONE',  ( -32.50000000000000000, 0.000000000000000000, -23.99999999999999289 ) ) ;
#4476 = EDGE_CURVE ( 'NONE', #2337, #2943, #2973, .T. ) ;
#4477 = ORIENTED_EDGE ( 'NONE', *, *, #1205, .T. ) ;
#4478 = LINE ( 'NONE', #1053, #3339 ) ;
#4479 = CARTESIAN_POINT ( 'NONE',  ( 26.00000000000018829, 3.000000000000000000, -8.999999999999896971 ) ) ;
#4480 = DIRECTION ( 'NONE',  ( -0.000000000000000000, 1.000000000000000000, -0.000000000000000000 ) ) ;
#4481 = PRODUCT_DEFINITION_FORMATION_WITH_SPECIFIED_SOURCE ( 'ANY', '', #3139, .NOT_KNOWN. ) ;
#4482 = DIRECTION ( 'NONE',  ( 0.000000000000000000, 0.000000000000000000, -1.000000000000000000 ) ) ;
#4483 = DIRECTION ( 'NONE',  ( -1.000000000000000000, 0.000000000000000000, -0.000000000000000000 ) ) ;
#4484 = DIRECTION ( 'NONE',  ( 1.000000000000000000, 0.000000000000000000, -1.445602896647339163E-16 ) ) ;
#4485 = DIRECTION ( 'NONE',  ( 1.000000000000000000, 0.000000000000000000, 0.000000000000000000 ) ) ;
#4486 = DIRECTION ( 'NONE',  ( 0.000000000000000000, 0.000000000000000000, 1.000000000000000000 ) ) ;
#4487 = CARTESIAN_POINT ( 'NONE',  ( -16.00000000000000000, 0.000000000000000000, 20.00000000000000355 ) ) ;
#4488 = FACE_OUTER_BOUND ( 'NONE', #2480, .T. ) ;
#4489 =( LENGTH_UNIT ( ) NAMED_UNIT ( * ) SI_UNIT ( .MILLI., .METRE. ) );
#4490 = AXIS2_PLACEMENT_3D ( 'NONE', #1688, #227, #2457 ) ;
#4491 = CARTESIAN_POINT ( 'NONE',  ( -12.50000000000001954, 0.000000000000000000, -4.818676322157804672E-15 ) ) ;
#4492 = ORIENTED_EDGE ( 'NONE', *, *, #4087, .T. ) ;
#4493 = ORIENTED_EDGE ( 'NONE', *, *, #670, .F. ) ;
#4494 = CIRCLE ( 'NONE', #228, 1.024999999999998135 ) ;
#4495 = CARTESIAN_POINT ( 'NONE',  ( -16.00000000000001066, 0.000000000000000000, -6.500000000000002665 ) ) ;
#4496 = ORIENTED_EDGE ( 'NONE', *, *, #2634, .F. ) ;
#4497 = AXIS2_PLACEMENT_3D ( 'NONE', #2127, #1783, #1756 ) ;
#4498 = CARTESIAN_POINT ( 'NONE',  ( -23.50000000000000000, 1.650000000000000799, -5.999999999999991118 ) ) ;
#4499 = EDGE_LOOP ( 'NONE', ( #3470, #740 ) ) ;
#4500 = ADVANCED_FACE ( 'NONE', ( #2745, #4251, #1217, #1586, #1634, #3827 ), #4601, .T. ) ;
#4501 = SURFACE_STYLE_USAGE ( .BOTH. , #3179 ) ;
#4502 = CARTESIAN_POINT ( 'NONE',  ( -16.00000000000000000, 2.000000000000000000, -19.99999999999998934 ) ) ;
#4503 = CIRCLE ( 'NONE', #2182, 2.499999999999993339 ) ;
#4504 = ADVANCED_FACE ( 'NONE', ( #3476 ), #837, .T. ) ;
#4505 = CIRCLE ( 'NONE', #3664, 1.024999999999987699 ) ;
#4506 = EDGE_CURVE ( 'NONE', #1109, #201, #2108, .T. ) ;
#4507 = LINE ( 'NONE', #769, #4348 ) ;
#4508 = DIRECTION ( 'NONE',  ( -0.000000000000000000, 1.000000000000000000, -0.000000000000000000 ) ) ;
#4509 = DIRECTION ( 'NONE',  ( 0.000000000000000000, 0.000000000000000000, 1.000000000000000000 ) ) ;
#4510 = DIRECTION ( 'NONE',  ( 1.927470528863117076E-16, 0.000000000000000000, 1.000000000000000000 ) ) ;
#4511 = AXIS2_PLACEMENT_3D ( 'NONE', #3856, #1272, #1645 ) ;
#4512 = CYLINDRICAL_SURFACE ( 'NONE', #394, 1.249999999999999334 ) ;
#4513 = VECTOR ( 'NONE', #4407, 1000.000000000000000 ) ;
#4514 = FACE_OUTER_BOUND ( 'NONE', #3384, .T. ) ;
#4515 = CARTESIAN_POINT ( 'NONE',  ( -11.79999999999999538, 3.000000000000000000, 6.999999999999998224 ) ) ;
#4516 = B_SPLINE_CURVE_WITH_KNOTS ( 'NONE', 3,
 ( #4515, #1646, #3423, #1273, #4220, #3812, #4153, #825, #1573, #2685, #2041, #1547, #1618, #4611, #4539, #94, #3105, #116, #162, #3052, #4587, #2309, #3030, #4173, #1971, #1207, #3883, #1597, #3446, #455, #3079, #548, #2710, #1993, #1226, #4199, #875, #3836, #2757, #504, #3467, #137, #67 ),
 .UNSPECIFIED., .F., .F.,
 ( 4, 1, 1, 1, 1, 1, 1, 2, 2, 1, 1, 1, 1, 1, 2, 2, 2, 1, 1, 1, 1, 1, 2, 2, 1, 1, 1, 1, 1, 2, 2, 4 ),
 ( 0.000000000000000000, 0.1250000000000186795, 0.1875000000000280331, 0.2187500000000326961, 0.2343750000000354716, 0.2421875000000364153, 0.2460937500000368872, 0.2480468750000371370, 0.2500000000000374145, 0.3125000000000576761, 0.3437500000000677791, 0.3593750000000728861, 0.3671875000000758282, 0.3710937500000773825, 0.3730468750000776601, 0.3750000000000779932, 0.5000000000000713873, 0.5625000000000686118, 0.5937500000000671685, 0.6093750000000667244, 0.6171875000000665024, 0.6210937500000661693, 0.6230468750000657252, 0.6250000000000651701, 0.6875000000000537348, 0.7187500000000482947, 0.7343750000000457412, 0.7421875000000445199, 0.7460937500000437428, 0.7480468750000435207, 0.7500000000000431877, 1.000000000000000000 ),
 .UNSPECIFIED. ) ;
#4517 = CIRCLE ( 'NONE', #1968, 1.299999999999999156 ) ;
#4518 = DIRECTION ( 'NONE',  ( 0.000000000000000000, 0.000000000000000000, -1.000000000000000000 ) ) ;
#4519 = ORIENTED_EDGE ( 'NONE', *, *, #583, .F. ) ;
#4520 = ORIENTED_EDGE ( 'NONE', *, *, #569, .F. ) ;
#4521 = ORIENTED_EDGE ( 'NONE', *, *, #3187, .T. ) ;
#4522 = CARTESIAN_POINT ( 'NONE',  ( -15.93462074402083140, 2.999999999999999112, -4.400418372021238866 ) ) ;
#4523 = VERTEX_POINT ( 'NONE', #1263 ) ;
#4524 = CARTESIAN_POINT ( 'NONE',  ( -3.000000000000009770, 0.000000000000000000, -15.50000000000000000 ) ) ;
#4525 = ORIENTED_EDGE ( 'NONE', *, *, #1684, .F. ) ;
#4526 = ADVANCED_FACE ( 'NONE', ( #3119 ), #4230, .F. ) ;
#4527 = CARTESIAN_POINT ( 'NONE',  ( 11.80000000000000071, 3.000000000000000000, -7.000000000000001776 ) ) ;
#4528 = DIRECTION ( 'NONE',  ( -2.168404344971008868E-16, -0.000000000000000000, 1.000000000000000000 ) ) ;
#4529 = SHAPE_REPRESENTATION_RELATIONSHIP ( 'NONE' , 'NONE' ,  #3637, #4195 ) ;
#4530 = CARTESIAN_POINT ( 'NONE',  ( 17.49999999999998934, 0.000000000000000000, 16.97500000000001208 ) ) ;
#4531 = DIRECTION ( 'NONE',  ( -0.000000000000000000, 1.000000000000000000, -0.000000000000000000 ) ) ;
#4532 = DIRECTION ( 'NONE',  ( 0.000000000000000000, 1.000000000000000000, 0.000000000000000000 ) ) ;
#4533 = EDGE_CURVE ( 'NONE', #188, #4663, #2565, .T. ) ;
#4534 = DIRECTION ( 'NONE',  ( 0.000000000000000000, 0.000000000000000000, 1.000000000000000000 ) ) ;
#4535 = AXIS2_PLACEMENT_3D ( 'NONE', #3833, #841, #451 ) ;
#4536 = B_SPLINE_CURVE_WITH_KNOTS ( 'NONE', 3,
 ( #517, #499, #4256, #938, #2412, #1988, #3461, #4675, #1785, #226, #3923, #1314, #4377, #1712, #4650, #2178, #3167, #2532, #3553, #3946, #664, #3194, #593, #202, #1339, #4281, #2105, #3241, #2080, #4719, #4302, #2820, #3995, #1387, #2799, #962, #1032, #1736, #2873, #4354, #2843, #3624, #2151, #2506, #299 ),
 .UNSPECIFIED., .F., .F.,
 ( 4, 1, 1, 1, 1, 1, 1, 2, 2, 1, 1, 1, 1, 1, 2, 2, 2, 2, 1, 1, 1, 1, 1, 2, 2, 1, 1, 1, 1, 1, 2, 2, 4 ),
 ( 0.000000000000000000, 0.1249999999999942268, 0.1874999999999909794, 0.2187499999999893696, 0.2343749999999885925, 0.2421874999999882039, 0.2460937499999875655, 0.2480468749999867328, 0.2499999999999859279, 0.3124999999999696354, 0.3437499999999611977, 0.3593749999999574229, 0.3671874999999554801, 0.3710937499999548694, 0.3730468749999545919, 0.3749999999999542588, 0.4374999999999441558, 0.4999999999999340528, 0.5624999999999233946, 0.5937499999999177325, 0.6093749999999150679, 0.6171874999999136246, 0.6210937499999131806, 0.6230468749999128475, 0.6249999999999125144, 0.6874999999999191758, 0.7187499999999227285, 0.7343749999999243938, 0.7421874999999249489, 0.7460937499999255040, 0.7480468749999258371, 0.7499999999999261702, 1.000000000000000000 ),
 .UNSPECIFIED. ) ;
#4537 = EDGE_CURVE ( 'NONE', #4592, #1194, #4505, .T. ) ;
#4538 = LINE ( 'NONE', #779, #2032 ) ;
#4539 = CARTESIAN_POINT ( 'NONE',  ( -14.38927262835138343, 3.000000000000000000, 6.753363804184483676 ) ) ;
#4540 = VECTOR ( 'NONE', #47, 1000.000000000000000 ) ;
#4541 = DIRECTION ( 'NONE',  ( 0.000000000000000000, 0.000000000000000000, -1.000000000000000000 ) ) ;
#4542 = EDGE_LOOP ( 'NONE', ( #4565, #2716, #832, #3455 ) ) ;
#4543 = ORIENTED_EDGE ( 'NONE', *, *, #522, .T. ) ;
#4544 = ORIENTED_EDGE ( 'NONE', *, *, #4093, .F. ) ;
#4545 = CYLINDRICAL_SURFACE ( 'NONE', #2010, 1.024999999999994582 ) ;
#4546 = ORIENTED_EDGE ( 'NONE', *, *, #934, .T. ) ;
#4547 = DIRECTION ( 'NONE',  ( -0.000000000000000000, 1.000000000000000000, -0.000000000000000000 ) ) ;
#4548 = ORIENTED_EDGE ( 'NONE', *, *, #2963, .T. ) ;
#4549 = FACE_OUTER_BOUND ( 'NONE', #854, .T. ) ;
#4550 = CARTESIAN_POINT ( 'NONE',  ( 2.999999999999986677, 1.199999999999999734, 15.49999999999999467 ) ) ;
#4551 = EDGE_CURVE ( 'NONE', #3931, #4040, #3868, .T. ) ;
#4552 = CARTESIAN_POINT ( 'NONE',  ( -23.50000000000000000, 8.000000000000001776, 6.000000000000008882 ) ) ;
#4553 = FACE_OUTER_BOUND ( 'NONE', #4619, .T. ) ;
#4554 = PLANE ( 'NONE',  #3505 ) ;
#4555 = DIRECTION ( 'NONE',  ( 0.000000000000000000, 0.000000000000000000, 1.000000000000000000 ) ) ;
#4556 = EDGE_CURVE ( 'NONE', #169, #4471, #706, .T. ) ;
#4557 = FACE_OUTER_BOUND ( 'NONE', #1852, .T. ) ;
#4558 = CARTESIAN_POINT ( 'NONE',  ( -15.00000000000001421, 10.30000000000000071, -15.50000000000000178 ) ) ;
#4559 = EDGE_CURVE ( 'NONE', #1054, #4376, #2321, .T. ) ;
#4560 = EDGE_CURVE ( 'NONE', #3838, #3695, #2417, .T. ) ;
#4561 = CARTESIAN_POINT ( 'NONE',  ( -3.000000000000010214, 10.30000000000000071, -17.50000000000000000 ) ) ;
#4562 = VERTEX_POINT ( 'NONE', #1198 ) ;
#4563 = CIRCLE ( 'NONE', #1614, 3.249999999999999556 ) ;
#4564 = ORIENTED_EDGE ( 'NONE', *, *, #2776, .F. ) ;
#4565 = ORIENTED_EDGE ( 'NONE', *, *, #4741, .F. ) ;
#4566 = AXIS2_PLACEMENT_3D ( 'NONE', #2559, #2230, #2609 ) ;
#4567 = AXIS2_PLACEMENT_3D ( 'NONE', #1722, #4308, #3176 ) ;
#4568 = AXIS2_PLACEMENT_3D ( 'NONE', #1857, #1457, #1832 ) ;
#4569 = CARTESIAN_POINT ( 'NONE',  ( -15.91327069688740181, 3.000000000000000444, -4.586221746873769156 ) ) ;
#4570 = VERTEX_POINT ( 'NONE', #3413 ) ;
#4571 = FACE_OUTER_BOUND ( 'NONE', #4731, .T. ) ;
#4572 = VECTOR ( 'NONE', #4578, 1000.000000000000000 ) ;
#4573 = VERTEX_POINT ( 'NONE', #2726 ) ;
#4574 = LINE ( 'NONE', #4212, #4192 ) ;
#4575 = CARTESIAN_POINT ( 'NONE',  ( -10.00000000000001243, 4.000000000000000000, -10.00000000000000178 ) ) ;
#4576 = VECTOR ( 'NONE', #2078, 1000.000000000000000 ) ;
#4577 = EDGE_CURVE ( 'NONE', #3611, #3931, #3457, .T. ) ;
#4578 = DIRECTION ( 'NONE',  ( -3.430415673744136424E-15, 0.000000000000000000, 1.000000000000000000 ) ) ;
#4579 = FACE_OUTER_BOUND ( 'NONE', #2913, .T. ) ;
#4580 = VECTOR ( 'NONE', #1931, 1000.000000000000000 ) ;
#4581 = CARTESIAN_POINT ( 'NONE',  ( 5.828427124746168531, 10.30000000000000071, 18.50000000000000355 ) ) ;
#4582 = PLANE ( 'NONE',  #895 ) ;
#4583 = ADVANCED_FACE ( 'NONE', ( #3503 ), #15, .T. ) ;
#4584 = VECTOR ( 'NONE', #3409, 1000.000000000000000 ) ;
#4585 = CARTESIAN_POINT ( 'NONE',  ( 2.999999999999987121, 10.30000000000000071, 17.49999999999999645 ) ) ;
#4586 = DIRECTION ( 'NONE',  ( 0.000000000000000000, 0.000000000000000000, -1.000000000000000000 ) ) ;
#4587 = CARTESIAN_POINT ( 'NONE',  ( -14.81944129734743143, 3.000000000000000444, 6.608464913722262857 ) ) ;
#4588 = EDGE_CURVE ( 'NONE', #1956, #269, #954, .T. ) ;
#4589 = LINE ( 'NONE', #438, #3551 ) ;
#4590 = EDGE_LOOP ( 'NONE', ( #2397, #1600, #3042, #2274 ) ) ;
#4591 = AXIS2_PLACEMENT_3D ( 'NONE', #4390, #1351, #1824 ) ;
#4592 = VERTEX_POINT ( 'NONE', #4642 ) ;
#4593 = ORIENTED_EDGE ( 'NONE', *, *, #3387, .F. ) ;
#4594 = EDGE_CURVE ( 'NONE', #1686, #1120, #3199, .T. ) ;
#4595 = AXIS2_PLACEMENT_3D ( 'NONE', #725, #2955, #3320 ) ;
#4596 = EDGE_CURVE ( 'NONE', #1535, #3134, #1570, .T. ) ;
#4597 = DIRECTION ( 'NONE',  ( -1.000000000000000000, 0.000000000000000000, -0.000000000000000000 ) ) ;
#4598 = ORIENTED_EDGE ( 'NONE', *, *, #3514, .T. ) ;
#4599 = CARTESIAN_POINT ( 'NONE',  ( 9.999999999999987566, 4.000000000000000000, -10.00000000000000178 ) ) ;
#4600 = ORIENTED_EDGE ( 'NONE', *, *, #3356, .F. ) ;
#4601 = PLANE ( 'NONE',  #238 ) ;
#4602 = B_SPLINE_CURVE_WITH_KNOTS ( 'NONE', 3,
 ( #3592, #2091, #2119, #2885, #2857, #4365, #3231, #3912, #264, #1043, #1749, #655, #2521, #4340, #2496, #676, #3278, #3636, #1799, #4759, #2785, #953, #2426, #3567, #581, #4687, #3542, #1352, #1142, #338, #414, #1095, #2217, #2289, #2544, #1122, #1900, #3401, #2618, #3668, #1825, #4033, #26, #4107, #780 ),
 .UNSPECIFIED., .F., .F.,
 ( 4, 1, 1, 1, 1, 1, 1, 2, 2, 1, 1, 1, 1, 1, 2, 2, 2, 2, 1, 1, 1, 1, 1, 2, 2, 1, 1, 1, 1, 1, 2, 2, 4 ),
 ( 0.000000000000000000, 0.1249999999999978906, 0.1874999999999969191, 0.2187499999999964195, 0.2343749999999964750, 0.2421874999999963085, 0.2460937499999960865, 0.2480468749999958644, 0.2499999999999956424, 0.3124999999999862887, 0.3437499999999817923, 0.3593749999999797384, 0.3671874999999791278, 0.3710937499999790168, 0.3730468749999787392, 0.3749999999999784062, 0.4374999999999735767, 0.4999999999999687472, 0.5624999999999639178, 0.5937499999999619194, 0.6093749999999610312, 0.6171874999999609201, 0.6210937499999609201, 0.6230468749999604761, 0.6249999999999601430, 0.6874999999999488187, 0.7187499999999427125, 0.7343749999999396039, 0.7421874999999381606, 0.7460937499999374944, 0.7480468749999370504, 0.7499999999999367173, 1.000000000000000000 ),
 .UNSPECIFIED. ) ;
#4603 = VECTOR ( 'NONE', #713, 1000.000000000000000 ) ;
#4604 = CARTESIAN_POINT ( 'NONE',  ( 5.828427124746175636, 10.30000000000000071, 14.50000000000000178 ) ) ;
#4605 = CARTESIAN_POINT ( 'NONE',  ( 16.00000000000000000, 5.000000000000000000, -18.29999999999999005 ) ) ;
#4606 = ORIENTED_EDGE ( 'NONE', *, *, #1158, .F. ) ;
#4607 = DIRECTION ( 'NONE',  ( 0.000000000000000000, 1.000000000000000000, 0.000000000000000000 ) ) ;
#4608 = CARTESIAN_POINT ( 'NONE',  ( 16.00000000000000000, 2.000000000000000000, 21.70000000000000639 ) ) ;
#4609 = DIRECTION ( 'NONE',  ( -0.000000000000000000, -1.000000000000000000, -0.000000000000000000 ) ) ;
#4610 = DIRECTION ( 'NONE',  ( 0.000000000000000000, 0.000000000000000000, 1.000000000000000000 ) ) ;
#4611 = CARTESIAN_POINT ( 'NONE',  ( -14.27407992203496256, 3.000000000000000444, 6.786641981969299131 ) ) ;
#4612 = CIRCLE ( 'NONE', #1129, 1.024999999999991251 ) ;
#4613 = LINE ( 'NONE', #1924, #3944 ) ;
#4614 = ORIENTED_EDGE ( 'NONE', *, *, #4551, .F. ) ;
#4615 = ORIENTED_EDGE ( 'NONE', *, *, #3109, .T. ) ;
#4616 = ORIENTED_EDGE ( 'NONE', *, *, #1595, .T. ) ;
#4617 = VECTOR ( 'NONE', #4783, 1000.000000000000000 ) ;
#4618 = CARTESIAN_POINT ( 'NONE',  ( -15.95594516084557846, 3.000000000000000444, -4.173923301319189427 ) ) ;
#4619 = EDGE_LOOP ( 'NONE', ( #1276, #3619, #672, #4179 ) ) ;
#4620 = DIRECTION ( 'NONE',  ( 0.000000000000000000, -1.000000000000000000, 0.000000000000000000 ) ) ;
#4621 = ORIENTED_EDGE ( 'NONE', *, *, #4594, .T. ) ;
#4622 = CARTESIAN_POINT ( 'NONE',  ( 16.00000000000000000, 2.160833333333332273, -2.800000000000001155 ) ) ;
#4623 = EDGE_CURVE ( 'NONE', #920, #3011, #2792, .T. ) ;
#4624 = CYLINDRICAL_SURFACE ( 'NONE', #4724, 2.499999999999992006 ) ;
#4625 = EDGE_CURVE ( 'NONE', #4092, #1956, #3527, .T. ) ;
#4626 =( NAMED_UNIT ( * ) PLANE_ANGLE_UNIT ( ) SI_UNIT ( $, .RADIAN. ) );
#4627 = VERTEX_POINT ( 'NONE', #1841 ) ;
#4628 = CARTESIAN_POINT ( 'NONE',  ( -32.49999999999999289, 5.000000000000000000, 24.00000000000000711 ) ) ;
#4629 = DIRECTION ( 'NONE',  ( 0.000000000000000000, 0.000000000000000000, 1.000000000000000000 ) ) ;
#4630 = DIRECTION ( 'NONE',  ( -1.000000000000000000, 0.000000000000000000, 2.891205793294678326E-16 ) ) ;
#4631 = CARTESIAN_POINT ( 'NONE',  ( 13.50800656473831651, 2.999999999999999556, -6.922728280791658584 ) ) ;
#4632 = CARTESIAN_POINT ( 'NONE',  ( -20.75000000008231282, 11.50000000000000000, -22.00000000000000000 ) ) ;
#4633 = LINE ( 'NONE', #2112, #1199 ) ;
#4634 = SURFACE_SIDE_STYLE ('',( #2064 ) ) ;
#4635 = ORIENTED_EDGE ( 'NONE', *, *, #1029, .T. ) ;
#4636 = ORIENTED_EDGE ( 'NONE', *, *, #3638, .F. ) ;
#4637 = EDGE_LOOP ( 'NONE', ( #2724, #2717 ) ) ;
#4638 = PLANE ( 'NONE',  #843 ) ;
#4639 = VERTEX_POINT ( 'NONE', #2209 ) ;
#4640 = DIRECTION ( 'NONE',  ( 0.000000000000000000, 0.000000000000000000, 1.000000000000000000 ) ) ;
#4641 = ORIENTED_EDGE ( 'NONE', *, *, #947, .F. ) ;
#4642 = CARTESIAN_POINT ( 'NONE',  ( 17.49999999999998934, 6.349999999999994316, -7.024999999999990585 ) ) ;
#4643 = AXIS2_PLACEMENT_3D ( 'NONE', #4561, #4221, #4243 ) ;
#4644 = VECTOR ( 'NONE', #1291, 1000.000000000000000 ) ;
#4645 = DIRECTION ( 'NONE',  ( 2.168404344971008868E-16, 0.000000000000000000, -1.000000000000000000 ) ) ;
#4646 = EDGE_CURVE ( 'NONE', #2983, #251, #313, .T. ) ;
#4647 = DIRECTION ( 'NONE',  ( -1.000000000000000000, -0.000000000000000000, -0.000000000000000000 ) ) ;
#4648 = ORIENTED_EDGE ( 'NONE', *, *, #346, .F. ) ;
#4649 = EDGE_CURVE ( 'NONE', #2892, #3177, #330, .T. ) ;
#4650 = CARTESIAN_POINT ( 'NONE',  ( -14.38913882613665862, 0.3500000000000000888, -6.753390692605747425 ) ) ;
#4651 = DIRECTION ( 'NONE',  ( 0.000000000000000000, 0.000000000000000000, 1.000000000000000000 ) ) ;
#4652 = EDGE_CURVE ( 'NONE', #2314, #1426, #1952, .T. ) ;
#4653 = EDGE_CURVE ( 'NONE', #4316, #3651, #1715, .T. ) ;
#4654 = CARTESIAN_POINT ( 'NONE',  ( -20.49999999999981526, 0.000000000000000000, 6.000000000000119016 ) ) ;
#4655 = VECTOR ( 'NONE', #717, 1000.000000000000000 ) ;
#4656 = CARTESIAN_POINT ( 'NONE',  ( 13.58622174687377360, 3.000000000000000000, -6.913270696887415134 ) ) ;
#4657 = DIRECTION ( 'NONE',  ( -0.000000000000000000, -1.000000000000000000, -0.000000000000000000 ) ) ;
#4658 = CARTESIAN_POINT ( 'NONE',  ( 15.91188116800948826, 3.000000000000000000, 4.597218489864376423 ) ) ;
#4659 = AXIS2_PLACEMENT_3D ( 'NONE', #4755, #1444, #2980 ) ;
#4660 = CARTESIAN_POINT ( 'NONE',  ( -11.50000000000000000, 0.000000000000000000, 22.75000000000000711 ) ) ;
#4661 = ORIENTED_EDGE ( 'NONE', *, *, #3080, .F. ) ;
#4662 = ORIENTED_EDGE ( 'NONE', *, *, #3633, .T. ) ;
#4663 = VERTEX_POINT ( 'NONE', #4435 ) ;
#4664 = AXIS2_PLACEMENT_3D ( 'NONE', #2595, #387, #3359 ) ;
#4665 = DIRECTION ( 'NONE',  ( 0.000000000000000000, 0.000000000000000000, 1.000000000000000000 ) ) ;
#4666 = VERTEX_POINT ( 'NONE', #2975 ) ;
#4667 = CARTESIAN_POINT ( 'NONE',  ( 13.17375048507072499, 0.3500000000000000333, 6.955945160845585562 ) ) ;
#4668 = ORIENTED_EDGE ( 'NONE', *, *, #4433, .T. ) ;
#4669 = VECTOR ( 'NONE', #4193, 1000.000000000000000 ) ;
#4670 = FACE_BOUND ( 'NONE', #3481, .T. ) ;
#4671 = AXIS2_PLACEMENT_3D ( 'NONE', #765, #4431, #2252 ) ;
#4672 = ADVANCED_FACE ( 'NONE', ( #41 ), #3735, .F. ) ;
#4673 = LINE ( 'NONE', #4352, #2712 ) ;
#4674 = ORIENTED_EDGE ( 'NONE', *, *, #4684, .T. ) ;
#4675 = CARTESIAN_POINT ( 'NONE',  ( -13.58620757054161210, 0.3500000000000000333, -6.913270696887417799 ) ) ;
#4676 = CARTESIAN_POINT ( 'NONE',  ( 20.50000000000018474, 0.000000000000000000, 4.700000000000120082 ) ) ;
#4677 = CARTESIAN_POINT ( 'NONE',  ( -14.30000000000000071, 2.000000000000000000, -19.99999999999998934 ) ) ;
#4678 = CARTESIAN_POINT ( 'NONE',  ( 14.51877502558850175, 0.3500000000000000333, -6.711093125388365443 ) ) ;
#4679 = FACE_OUTER_BOUND ( 'NONE', #3648, .T. ) ;
#4680 = CARTESIAN_POINT ( 'NONE',  ( 15.45379608085068668, 3.000000000000000444, 6.078486982017737184 ) ) ;
#4681 = EDGE_CURVE ( 'NONE', #660, #3471, #2188, .T. ) ;
#4682 = CARTESIAN_POINT ( 'NONE',  ( -15.00000000000001421, 10.30000000000000071, 18.00000000000000000 ) ) ;
#4683 = ORIENTED_EDGE ( 'NONE', *, *, #1205, .F. ) ;
#4684 = EDGE_CURVE ( 'NONE', #1797, #2103, #2281, .T. ) ;
#4685 = ORIENTED_EDGE ( 'NONE', *, *, #4596, .F. ) ;
#4686 = FACE_OUTER_BOUND ( 'NONE', #2168, .T. ) ;
#4687 = CARTESIAN_POINT ( 'NONE',  ( -14.99055688203297088, 0.3500000000000000333, 6.497102039077435442 ) ) ;
#4688 = CARTESIAN_POINT ( 'NONE',  ( -23.50000000000000000, 1.650000000000001243, 18.00000000000001066 ) ) ;
#4689 = ORIENTED_EDGE ( 'NONE', *, *, #3225, .T. ) ;
#4690 = CARTESIAN_POINT ( 'NONE',  ( 15.61939610474490259, 0.3500000000000000333, 5.750965460148122155 ) ) ;
#4691 = CIRCLE ( 'NONE', #1826, 2.999999999999997335 ) ;
#4692 = ORIENTED_EDGE ( 'NONE', *, *, #974, .T. ) ;
#4693 = LINE ( 'NONE', #4299, #1623 ) ;
#4694 = CARTESIAN_POINT ( 'NONE',  ( -12.50000000000001776, 0.000000000000000000, -6.500000000000002665 ) ) ;
#4695 = ORIENTED_EDGE ( 'NONE', *, *, #2809, .T. ) ;
#4696 = CARTESIAN_POINT ( 'NONE',  ( -10.00000000000001243, 11.50000000000000000, -11.25000000000000178 ) ) ;
#4697 = DIRECTION ( 'NONE',  ( 0.000000000000000000, 0.000000000000000000, 1.000000000000000000 ) ) ;
#4698 = ADVANCED_FACE ( 'NONE', ( #2922 ), #376, .F. ) ;
#4699 = CARTESIAN_POINT ( 'NONE',  ( 6.000000000000046185, 10.30000000000000071, -17.49999999999999289 ) ) ;
#4700 = CARTESIAN_POINT ( 'NONE',  ( 16.00000000000000355, 0.3500000000000000333, -2.800000000000001155 ) ) ;
#4701 = CARTESIAN_POINT ( 'NONE',  ( -15.99999999999999822, 1.189166666666666927, -7.000000000000002665 ) ) ;
#4702 = CARTESIAN_POINT ( 'NONE',  ( 16.00000000000000000, 3.000000000000000000, 3.170960392027265318 ) ) ;
#4703 = CARTESIAN_POINT ( 'NONE',  ( -23.50000000000000000, 1.650000000000000799, 6.000000000000008882 ) ) ;
#4704 = EDGE_LOOP ( 'NONE', ( #1463, #4115, #4635, #2689 ) ) ;
#4705 = ADVANCED_FACE ( 'NONE', ( #2561 ), #1518, .F. ) ;
#4706 = ORIENTED_EDGE ( 'NONE', *, *, #4350, .T. ) ;
#4707 = DIRECTION ( 'NONE',  ( -0.000000000000000000, -1.000000000000000000, -0.000000000000000000 ) ) ;
#4708 = ORIENTED_EDGE ( 'NONE', *, *, #2663, .F. ) ;
#4709 = EDGE_CURVE ( 'NONE', #680, #2023, #3899, .T. ) ;
#4710 = CARTESIAN_POINT ( 'NONE',  ( -11.79999999999999538, 3.000000000000000000, -7.000000000000001776 ) ) ;
#4711 = ORIENTED_EDGE ( 'NONE', *, *, #4577, .F. ) ;
#4712 = CARTESIAN_POINT ( 'NONE',  ( -23.50000000000000000, 8.000000000000001776, 4.975000000000017408 ) ) ;
#4713 = VERTEX_POINT ( 'NONE', #4051 ) ;
#4714 = UNCERTAINTY_MEASURE_WITH_UNIT (LENGTH_MEASURE( 1.000000000000000082E-05 ), #475, 'distance_accuracy_value', 'NONE');
#4715 = CARTESIAN_POINT ( 'NONE',  ( 16.00000000000000000, 5.000000000000000000, -23.24999999999998934 ) ) ;
#4716 = LINE ( 'NONE', #2410, #3954 ) ;
#4718 = EDGE_LOOP ( 'NONE', ( #4071, #4389, #1625, #4227 ) ) ;
#4717 = AXIS2_PLACEMENT_3D ( 'NONE', #3402, #2668, #2356 ) ;
#4719 = CARTESIAN_POINT ( 'NONE',  ( -15.71109312538806613, 0.3500000000000000333, -5.518775025588803729 ) ) ;
#4720 = LINE ( 'NONE', #4325, #771 ) ;
#4721 = AXIS2_PLACEMENT_3D ( 'NONE', #3128, #3787, #458 ) ;
#4722 = DIRECTION ( 'NONE',  ( 0.000000000000000000, -1.000000000000000000, 0.000000000000000000 ) ) ;
#4723 = CARTESIAN_POINT ( 'NONE',  ( 15.97050730517949191, 3.000000000000000444, -4.136007953154077654 ) ) ;
#4724 = AXIS2_PLACEMENT_3D ( 'NONE', #1286, #3529, #2768 ) ;
#4725 = CARTESIAN_POINT ( 'NONE',  ( 9.999999999999987566, 4.000000000000000000, 9.999999999999998224 ) ) ;
#4726 = CARTESIAN_POINT ( 'NONE',  ( 15.60846491372225486, 3.000000000000000444, 5.819441297347450082 ) ) ;
#4727 = VECTOR ( 'NONE', #2067, 1000.000000000000000 ) ;
#4728 = DIRECTION ( 'NONE',  ( 1.734723475976809658E-15, 0.000000000000000000, -1.000000000000000000 ) ) ;
#4729 = ORIENTED_EDGE ( 'NONE', *, *, #951, .T. ) ;
#4730 = EDGE_CURVE ( 'NONE', #2206, #508, #4047, .T. ) ;
#4731 = EDGE_LOOP ( 'NONE', ( #3355, #1650, #3908, #3750 ) ) ;
#4732 = CARTESIAN_POINT ( 'NONE',  ( -23.50000000000000000, 8.000000000000001776, 7.025000000000000355 ) ) ;
#4733 = ORIENTED_EDGE ( 'NONE', *, *, #4596, .T. ) ;
#4734 = CIRCLE ( 'NONE', #2641, 1.249999999999997558 ) ;
#4735 = CARTESIAN_POINT ( 'NONE',  ( -5.828427124746201393, 10.30000000000000071, 14.50000000000000178 ) ) ;
#4736 = VERTEX_POINT ( 'NONE', #61 ) ;
#4737 = CARTESIAN_POINT ( 'NONE',  ( 15.90664342479695570, 0.3500000000000000888, 4.637723507244722043 ) ) ;
#4738 = ADVANCED_FACE ( 'NONE', ( #405 ), #4100, .F. ) ;
#4739 = VERTEX_POINT ( 'NONE', #747 ) ;
#4740 = AXIS2_PLACEMENT_3D ( 'NONE', #3784, #3422, #2617 ) ;
#4741 = EDGE_CURVE ( 'NONE', #2983, #1210, #723, .T. ) ;
#4742 = CARTESIAN_POINT ( 'NONE',  ( -1.734723475976807094E-15, 5.500000000000000000, 0.000000000000000000 ) ) ;
#4743 = ORIENTED_EDGE ( 'NONE', *, *, #2393, .F. ) ;
#4744 = VECTOR ( 'NONE', #4461, 1000.000000000000000 ) ;
#4745 = ADVANCED_FACE ( 'NONE', ( #3318 ), #18, .F. ) ;
#4746 = CARTESIAN_POINT ( 'NONE',  ( 0.000000000000000000, 10.30000000000000071, 0.000000000000000000 ) ) ;
#4747 = ORIENTED_EDGE ( 'NONE', *, *, #1178, .T. ) ;
#4748 = CARTESIAN_POINT ( 'NONE',  ( 11.80000000000000071, 1.233333333333333171, 6.999999999999998224 ) ) ;
#4749 = FACE_OUTER_BOUND ( 'NONE', #882, .T. ) ;
#4750 = CIRCLE ( 'NONE', #1800, 1.024999999999998135 ) ;
#4751 = CARTESIAN_POINT ( 'NONE',  ( -6.500000000000010658, 1.199999999999999956, 14.50000000000000178 ) ) ;
#4752 = CARTESIAN_POINT ( 'NONE',  ( 15.76388479376826801, 3.000000000000000000, -5.362138391306253915 ) ) ;
#4753 = CARTESIAN_POINT ( 'NONE',  ( -10.00000000000001243, 11.50000000000000000, -8.750000000000001776 ) ) ;
#4754 = CARTESIAN_POINT ( 'NONE',  ( 2.999999999999987121, 10.30000000000000071, 20.49999999999999289 ) ) ;
#4755 = CARTESIAN_POINT ( 'NONE',  ( 2.999999999999990230, 10.30000000000000071, -17.50000000000000000 ) ) ;
#4756 = ORIENTED_EDGE ( 'NONE', *, *, #3793, .F. ) ;
#4757 = ORIENTED_EDGE ( 'NONE', *, *, #69, .T. ) ;
#4758 = CARTESIAN_POINT ( 'NONE',  ( 0.000000000000000000, 1.199999999999999956, 0.000000000000000000 ) ) ;
#4759 = CARTESIAN_POINT ( 'NONE',  ( -15.71968520843666006, 0.3500000000000000888, 5.493796421977218181 ) ) ;
#4760 = DIRECTION ( 'NONE',  ( -2.891205793294678326E-16, -0.000000000000000000, -1.000000000000000000 ) ) ;
#4761 = ORIENTED_EDGE ( 'NONE', *, *, #2711, .T. ) ;
#4762 = CARTESIAN_POINT ( 'NONE',  ( 13.56035792281491936, 0.3500000000000000333, 6.916474485472863698 ) ) ;
#4763 = ORIENTED_EDGE ( 'NONE', *, *, #3317, .T. ) ;
#4764 = CARTESIAN_POINT ( 'NONE',  ( 17.49999999999998934, 0.000000000000000000, -4.975000000000012967 ) ) ;
#4765 = CIRCLE ( 'NONE', #2218, 1.249999999999997558 ) ;
#4766 = EDGE_LOOP ( 'NONE', ( #241, #1332, #365, #1833, #439, #1657, #3247, #3178 ) ) ;
#4767 = ORIENTED_EDGE ( 'NONE', *, *, #1459, .F. ) ;
#4768 = EDGE_CURVE ( 'NONE', #315, #2239, #4507, .T. ) ;
#4769 = DIRECTION ( 'NONE',  ( -1.000000000000000000, 0.000000000000000000, -0.000000000000000000 ) ) ;
#4770 = ORIENTED_EDGE ( 'NONE', *, *, #4370, .T. ) ;
#4771 = FACE_BOUND ( 'NONE', #3496, .T. ) ;
#4772 = CARTESIAN_POINT ( 'NONE',  ( 9.999999999999987566, 11.50000000000000000, 11.25000000000000000 ) ) ;
#4773 = CLOSED_SHELL ( 'NONE', ( #1001, #432, #1804, #2101, #557, #2605, #4127, #599, #551, #709, #4526, #826, #3841, #2164, #3259, #4015, #254, #4409, #3284, #1443, #2924, #1869, #2509, #1380, #1336, #2290, #2951, #437, #3410, #1413, #1534, #3609, #1292, #3490, #1613, #1742, #1084, #1999, #4000, #2231, #4117, #1261, #4472, #1250 ) ) ;
#4774 = EDGE_CURVE ( 'NONE', #2812, #2345, #3415, .T. ) ;
#4775 = DIRECTION ( 'NONE',  ( 0.000000000000000000, 0.000000000000000000, 1.000000000000000000 ) ) ;
#4776 = FACE_OUTER_BOUND ( 'NONE', #2938, .T. ) ;
#4777 = LINE ( 'NONE', #4753, #1251 ) ;
#4778 = CARTESIAN_POINT ( 'NONE',  ( -3.000000000000009770, 10.30000000000000071, -12.50000000000000000 ) ) ;
#4779 = CARTESIAN_POINT ( 'NONE',  ( -15.99999999999999822, 3.132499999999999396, 6.999999999999998224 ) ) ;
#4780 = ORIENTED_EDGE ( 'NONE', *, *, #3939, .F. ) ;
#4781 = ORIENTED_EDGE ( 'NONE', *, *, #3665, .F. ) ;
#4782 = CARTESIAN_POINT ( 'NONE',  ( 0.000000000000000000, 10.30000000000000071, -4.000000000000009770 ) ) ;
#4783 = DIRECTION ( 'NONE',  ( -0.000000000000000000, -1.000000000000000000, -0.000000000000000000 ) ) ;
#4784 = APPLICATION_PROTOCOL_DEFINITION ( 'draft international standard', 'automotive_design', 1998, #2069 ) ;
#4785 = DIRECTION ( 'NONE',  ( -0.000000000000000000, 1.000000000000000000, -0.000000000000000000 ) ) ;
#4786 = ORIENTED_EDGE ( 'NONE', *, *, #2749, .T. ) ;
#4787 = CARTESIAN_POINT ( 'NONE',  ( 17.49999999999998934, -1.429775138004531790E-15, -4.975000000000011191 ) ) ;
#4788 = VERTEX_POINT ( 'NONE', #2750 ) ;
#4789 = EDGE_CURVE ( 'NONE', #4627, #399, #3779, .T. ) ;
#4790 = DIRECTION ( 'NONE',  ( -1.000000000000000000, -0.000000000000000000, -0.000000000000000000 ) ) ;
#4791 = EDGE_LOOP ( 'NONE', ( #4005, #2555, #3281, #3578 ) ) ;
#4792 = EDGE_LOOP ( 'NONE', ( #4443, #3517, #2051, #2378 ) ) ;
#4793 = CARTESIAN_POINT ( 'NONE',  ( 0.000000000000000000, 0.000000000000000000, 0.000000000000000000 ) ) ;
#4794 = ORIENTED_EDGE ( 'NONE', *, *, #1903, .T. ) ;
#4795 = CARTESIAN_POINT ( 'NONE',  ( -11.50000000000000000, 5.000000000000000000, 24.00000000000000711 ) ) ;
#4796 = CYLINDRICAL_SURFACE ( 'NONE', #1777, 1.024999999999994582 ) ;
#4797 = CARTESIAN_POINT ( 'NONE',  ( 17.49999999999998934, 6.349999999999994316, -18.00000000000000355 ) ) ;
#4798 = CARTESIAN_POINT ( 'NONE',  ( 15.91014397283954729, 3.000000000000000888, -4.610838967650590092 ) ) ;
#4799 = ADVANCED_FACE ( 'NONE', ( #1589 ), #1661, .F. ) ;
#4800 = DIRECTION ( 'NONE',  ( -0.000000000000000000, 1.000000000000000000, -0.000000000000000000 ) ) ;
#4801 = DIRECTION ( 'NONE',  ( 1.000000000000000000, 0.000000000000000000, 0.000000000000000000 ) ) ;
#4802 = AXIS2_PLACEMENT_3D ( 'NONE', #3610, #552, #3563 ) ;
#4803 = EDGE_CURVE ( 'NONE', #2345, #4523, #1880, .T. ) ;
#4804 = AXIS2_PLACEMENT_3D ( 'NONE', #1540, #1916, #3759 ) ;
#4805 = CARTESIAN_POINT ( 'NONE',  ( -15.00000000000001421, 10.30000000000000071, 6.499999999999999112 ) ) ;
#4806 = NEXT_ASSEMBLY_USAGE_OCCURRENCE ( 'NAUO1', ' ', ' ', #2036, #1117, $ ) ;
#4807 = NEXT_ASSEMBLY_USAGE_OCCURRENCE ( 'NAUO2', ' ', ' ', #2036, #1977, $ ) ;
#4808 = NEXT_ASSEMBLY_USAGE_OCCURRENCE ( 'NAUO3', ' ', ' ', #2036, #1368, $ ) ;
#4809 = NEXT_ASSEMBLY_USAGE_OCCURRENCE ( 'NAUO4', ' ', ' ', #2036, #1368, $ ) ;
ENDSEC;
END-ISO-10303-21;
