ISO-10303-21;
HEADER;
FILE_DESCRIPTION (( 'STEP AP214' ),
    '1' );
FILE_NAME ('W1_SEMI_NANO_RevA.STEP',
    '2026-10-08T21:32:03',
    ( '' ),
    ( '' ),
    'SwSTEP 2.0',
    'SolidWorks 2023',
    '' );
FILE_SCHEMA (( 'AUTOMOTIVE_DESIGN' ));
ENDSEC;

DATA;
#1 = DIRECTION ( 'NONE',  ( 0.000000000000000000, 1.000000000000000000, 0.000000000000000000 ) ) ;
#2 = VECTOR ( 'NONE', #2501, 1000.000000000000000 ) ;
#3 = CARTESIAN_POINT ( 'NONE',  ( 18.00000000000000000, -9.000000000000000000, 3.799999999999999822 ) ) ;
#4 = DIRECTION ( 'NONE',  ( 1.000000000000000000, 0.000000000000000000, 0.000000000000000000 ) ) ;
#5 = VECTOR ( 'NONE', #22, 1000.000000000000000 ) ;
#6 = LINE ( 'NONE', #2194, #196 ) ;
#7 = EDGE_CURVE ( 'NONE', #1662, #1643, #578, .T. ) ;
#8 = CARTESIAN_POINT ( 'NONE',  ( 62.00000000000000000, 2.767949192431122807, 3.600000000000000089 ) ) ;
#9 = ORIENTED_EDGE ( 'NONE', *, *, #1262, .T. ) ;
#10 = LINE ( 'NONE', #2419, #102 ) ;
#11 = CARTESIAN_POINT ( 'NONE',  ( 0.000000000000000000, -9.000000000000000000, 0.000000000000000000 ) ) ;
#12 = DIRECTION ( 'NONE',  ( 0.000000000000000000, 1.000000000000000000, 0.000000000000000000 ) ) ;
#13 = ORIENTED_EDGE ( 'NONE', *, *, #7, .T. ) ;
#14 = CARTESIAN_POINT ( 'NONE',  ( 70.00000000000000000, 0.000000000000000000, 7.599999999999999645 ) ) ;
#15 = EDGE_CURVE ( 'NONE', #1241, #663, #166, .T. ) ;
#16 = ORIENTED_EDGE ( 'NONE', *, *, #894, .F. ) ;
#17 = FILL_AREA_STYLE_COLOUR ( '', #150 ) ;
#18 = CARTESIAN_POINT ( 'NONE',  ( 44.00000000000000000, 4.500000000000000000, 3.600000000000000089 ) ) ;
#19 = FACE_OUTER_BOUND ( 'NONE', #271, .T. ) ;
#20 = DIRECTION ( 'NONE',  ( 0.000000000000000000, 0.000000000000000000, 1.000000000000000000 ) ) ;
#21 = ORIENTED_EDGE ( 'NONE', *, *, #1404, .F. ) ;
#22 = DIRECTION ( 'NONE',  ( 0.000000000000000000, -1.000000000000000000, -0.000000000000000000 ) ) ;
#23 = AXIS2_PLACEMENT_3D ( 'NONE', #2117, #1128, #713 ) ;
#24 = CARTESIAN_POINT ( 'NONE',  ( 44.00000000000000000, -4.500000000000000000, 4.599999999999999645 ) ) ;
#25 = CARTESIAN_POINT ( 'NONE',  ( 42.00000000000000000, 9.000000000000000000, 11.70000000000000107 ) ) ;
#26 = ORIENTED_EDGE ( 'NONE', *, *, #1192, .F. ) ;
#27 = ADVANCED_FACE ( 'NONE', ( #1182 ), #554, .F. ) ;
#28 = DIRECTION ( 'NONE',  ( 0.000000000000000000, 0.000000000000000000, 1.000000000000000000 ) ) ;
#29 = CIRCLE ( 'NONE', #1483, 1.000000000000000888 ) ;
#30 = ORIENTED_EDGE ( 'NONE', *, *, #2203, .F. ) ;
#31 = FACE_BOUND ( 'NONE', #1818, .T. ) ;
#32 = CIRCLE ( 'NONE', #1366, 0.7999999999999951594 ) ;
#33 = EDGE_CURVE ( 'NONE', #1593, #2145, #371, .T. ) ;
#34 = DIRECTION ( 'NONE',  ( -0.000000000000000000, 1.000000000000000000, 0.000000000000000000 ) ) ;
#35 = CIRCLE ( 'NONE', #2069, 1.500000000000000000 ) ;
#36 = DIRECTION ( 'NONE',  ( 0.000000000000000000, 1.000000000000000000, 0.000000000000000000 ) ) ;
#37 = ORIENTED_EDGE ( 'NONE', *, *, #906, .T. ) ;
#38 = DIRECTION ( 'NONE',  ( 0.000000000000000000, 1.000000000000000000, 0.000000000000000000 ) ) ;
#39 = DIRECTION ( 'NONE',  ( 0.000000000000000000, 0.000000000000000000, 1.000000000000000000 ) ) ;
#40 = DIRECTION ( 'NONE',  ( 0.000000000000000000, 0.000000000000000000, 1.000000000000000000 ) ) ;
#41 = ORIENTED_EDGE ( 'NONE', *, *, #644, .T. ) ;
#42 = DIRECTION ( 'NONE',  ( 0.000000000000000000, 0.000000000000000000, 1.000000000000000000 ) ) ;
#43 = ORIENTED_EDGE ( 'NONE', *, *, #829, .F. ) ;
#44 = AXIS2_PLACEMENT_3D ( 'NONE', #2523, #539, #2160 ) ;
#45 = LINE ( 'NONE', #2060, #2479 ) ;
#46 = ORIENTED_EDGE ( 'NONE', *, *, #763, .T. ) ;
#47 = DIRECTION ( 'NONE',  ( 0.000000000000000000, 1.000000000000000000, 0.000000000000000000 ) ) ;
#48 = VECTOR ( 'NONE', #74, 1000.000000000000000 ) ;
#49 = DIRECTION ( 'NONE',  ( 0.000000000000000000, 0.000000000000000000, 1.000000000000000000 ) ) ;
#50 = CARTESIAN_POINT ( 'NONE',  ( 46.00000000000000000, -4.500000000000000000, 3.600000000000000089 ) ) ;
#51 = ORIENTED_EDGE ( 'NONE', *, *, #2169, .F. ) ;
#52 = AXIS2_PLACEMENT_3D ( 'NONE', #2519, #380, #560 ) ;
#53 = CYLINDRICAL_SURFACE ( 'NONE', #1664, 0.7999999999999951594 ) ;
#54 = EDGE_CURVE ( 'NONE', #1200, #2065, #1555, .T. ) ;
#55 = ORIENTED_EDGE ( 'NONE', *, *, #411, .F. ) ;
#56 = DIRECTION ( 'NONE',  ( 1.000000000000000000, 0.000000000000000000, 0.000000000000000000 ) ) ;
#57 = EDGE_LOOP ( 'NONE', ( #158, #165, #889, #1091 ) ) ;
#58 = CARTESIAN_POINT ( 'NONE',  ( 63.00000000000000000, -4.500000000000000000, 4.599999999999999645 ) ) ;
#59 = EDGE_CURVE ( 'NONE', #1628, #895, #1623, .T. ) ;
#60 = FACE_OUTER_BOUND ( 'NONE', #1833, .T. ) ;
#61 = VERTEX_POINT ( 'NONE', #1345 ) ;
#62 = VECTOR ( 'NONE', #2392, 1000.000000000000000 ) ;
#63 = EDGE_CURVE ( 'NONE', #1139, #188, #2133, .T. ) ;
#64 = DIRECTION ( 'NONE',  ( 1.000000000000000000, 0.000000000000000000, 0.000000000000000000 ) ) ;
#65 = VERTEX_POINT ( 'NONE', #732 ) ;
#66 = CYLINDRICAL_SURFACE ( 'NONE', #898, 1.000000000000000000 ) ;
#67 = CIRCLE ( 'NONE', #2235, 2.000000000000001776 ) ;
#68 = VECTOR ( 'NONE', #777, 1000.000000000000000 ) ;
#69 = CARTESIAN_POINT ( 'NONE',  ( 13.00000000000000000, -5.000000000000000000, -1.000000000000000000 ) ) ;
#70 = ORIENTED_EDGE ( 'NONE', *, *, #181, .T. ) ;
#71 = EDGE_CURVE ( 'NONE', #370, #1916, #2079, .T. ) ;
#72 = CYLINDRICAL_SURFACE ( 'NONE', #1430, 1.700000000000000178 ) ;
#73 = AXIS2_PLACEMENT_3D ( 'NONE', #1917, #134, #972 ) ;
#74 = DIRECTION ( 'NONE',  ( -0.000000000000000000, -0.000000000000000000, 1.000000000000000000 ) ) ;
#75 = ORIENTED_EDGE ( 'NONE', *, *, #599, .T. ) ;
#76 = ORIENTED_EDGE ( 'NONE', *, *, #1331, .F. ) ;
#77 = CARTESIAN_POINT ( 'NONE',  ( 44.00000000000000000, 2.767949192431123695, 4.599999999999999645 ) ) ;
#78 = AXIS2_PLACEMENT_3D ( 'NONE', #934, #964, #1556 ) ;
#79 = ORIENTED_EDGE ( 'NONE', *, *, #59, .F. ) ;
#80 = FACE_OUTER_BOUND ( 'NONE', #549, .T. ) ;
#81 = LINE ( 'NONE', #649, #1370 ) ;
#82 = ORIENTED_EDGE ( 'NONE', *, *, #1668, .F. ) ;
#83 = CARTESIAN_POINT ( 'NONE',  ( 46.00000000000000000, -6.500000000000000000, 3.600000000000000089 ) ) ;
#84 = EDGE_CURVE ( 'NONE', #735, #1347, #1582, .T. ) ;
#85 = AXIS2_PLACEMENT_3D ( 'NONE', #607, #2188, #1202 ) ;
#86 = DIRECTION ( 'NONE',  ( 1.000000000000000000, -0.000000000000000000, 0.000000000000000000 ) ) ;
#87 = ORIENTED_EDGE ( 'NONE', *, *, #169, .F. ) ;
#88 = EDGE_LOOP ( 'NONE', ( #2113, #2367, #2254, #853 ) ) ;
#89 = CARTESIAN_POINT ( 'NONE',  ( 70.52915026221299399, 0.5999999999999998668, 6.400000000000000355 ) ) ;
#90 = VERTEX_POINT ( 'NONE', #566 ) ;
#91 = EDGE_CURVE ( 'NONE', #1739, #247, #1359, .T. ) ;
#92 = FACE_OUTER_BOUND ( 'NONE', #2485, .T. ) ;
#93 = FACE_OUTER_BOUND ( 'NONE', #2246, .T. ) ;
#94 = VERTEX_POINT ( 'NONE', #1195 ) ;
#95 = CARTESIAN_POINT ( 'NONE',  ( 70.79999999999999716, 0.000000000000000000, 14.00000000000000000 ) ) ;
#96 = CARTESIAN_POINT ( 'NONE',  ( 18.00000000000000000, -10.00000000000000000, 13.19999999999999929 ) ) ;
#97 = ORIENTED_EDGE ( 'NONE', *, *, #2550, .F. ) ;
#98 = ORIENTED_EDGE ( 'NONE', *, *, #529, .T. ) ;
#99 = DIRECTION ( 'NONE',  ( 1.000000000000000000, 0.000000000000000000, 0.000000000000000000 ) ) ;
#100 = ORIENTED_EDGE ( 'NONE', *, *, #1723, .F. ) ;
#101 = EDGE_CURVE ( 'NONE', #1593, #2039, #2146, .T. ) ;
#102 = VECTOR ( 'NONE', #47, 1000.000000000000000 ) ;
#103 = EDGE_CURVE ( 'NONE', #415, #512, #745, .T. ) ;
#104 = DIRECTION ( 'NONE',  ( 0.000000000000000000, 0.000000000000000000, 1.000000000000000000 ) ) ;
#105 = DIRECTION ( 'NONE',  ( 0.000000000000000000, 1.000000000000000000, 0.000000000000000000 ) ) ;
#106 = AXIS2_PLACEMENT_3D ( 'NONE', #1043, #1656, #1618 ) ;
#107 = ORIENTED_EDGE ( 'NONE', *, *, #1477, .T. ) ;
#108 = DIRECTION ( 'NONE',  ( 0.000000000000000000, 0.000000000000000000, 1.000000000000000000 ) ) ;
#109 = EDGE_CURVE ( 'NONE', #1538, #2260, #1143, .T. ) ;
#110 = DIRECTION ( 'NONE',  ( 1.000000000000000000, 0.000000000000000000, 0.000000000000000000 ) ) ;
#111 = ORIENTED_EDGE ( 'NONE', *, *, #1089, .F. ) ;
#112 = ORIENTED_EDGE ( 'NONE', *, *, #1231, .F. ) ;
#113 = VECTOR ( 'NONE', #1058, 1000.000000000000000 ) ;
#114 = AXIS2_PLACEMENT_3D ( 'NONE', #69, #457, #1841 ) ;
#115 = CARTESIAN_POINT ( 'NONE',  ( 44.00000000000000000, -4.500000000000000000, 3.600000000000000089 ) ) ;
#116 = ORIENTED_EDGE ( 'NONE', *, *, #730, .T. ) ;
#117 = EDGE_CURVE ( 'NONE', #1158, #1867, #950, .T. ) ;
#118 = VECTOR ( 'NONE', #1186, 1000.000000000000000 ) ;
#119 = DIRECTION ( 'NONE',  ( 0.000000000000000000, 0.000000000000000000, 1.000000000000000000 ) ) ;
#120 = CARTESIAN_POINT ( 'NONE',  ( 61.00000000000000000, -5.500000000000000000, 3.600000000000000089 ) ) ;
#121 = ORIENTED_EDGE ( 'NONE', *, *, #15, .F. ) ;
#122 = PLANE ( 'NONE',  #173 ) ;
#123 = FACE_OUTER_BOUND ( 'NONE', #1795, .T. ) ;
#124 = EDGE_LOOP ( 'NONE', ( #2120, #1697, #1781, #958, #650, #2264 ) ) ;
#125 = PRODUCT ( 'W1_SEMI_NANO_RevA', 'W1_SEMI_NANO_RevA', '', ( #912 ) ) ;
#126 = ORIENTED_EDGE ( 'NONE', *, *, #1853, .F. ) ;
#127 = FACE_OUTER_BOUND ( 'NONE', #331, .T. ) ;
#128 = ORIENTED_EDGE ( 'NONE', *, *, #476, .T. ) ;
#129 = DIRECTION ( 'NONE',  ( -0.000000000000000000, -0.000000000000000000, 1.000000000000000000 ) ) ;
#130 = ADVANCED_FACE ( 'NONE', ( #2028 ), #446, .F. ) ;
#131 = CARTESIAN_POINT ( 'NONE',  ( 9.000000000000000000, 9.000000000000000000, 0.8000000000000000444 ) ) ;
#132 = DIRECTION ( 'NONE',  ( 0.000000000000000000, 0.000000000000000000, 1.000000000000000000 ) ) ;
#133 = ORIENTED_EDGE ( 'NONE', *, *, #1648, .F. ) ;
#134 = DIRECTION ( 'NONE',  ( 0.000000000000000000, 1.000000000000000000, 0.000000000000000000 ) ) ;
#135 = PLANE ( 'NONE',  #1599 ) ;
#136 = ORIENTED_EDGE ( 'NONE', *, *, #1801, .F. ) ;
#137 = ORIENTED_EDGE ( 'NONE', *, *, #1215, .F. ) ;
#138 = FACE_OUTER_BOUND ( 'NONE', #911, .T. ) ;
#139 = ORIENTED_EDGE ( 'NONE', *, *, #1751, .F. ) ;
#140 = EDGE_CURVE ( 'NONE', #1889, #1102, #896, .T. ) ;
#141 = DIRECTION ( 'NONE',  ( 1.000000000000000000, 0.000000000000000000, 0.000000000000000000 ) ) ;
#142 = DIRECTION ( 'NONE',  ( 1.000000000000000000, 0.000000000000000000, 0.000000000000000000 ) ) ;
#143 = CARTESIAN_POINT ( 'NONE',  ( 61.00000000000000000, -6.500000000000000000, 3.600000000000000089 ) ) ;
#144 = EDGE_LOOP ( 'NONE', ( #126, #1044, #1428, #2316 ) ) ;
#145 = CARTESIAN_POINT ( 'NONE',  ( 42.00000000000000000, 9.000000000000000000, 13.19999999999999929 ) ) ;
#146 = DIRECTION ( 'NONE',  ( 0.000000000000000000, 0.000000000000000000, 1.000000000000000000 ) ) ;
#147 = ORIENTED_EDGE ( 'NONE', *, *, #2322, .T. ) ;
#148 = DIRECTION ( 'NONE',  ( 0.000000000000000000, 1.000000000000000000, 0.000000000000000000 ) ) ;
#149 = AXIS2_PLACEMENT_3D ( 'NONE', #1473, #265, #2059 ) ;
#150 = COLOUR_RGB ( '',0.7921568627450980005, 0.8196078431372548767, 0.9333333333333333481 ) ;
#151 = LINE ( 'NONE', #1964, #775 ) ;
#152 = ORIENTED_EDGE ( 'NONE', *, *, #1089, .T. ) ;
#153 = AXIS2_PLACEMENT_3D ( 'NONE', #386, #1184, #1977 ) ;
#154 = LINE ( 'NONE', #1586, #2247 ) ;
#155 = APPLICATION_CONTEXT ( 'automotive_design' ) ;
#156 = DIRECTION ( 'NONE',  ( 0.000000000000000000, 0.000000000000000000, 1.000000000000000000 ) ) ;
#157 = DIRECTION ( 'NONE',  ( 0.000000000000000000, 1.000000000000000000, 0.000000000000000000 ) ) ;
#158 = ORIENTED_EDGE ( 'NONE', *, *, #2314, .F. ) ;
#159 = CARTESIAN_POINT ( 'NONE',  ( 0.000000000000000000, 9.000000000000000000, 0.000000000000000000 ) ) ;
#160 = FACE_OUTER_BOUND ( 'NONE', #1233, .T. ) ;
#161 = EDGE_CURVE ( 'NONE', #2014, #2007, #2270, .T. ) ;
#162 = VERTEX_POINT ( 'NONE', #854 ) ;
#163 = CARTESIAN_POINT ( 'NONE',  ( 9.000000000000000000, 9.000000000000000000, 13.19999999999999929 ) ) ;
#164 = LINE ( 'NONE', #345, #1994 ) ;
#165 = ORIENTED_EDGE ( 'NONE', *, *, #2282, .T. ) ;
#166 = CIRCLE ( 'NONE', #623, 1.499999999999999556 ) ;
#167 = CARTESIAN_POINT ( 'NONE',  ( 32.50000000000000000, -9.000000000000000000, 6.400000000000000355 ) ) ;
#168 = CIRCLE ( 'NONE', #498, 2.000000000000001776 ) ;
#169 = EDGE_CURVE ( 'NONE', #2219, #1165, #2476, .T. ) ;
#170 = CARTESIAN_POINT ( 'NONE',  ( 65.00000000000000000, 9.000000000000000000, 7.000000000000000000 ) ) ;
#171 = EDGE_LOOP ( 'NONE', ( #2418, #1567, #267, #848 ) ) ;
#172 = LINE ( 'NONE', #1929, #2108 ) ;
#173 = AXIS2_PLACEMENT_3D ( 'NONE', #904, #315, #2051 ) ;
#174 = CARTESIAN_POINT ( 'NONE',  ( 46.00000000000000000, -6.500000000000000000, 3.600000000000000089 ) ) ;
#175 = ORIENTED_EDGE ( 'NONE', *, *, #2429, .T. ) ;
#176 = DIRECTION ( 'NONE',  ( 1.000000000000000000, 0.000000000000000000, 0.000000000000000000 ) ) ;
#177 = DIRECTION ( 'NONE',  ( 0.000000000000000000, 1.000000000000000000, 0.000000000000000000 ) ) ;
#178 = DIRECTION ( 'NONE',  ( 0.000000000000000000, 1.000000000000000000, 0.000000000000000000 ) ) ;
#179 = EDGE_LOOP ( 'NONE', ( #2506, #435 ) ) ;
#180 = DIRECTION ( 'NONE',  ( 0.000000000000000000, 0.000000000000000000, 1.000000000000000000 ) ) ;
#181 = EDGE_CURVE ( 'NONE', #1303, #1858, #1687, .T. ) ;
#182 = AXIS2_PLACEMENT_3D ( 'NONE', #83, #1868, #1286 ) ;
#183 = DIRECTION ( 'NONE',  ( 0.000000000000000000, 0.000000000000000000, 1.000000000000000000 ) ) ;
#184 = DIRECTION ( 'NONE',  ( 1.000000000000000000, 0.000000000000000000, 0.000000000000000000 ) ) ;
#185 = CIRCLE ( 'NONE', #2096, 2.000000000000001776 ) ;
#186 = EDGE_CURVE ( 'NONE', #2480, #2474, #1767, .T. ) ;
#187 = CARTESIAN_POINT ( 'NONE',  ( 59.00000000000000000, -4.500000000000000000, 3.600000000000000089 ) ) ;
#188 = VERTEX_POINT ( 'NONE', #1002 ) ;
#189 = DIRECTION ( 'NONE',  ( -1.000000000000000000, 0.000000000000000000, 0.000000000000000000 ) ) ;
#190 = LINE ( 'NONE', #1808, #1875 ) ;
#191 = DIRECTION ( 'NONE',  ( 0.000000000000000000, 1.000000000000000000, 0.000000000000000000 ) ) ;
#192 = VECTOR ( 'NONE', #406, 1000.000000000000000 ) ;
#193 = ORIENTED_EDGE ( 'NONE', *, *, #2089, .F. ) ;
#194 = CARTESIAN_POINT ( 'NONE',  ( 47.73205080756887497, 5.500000000000000888, 3.600000000000000089 ) ) ;
#195 = ADVANCED_FACE ( 'NONE', ( #1421 ), #1056, .T. ) ;
#196 = VECTOR ( 'NONE', #2207, 1000.000000000000000 ) ;
#197 = TOROIDAL_SURFACE ( 'NONE', #1243, 1.000000000000000000, 1.000000000000000000 ) ;
#198 = LINE ( 'NONE', #1561, #1409 ) ;
#199 = DIRECTION ( 'NONE',  ( 0.000000000000000000, 1.000000000000000000, 0.000000000000000000 ) ) ;
#200 = LINE ( 'NONE', #1590, #2320 ) ;
#201 = LINE ( 'NONE', #984, #62 ) ;
#202 = VECTOR ( 'NONE', #952, 1000.000000000000000 ) ;
#203 = ORIENTED_EDGE ( 'NONE', *, *, #292, .F. ) ;
#204 = CARTESIAN_POINT ( 'NONE',  ( 70.52915026221299399, -10.00000000000000000, 6.400000000000000355 ) ) ;
#205 = CIRCLE ( 'NONE', #2035, 0.7999999999999951594 ) ;
#206 = CARTESIAN_POINT ( 'NONE',  ( 3.500000000000000000, 5.000000000000000000, 14.00000000000000000 ) ) ;
#207 = DIRECTION ( 'NONE',  ( 0.000000000000000000, 1.000000000000000000, 0.000000000000000000 ) ) ;
#208 = VERTEX_POINT ( 'NONE', #1045 ) ;
#209 = EDGE_CURVE ( 'NONE', #893, #2014, #828, .T. ) ;
#210 = CYLINDRICAL_SURFACE ( 'NONE', #660, 1.500000000000000444 ) ;
#211 = AXIS2_PLACEMENT_3D ( 'NONE', #802, #1614, #645 ) ;
#212 = EDGE_CURVE ( 'NONE', #90, #468, #10, .T. ) ;
#213 = DIRECTION ( 'NONE',  ( 1.000000000000000000, 0.000000000000000000, 0.000000000000000000 ) ) ;
#214 = AXIS2_PLACEMENT_3D ( 'NONE', #1031, #2172, #385 ) ;
#215 = LINE ( 'NONE', #1402, #1501 ) ;
#216 = VECTOR ( 'NONE', #2251, 1000.000000000000000 ) ;
#217 = CARTESIAN_POINT ( 'NONE',  ( 75.00000000000000000, -9.000000000000000000, 7.599999999999999645 ) ) ;
#218 = FACE_OUTER_BOUND ( 'NONE', #1710, .T. ) ;
#219 = ORIENTED_EDGE ( 'NONE', *, *, #1383, .F. ) ;
#220 = DIRECTION ( 'NONE',  ( 0.000000000000000000, 0.000000000000000000, 1.000000000000000000 ) ) ;
#221 = DIRECTION ( 'NONE',  ( 0.000000000000000000, 0.000000000000000000, 1.000000000000000000 ) ) ;
#222 = CARTESIAN_POINT ( 'NONE',  ( 46.00000000000000000, -6.500000000000000000, 3.600000000000000089 ) ) ;
#223 = ORIENTED_EDGE ( 'NONE', *, *, #1962, .T. ) ;
#224 = EDGE_CURVE ( 'NONE', #1568, #2106, #2211, .T. ) ;
#225 = PLANE ( 'NONE',  #85 ) ;
#226 = EDGE_LOOP ( 'NONE', ( #310, #2315, #1557, #2509 ) ) ;
#227 = FACE_OUTER_BOUND ( 'NONE', #827, .T. ) ;
#228 = CARTESIAN_POINT ( 'NONE',  ( 0.000000000000000000, -9.000000000000000000, 0.000000000000000000 ) ) ;
#229 = PLANE ( 'NONE',  #682 ) ;
#230 = ORIENTED_EDGE ( 'NONE', *, *, #101, .F. ) ;
#231 = CARTESIAN_POINT ( 'NONE',  ( 13.00000000000000000, 5.000000000000000000, -1.000000000000000000 ) ) ;
#232 = FACE_OUTER_BOUND ( 'NONE', #1825, .T. ) ;
#233 = CYLINDRICAL_SURFACE ( 'NONE', #2567, 1.000000000000000000 ) ;
#234 = ORIENTED_EDGE ( 'NONE', *, *, #2282, .F. ) ;
#235 = AXIS2_PLACEMENT_3D ( 'NONE', #1961, #987, #1782 ) ;
#236 = AXIS2_PLACEMENT_3D ( 'NONE', #899, #1502, #1525 ) ;
#237 = ORIENTED_EDGE ( 'NONE', *, *, #1121, .T. ) ;
#238 = DIRECTION ( 'NONE',  ( 0.000000000000000000, 0.000000000000000000, 1.000000000000000000 ) ) ;
#239 = AXIS2_PLACEMENT_3D ( 'NONE', #928, #518, #2138 ) ;
#240 = AXIS2_PLACEMENT_3D ( 'NONE', #1926, #1536, #2492 ) ;
#241 = FACE_OUTER_BOUND ( 'NONE', #1581, .T. ) ;
#242 = ORIENTED_EDGE ( 'NONE', *, *, #1821, .F. ) ;
#243 = CARTESIAN_POINT ( 'NONE',  ( 45.00000000000000000, -2.767949192431125027, 4.599999999999999645 ) ) ;
#244 = ADVANCED_FACE ( 'NONE', ( #422 ), #1620, .T. ) ;
#245 = CARTESIAN_POINT ( 'NONE',  ( 70.00000000000000000, -0.8000000000000003775, 7.799999999999999822 ) ) ;
#246 = DIRECTION ( 'NONE',  ( 0.000000000000000000, -1.000000000000000000, 0.000000000000000000 ) ) ;
#247 = VERTEX_POINT ( 'NONE', #1645 ) ;
#248 = DIRECTION ( 'NONE',  ( -0.000000000000000000, -0.000000000000000000, 1.000000000000000000 ) ) ;
#249 = ORIENTED_EDGE ( 'NONE', *, *, #1413, .F. ) ;
#250 = CARTESIAN_POINT ( 'NONE',  ( 70.52915026221400296, 9.000000000000000000, 6.400000000000000355 ) ) ;
#251 = EDGE_CURVE ( 'NONE', #2014, #1885, #1667, .T. ) ;
#252 = AXIS2_PLACEMENT_3D ( 'NONE', #358, #1369, #1973 ) ;
#253 = DIRECTION ( 'NONE',  ( 0.000000000000000000, 0.000000000000000000, 1.000000000000000000 ) ) ;
#254 =( BOUNDED_CURVE ( )  B_SPLINE_CURVE ( 3, ( #1998, #1617, #391, #1792 ),
 .UNSPECIFIED., .F., .F. ) 
 B_SPLINE_CURVE_WITH_KNOTS ( ( 4, 4 ),
 ( 0.000000000000000000, 0.7227342478135385662 ),
 .UNSPECIFIED. ) 
 CURVE ( )  GEOMETRIC_REPRESENTATION_ITEM ( )  RATIONAL_B_SPLINE_CURVE ( ( 1.000000000000000000, 0.9569428977956422333, 0.9569428977956422333, 1.000000000000000000 ) ) 
 REPRESENTATION_ITEM ( '' )  );
#255 = ORIENTED_EDGE ( 'NONE', *, *, #568, .F. ) ;
#256 = DIRECTION ( 'NONE',  ( 1.000000000000000000, 0.000000000000000000, 0.000000000000000000 ) ) ;
#257 = AXIS2_PLACEMENT_3D ( 'NONE', #2569, #1164, #1956 ) ;
#258 = EDGE_CURVE ( 'NONE', #1619, #2106, #1632, .T. ) ;
#259 = DIRECTION ( 'NONE',  ( 1.000000000000000000, 0.000000000000000000, 0.000000000000000000 ) ) ;
#260 = CARTESIAN_POINT ( 'NONE',  ( 61.00000000000000000, -4.500000000000000000, 3.600000000000000089 ) ) ;
#261 = ORIENTED_EDGE ( 'NONE', *, *, #71, .T. ) ;
#262 = FACE_OUTER_BOUND ( 'NONE', #2513, .T. ) ;
#263 = VERTEX_POINT ( 'NONE', #1445 ) ;
#264 = EDGE_CURVE ( 'NONE', #458, #893, #2238, .T. ) ;
#265 = DIRECTION ( 'NONE',  ( 0.000000000000000000, 0.000000000000000000, 1.000000000000000000 ) ) ;
#266 = CARTESIAN_POINT ( 'NONE',  ( 46.00000000000000000, 4.500000000000000000, 3.600000000000000089 ) ) ;
#267 = ORIENTED_EDGE ( 'NONE', *, *, #1136, .T. ) ;
#268 = CARTESIAN_POINT ( 'NONE',  ( 14.69999999999999929, 5.000000000000000000, 14.00000000000000000 ) ) ;
#269 = DIRECTION ( 'NONE',  ( 1.000000000000000000, 0.000000000000000000, 0.000000000000000000 ) ) ;
#270 = VERTEX_POINT ( 'NONE', #408 ) ;
#271 = EDGE_LOOP ( 'NONE', ( #1288, #1972, #1285 ) ) ;
#272 = AXIS2_PLACEMENT_3D ( 'NONE', #2076, #2458, #2275 ) ;
#273 = CARTESIAN_POINT ( 'NONE',  ( 32.50000000000000000, -9.000000000000000000, 6.400000000000000355 ) ) ;
#274 = ORIENTED_EDGE ( 'NONE', *, *, #2396, .F. ) ;
#275 = CARTESIAN_POINT ( 'NONE',  ( 46.00000000000000000, -5.500000000000000000, 4.599999999999999645 ) ) ;
#276 = ADVANCED_FACE ( 'NONE', ( #459 ), #1261, .F. ) ;
#277 = AXIS2_PLACEMENT_3D ( 'NONE', #1981, #156, #792 ) ;
#278 = CARTESIAN_POINT ( 'NONE',  ( 61.00000000000000000, -6.500000000000000000, 3.600000000000000089 ) ) ;
#279 = ORIENTED_EDGE ( 'NONE', *, *, #1373, .F. ) ;
#280 = LINE ( 'NONE', #1326, #1509 ) ;
#281 = AXIS2_PLACEMENT_3D ( 'NONE', #959, #2157, #1127 ) ;
#282 = CARTESIAN_POINT ( 'NONE',  ( 70.52915026221299399, 0.5999999999999271472, 7.599999999999999645 ) ) ;
#283 = VERTEX_POINT ( 'NONE', #1208 ) ;
#284 = EDGE_LOOP ( 'NONE', ( #2027, #1153, #1672, #2047, #1059, #1126 ) ) ;
#285 = EDGE_CURVE ( 'NONE', #519, #1357, #2394, .T. ) ;
#286 = CARTESIAN_POINT ( 'NONE',  ( 69.20000000000001705, 9.797174393178765753E-17, 6.400000000000000355 ) ) ;
#287 = ORIENTED_EDGE ( 'NONE', *, *, #776, .T. ) ;
#288 = CARTESIAN_POINT ( 'NONE',  ( 62.00000000000000000, -4.500000000000000000, 3.600000000000000089 ) ) ;
#289 = VERTEX_POINT ( 'NONE', #1016 ) ;
#290 = DIRECTION ( 'NONE',  ( 1.000000000000000000, -0.000000000000000000, 0.000000000000000000 ) ) ;
#291 = CARTESIAN_POINT ( 'NONE',  ( 70.19704603979064927, 0.7999999999999974909, 7.799999999999998046 ) ) ;
#292 = EDGE_CURVE ( 'NONE', #1229, #322, #543, .T. ) ;
#293 = AXIS2_PLACEMENT_3D ( 'NONE', #1177, #765, #390 ) ;
#294 = EDGE_LOOP ( 'NONE', ( #986, #884, #116, #619 ) ) ;
#295 = CARTESIAN_POINT ( 'NONE',  ( 0.000000000000000000, -9.000000000000000000, 14.00000000000000000 ) ) ;
#296 = ORIENTED_EDGE ( 'NONE', *, *, #2466, .F. ) ;
#297 = EDGE_CURVE ( 'NONE', #326, #1662, #2004, .T. ) ;
#298 = VECTOR ( 'NONE', #664, 1000.000000000000000 ) ;
#299 = ADVANCED_FACE ( 'NONE', ( #917 ), #1079, .T. ) ;
#300 = CARTESIAN_POINT ( 'NONE',  ( 3.500000000000000000, -5.000000000000000000, -1.000000000000000000 ) ) ;
#301 = DIRECTION ( 'NONE',  ( 0.000000000000000000, 1.000000000000000000, 0.000000000000000000 ) ) ;
#302 = VERTEX_POINT ( 'NONE', #712 ) ;
#303 = DIRECTION ( 'NONE',  ( 0.000000000000000000, 0.000000000000000000, -1.000000000000000000 ) ) ;
#304 = DIRECTION ( 'NONE',  ( 1.000000000000000000, 0.000000000000000000, 0.000000000000000000 ) ) ;
#305 = EDGE_CURVE ( 'NONE', #822, #2072, #698, .T. ) ;
#306 = ORIENTED_EDGE ( 'NONE', *, *, #409, .T. ) ;
#307 = ORIENTED_EDGE ( 'NONE', *, *, #545, .T. ) ;
#308 = CARTESIAN_POINT ( 'NONE',  ( 44.00000000000000000, 4.500000000000000000, 4.599999999999999645 ) ) ;
#309 = CIRCLE ( 'NONE', #1849, 1.700000000000000178 ) ;
#310 = ORIENTED_EDGE ( 'NONE', *, *, #169, .T. ) ;
#311 = DIRECTION ( 'NONE',  ( 0.000000000000000000, 0.000000000000000000, -1.000000000000000000 ) ) ;
#312 = DIRECTION ( 'NONE',  ( 1.000000000000000000, 0.000000000000000000, 0.000000000000000000 ) ) ;
#313 = AXIS2_PLACEMENT_3D ( 'NONE', #2195, #393, #1000 ) ;
#314 = ORIENTED_EDGE ( 'NONE', *, *, #2203, .T. ) ;
#315 = DIRECTION ( 'NONE',  ( 0.000000000000000000, 0.000000000000000000, 1.000000000000000000 ) ) ;
#316 = DIRECTION ( 'NONE',  ( 1.000000000000000000, 0.000000000000000000, 0.000000000000000000 ) ) ;
#317 = ORIENTED_EDGE ( 'NONE', *, *, #955, .F. ) ;
#318 = ORIENTED_EDGE ( 'NONE', *, *, #1375, .T. ) ;
#319 = AXIS2_PLACEMENT_3D ( 'NONE', #25, #642, #1447 ) ;
#320 = ADVANCED_FACE ( 'NONE', ( #1505 ), #1100, .F. ) ;
#321 = DIRECTION ( 'NONE',  ( 1.000000000000000000, 0.000000000000000000, 0.000000000000000000 ) ) ;
#322 = VERTEX_POINT ( 'NONE', #1299 ) ;
#323 = CIRCLE ( 'NONE', #1904, 1.000000000000000888 ) ;
#324 = DIRECTION ( 'NONE',  ( 1.000000000000000000, 0.000000000000000000, 0.000000000000000000 ) ) ;
#325 = CARTESIAN_POINT ( 'NONE',  ( 70.00000000000000000, -10.00000000000000000, 7.000000000000000000 ) ) ;
#326 = VERTEX_POINT ( 'NONE', #1515 ) ;
#327 = CARTESIAN_POINT ( 'NONE',  ( 5.000000000000000000, -5.000000000000000000, 14.00000000000000000 ) ) ;
#328 = CARTESIAN_POINT ( 'NONE',  ( 63.00000000000000000, 4.500000000000000000, 14.00000000000000000 ) ) ;
#329 = EDGE_CURVE ( 'NONE', #1507, #1772, #1880, .T. ) ;
#330 = ORIENTED_EDGE ( 'NONE', *, *, #305, .T. ) ;
#331 = EDGE_LOOP ( 'NONE', ( #1298, #2128, #2267, #1338 ) ) ;
#332 = VECTOR ( 'NONE', #2244, 1000.000000000000000 ) ;
#333 = CARTESIAN_POINT ( 'NONE',  ( 61.00000000000000000, 4.500000000000000000, 14.00000000000000000 ) ) ;
#334 = VECTOR ( 'NONE', #220, 1000.000000000000000 ) ;
#335 = EDGE_LOOP ( 'NONE', ( #856, #1824, #2050, #317 ) ) ;
#336 = FACE_BOUND ( 'NONE', #810, .T. ) ;
#337 = EDGE_CURVE ( 'NONE', #1022, #499, #520, .T. ) ;
#338 = CARTESIAN_POINT ( 'NONE',  ( 0.000000000000000000, -9.000000000000000000, 14.00000000000000000 ) ) ;
#339 = DIRECTION ( 'NONE',  ( 0.000000000000000000, 1.000000000000000000, 0.000000000000000000 ) ) ;
#340 = VERTEX_POINT ( 'NONE', #2261 ) ;
#341 = PLANE ( 'NONE',  #52 ) ;
#342 = DIRECTION ( 'NONE',  ( 0.000000000000000000, 1.000000000000000000, 0.000000000000000000 ) ) ;
#343 = ORIENTED_EDGE ( 'NONE', *, *, #913, .T. ) ;
#344 = DIRECTION ( 'NONE',  ( 1.000000000000000000, 0.000000000000000000, 0.000000000000000000 ) ) ;
#345 = CARTESIAN_POINT ( 'NONE',  ( 75.00000000000000000, -9.500000000000000000, 6.400000000000000355 ) ) ;
#346 = ORIENTED_EDGE ( 'NONE', *, *, #2107, .T. ) ;
#347 = PLANE ( 'NONE',  #1332 ) ;
#348 = AXIS2_PLACEMENT_3D ( 'NONE', #1700, #497, #960 ) ;
#349 = ADVANCED_FACE ( 'NONE', ( #1067 ), #508, .T. ) ;
#350 = CARTESIAN_POINT ( 'NONE',  ( 14.69999999999999929, -5.000000000000000000, -1.000000000000000000 ) ) ;
#351 = FACE_OUTER_BOUND ( 'NONE', #744, .T. ) ;
#352 = ORIENTED_EDGE ( 'NONE', *, *, #1648, .T. ) ;
#353 = DIRECTION ( 'NONE',  ( 1.000000000000000000, 0.000000000000000000, 0.000000000000000000 ) ) ;
#354 = AXIS2_PLACEMENT_3D ( 'NONE', #1819, #2432, #812 ) ;
#355 = VECTOR ( 'NONE', #1123, 1000.000000000000000 ) ;
#356 = CARTESIAN_POINT ( 'NONE',  ( 44.00000000000000000, -4.500000000000000000, 3.600000000000000089 ) ) ;
#357 = ORIENTED_EDGE ( 'NONE', *, *, #1293, .T. ) ;
#358 = CARTESIAN_POINT ( 'NONE',  ( 45.00000000000000000, 2.767949192431123695, 4.599999999999999645 ) ) ;
#359 = VECTOR ( 'NONE', #1204, 1000.000000000000000 ) ;
#360 = CARTESIAN_POINT ( 'NONE',  ( 0.000000000000000000, 9.000000000000000000, 0.000000000000000000 ) ) ;
#361 = ORIENTED_EDGE ( 'NONE', *, *, #186, .T. ) ;
#362 = EDGE_CURVE ( 'NONE', #2162, #1624, #1685, .T. ) ;
#363 = AXIS2_PLACEMENT_3D ( 'NONE', #1297, #1888, #1733 ) ;
#364 = LINE ( 'NONE', #1940, #655 ) ;
#365 = ADVANCED_FACE ( 'NONE', ( #2468 ), #1673, .F. ) ;
#366 = CARTESIAN_POINT ( 'NONE',  ( 46.00000000000000000, -4.500000000000000000, 3.600000000000000089 ) ) ;
#367 = ORIENTED_EDGE ( 'NONE', *, *, #1633, .T. ) ;
#368 = DIRECTION ( 'NONE',  ( 0.000000000000000000, 1.000000000000000000, 0.000000000000000000 ) ) ;
#369 = FACE_OUTER_BOUND ( 'NONE', #2053, .T. ) ;
#370 = VERTEX_POINT ( 'NONE', #1698 ) ;
#371 = LINE ( 'NONE', #784, #2500 ) ;
#372 = ADVANCED_FACE ( 'NONE', ( #1114 ), #72, .F. ) ;
#373 = CARTESIAN_POINT ( 'NONE',  ( 62.00000000000000000, -4.500000000000000000, 3.600000000000000089 ) ) ;
#374 = VERTEX_POINT ( 'NONE', #268 ) ;
#375 = LINE ( 'NONE', #1174, #118 ) ;
#376 = VECTOR ( 'NONE', #1831, 1000.000000000000000 ) ;
#377 = ADVANCED_FACE ( 'NONE', ( #470 ), #122, .T. ) ;
#378 = CARTESIAN_POINT ( 'NONE',  ( 47.73205080756887497, 5.500000000000000000, 4.599999999999999645 ) ) ;
#379 = DIRECTION ( 'NONE',  ( 0.000000000000000000, 0.000000000000000000, 1.000000000000000000 ) ) ;
#380 = DIRECTION ( 'NONE',  ( 1.000000000000000000, 0.000000000000000000, 0.000000000000000000 ) ) ;
#381 = DIRECTION ( 'NONE',  ( 0.000000000000000000, 1.000000000000000000, 0.000000000000000000 ) ) ;
#382 = ORIENTED_EDGE ( 'NONE', *, *, #714, .T. ) ;
#383 = ORIENTED_EDGE ( 'NONE', *, *, #1252, .T. ) ;
#384 = EDGE_CURVE ( 'NONE', #1538, #2007, #1965, .T. ) ;
#385 = DIRECTION ( 'NONE',  ( 1.000000000000000000, 0.000000000000000000, 0.000000000000000000 ) ) ;
#386 = CARTESIAN_POINT ( 'NONE',  ( 65.00000000000000000, 9.000000000000000000, 7.000000000000000000 ) ) ;
#387 = ORIENTED_EDGE ( 'NONE', *, *, #1681, .T. ) ;
#388 = CYLINDRICAL_SURFACE ( 'NONE', #1248, 1.000000000000000000 ) ;
#389 = DIRECTION ( 'NONE',  ( 0.000000000000000000, 1.000000000000000000, 0.000000000000000000 ) ) ;
#390 = DIRECTION ( 'NONE',  ( 1.000000000000000000, 0.000000000000000000, 0.000000000000000000 ) ) ;
#391 = CARTESIAN_POINT ( 'NONE',  ( 69.61863426763000007, 0.7303337045290161367, 7.730333704529017247 ) ) ;
#392 = AXIS2_PLACEMENT_3D ( 'NONE', #1046, #1646, #843 ) ;
#393 = DIRECTION ( 'NONE',  ( 0.000000000000000000, 1.000000000000000000, 0.000000000000000000 ) ) ;
#394 = EDGE_LOOP ( 'NONE', ( #495, #2081, #2536, #1636 ) ) ;
#395 = DIRECTION ( 'NONE',  ( 0.000000000000000000, 1.000000000000000000, 0.000000000000000000 ) ) ;
#396 = PLANE ( 'NONE',  #1007 ) ;
#397 = CARTESIAN_POINT ( 'NONE',  ( 63.00000000000000000, -4.500000000000000000, 14.00000000000000000 ) ) ;
#398 = EDGE_LOOP ( 'NONE', ( #1928, #203, #609, #892, #2204, #147 ) ) ;
#399 = EDGE_CURVE ( 'NONE', #421, #1742, #485, .T. ) ;
#400 = VECTOR ( 'NONE', #1362, 1000.000000000000000 ) ;
#401 = PLANE ( 'NONE',  #1337 ) ;
#402 = CIRCLE ( 'NONE', #1861, 0.7499999999999997780 ) ;
#403 = PLANE ( 'NONE',  #1196 ) ;
#404 = PLANE ( 'NONE',  #701 ) ;
#405 = LINE ( 'NONE', #1219, #1735 ) ;
#406 = DIRECTION ( 'NONE',  ( 0.000000000000000000, 1.000000000000000000, 0.000000000000000000 ) ) ;
#407 = EDGE_LOOP ( 'NONE', ( #1842, #943, #1185, #2484 ) ) ;
#408 = CARTESIAN_POINT ( 'NONE',  ( 70.52915026221400296, -9.000000000000000000, 6.400000000000000355 ) ) ;
#409 = EDGE_CURVE ( 'NONE', #1412, #519, #968, .T. ) ;
#410 = DIRECTION ( 'NONE',  ( 0.000000000000000000, 0.000000000000000000, 1.000000000000000000 ) ) ;
#411 = EDGE_CURVE ( 'NONE', #1628, #2219, #280, .T. ) ;
#412 = DIRECTION ( 'NONE',  ( 0.000000000000000000, 1.000000000000000000, 0.000000000000000000 ) ) ;
#413 = EDGE_LOOP ( 'NONE', ( #2281, #1652, #79, #2532 ) ) ;
#414 = DIRECTION ( 'NONE',  ( 1.000000000000000000, 0.000000000000000000, 0.000000000000000000 ) ) ;
#415 = VERTEX_POINT ( 'NONE', #766 ) ;
#416 = VECTOR ( 'NONE', #1266, 1000.000000000000000 ) ;
#417 = CARTESIAN_POINT ( 'NONE',  ( 69.20000000000001705, 9.797174393178765753E-17, 14.00000000000000178 ) ) ;
#418 = CIRCLE ( 'NONE', #1750, 1.500000000000000000 ) ;
#419 = DIRECTION ( 'NONE',  ( 1.000000000000000000, 0.000000000000000000, 0.000000000000000000 ) ) ;
#420 = CARTESIAN_POINT ( 'NONE',  ( 42.00000000000000000, -10.00000000000000000, 11.70000000000000107 ) ) ;
#421 = VERTEX_POINT ( 'NONE', #2115 ) ;
#422 = FACE_OUTER_BOUND ( 'NONE', #1255, .T. ) ;
#423 = CARTESIAN_POINT ( 'NONE',  ( 70.52915026221299399, -10.00000000000000000, 6.400000000000000355 ) ) ;
#424 = CARTESIAN_POINT ( 'NONE',  ( 44.00000000000000000, -2.767949192431125027, 4.599999999999999645 ) ) ;
#425 = ORIENTED_EDGE ( 'NONE', *, *, #2306, .F. ) ;
#426 = CARTESIAN_POINT ( 'NONE',  ( 69.47084973778700601, -0.5999999999999998668, 7.599999999999999645 ) ) ;
#427 = EDGE_LOOP ( 'NONE', ( #1318, #1846, #1005, #1678, #538, #1099, #691, #760 ) ) ;
#428 = LINE ( 'NONE', #1452, #1108 ) ;
#429 = EDGE_CURVE ( 'NONE', #1485, #263, #2085, .T. ) ;
#430 = CARTESIAN_POINT ( 'NONE',  ( 75.00000000000000000, 9.000000000000000000, 14.00000000000000000 ) ) ;
#431 = VERTEX_POINT ( 'NONE', #1378 ) ;
#432 = DIRECTION ( 'NONE',  ( 1.000000000000000000, 0.000000000000000000, 0.000000000000000000 ) ) ;
#433 = CARTESIAN_POINT ( 'NONE',  ( 65.00000000000000000, -10.00000000000000000, 7.000000000000000000 ) ) ;
#434 = CARTESIAN_POINT ( 'NONE',  ( 61.00000000000000000, -6.500000000000000000, 3.600000000000000089 ) ) ;
#435 = ORIENTED_EDGE ( 'NONE', *, *, #2301, .T. ) ;
#436 = VECTOR ( 'NONE', #2575, 1000.000000000000000 ) ;
#437 = CARTESIAN_POINT ( 'NONE',  ( 5.000000000000000000, 5.000000000000000000, 0.000000000000000000 ) ) ;
#438 = VECTOR ( 'NONE', #1054, 1000.000000000000000 ) ;
#439 = ADVANCED_FACE ( 'NONE', ( #1749, #574 ), #930, .T. ) ;
#440 = ORIENTED_EDGE ( 'NONE', *, *, #2373, .F. ) ;
#441 = FACE_OUTER_BOUND ( 'NONE', #2401, .T. ) ;
#442 = PRODUCT_RELATED_PRODUCT_CATEGORY ( 'part', '', ( #125 ) ) ;
#443 = AXIS2_PLACEMENT_3D ( 'NONE', #580, #1333, #1533 ) ;
#444 = CARTESIAN_POINT ( 'NONE',  ( 44.00000000000000000, -4.500000000000000000, 3.600000000000000089 ) ) ;
#445 = ORIENTED_EDGE ( 'NONE', *, *, #825, .T. ) ;
#446 = CYLINDRICAL_SURFACE ( 'NONE', #1149, 1.700000000000000178 ) ;
#447 = AXIS2_PLACEMENT_3D ( 'NONE', #1132, #1371, #2161 ) ;
#448 = DIRECTION ( 'NONE',  ( 0.000000000000000000, 0.000000000000000000, 1.000000000000000000 ) ) ;
#449 = CARTESIAN_POINT ( 'NONE',  ( 42.00000000000000000, -9.000000000000000000, 11.70000000000000107 ) ) ;
#450 = VECTOR ( 'NONE', #2426, 1000.000000000000000 ) ;
#451 = ORIENTED_EDGE ( 'NONE', *, *, #2230, .T. ) ;
#452 = ADVANCED_FACE ( 'NONE', ( #944 ), #2570, .T. ) ;
#453 = DIRECTION ( 'NONE',  ( 0.000000000000000000, 0.000000000000000000, 1.000000000000000000 ) ) ;
#454 = ORIENTED_EDGE ( 'NONE', *, *, #2262, .T. ) ;
#455 = PLANE ( 'NONE',  #1941 ) ;
#456 = ADVANCED_FACE ( 'NONE', ( #1720 ), #341, .F. ) ;
#457 = DIRECTION ( 'NONE',  ( 0.000000000000000000, 0.000000000000000000, 1.000000000000000000 ) ) ;
#458 = VERTEX_POINT ( 'NONE', #2533 ) ;
#459 = FACE_OUTER_BOUND ( 'NONE', #1130, .T. ) ;
#460 = DIRECTION ( 'NONE',  ( 0.000000000000000000, 0.000000000000000000, -1.000000000000000000 ) ) ;
#461 = ORIENTED_EDGE ( 'NONE', *, *, #2314, .T. ) ;
#462 = ORIENTED_EDGE ( 'NONE', *, *, #1013, .F. ) ;
#463 = ADVANCED_FACE ( 'NONE', ( #1763 ), #1539, .F. ) ;
#464 = LINE ( 'NONE', #308, #1247 ) ;
#465 = ORIENTED_EDGE ( 'NONE', *, *, #1851, .T. ) ;
#466 = CARTESIAN_POINT ( 'NONE',  ( 18.00000000000000000, 9.000000000000000000, 0.8000000000000000444 ) ) ;
#467 = CARTESIAN_POINT ( 'NONE',  ( 61.00000000000000000, 4.500000000000000000, 3.600000000000000089 ) ) ;
#468 = VERTEX_POINT ( 'NONE', #780 ) ;
#469 = EDGE_CURVE ( 'NONE', #663, #1993, #1166, .T. ) ;
#470 = FACE_OUTER_BOUND ( 'NONE', #2502, .T. ) ;
#471 = DIRECTION ( 'NONE',  ( 1.000000000000000000, 0.000000000000000000, 0.000000000000000000 ) ) ;
#472 = ORIENTED_EDGE ( 'NONE', *, *, #2396, .T. ) ;
#473 = ORIENTED_EDGE ( 'NONE', *, *, #209, .F. ) ;
#474 = CIRCLE ( 'NONE', #2058, 1.700000000000000178 ) ;
#475 = CARTESIAN_POINT ( 'NONE',  ( 70.21166010488521181, 0.8800000000000181011, 6.119999999999982343 ) ) ;
#476 = EDGE_CURVE ( 'NONE', #882, #1542, #525, .T. ) ;
#477 = ORIENTED_EDGE ( 'NONE', *, *, #1361, .F. ) ;
#478 = VECTOR ( 'NONE', #2417, 1000.000000000000000 ) ;
#479 = FACE_OUTER_BOUND ( 'NONE', #2100, .T. ) ;
#480 = TOROIDAL_SURFACE ( 'NONE', #149, 1.000000000000000000, 1.000000000000000000 ) ;
#481 = EDGE_CURVE ( 'NONE', #2547, #1439, #610, .T. ) ;
#482 = CARTESIAN_POINT ( 'NONE',  ( 59.26794919243111792, -5.500000000000000000, 3.600000000000000089 ) ) ;
#483 = ORIENTED_EDGE ( 'NONE', *, *, #2089, .T. ) ;
#484 = CIRCLE ( 'NONE', #526, 2.000000000000001776 ) ;
#485 = LINE ( 'NONE', #2507, #298 ) ;
#486 = CARTESIAN_POINT ( 'NONE',  ( 5.000000000000000000, 5.000000000000000000, 0.000000000000000000 ) ) ;
#487 = ORIENTED_EDGE ( 'NONE', *, *, #940, .F. ) ;
#488 = ADVANCED_FACE ( 'NONE', ( #1140 ), #1578, .F. ) ;
#489 = ORIENTED_EDGE ( 'NONE', *, *, #985, .T. ) ;
#490 = DIRECTION ( 'NONE',  ( 0.000000000000000000, -1.000000000000000000, 0.000000000000000000 ) ) ;
#491 = ORIENTED_EDGE ( 'NONE', *, *, #629, .T. ) ;
#492 = CARTESIAN_POINT ( 'NONE',  ( 70.00000000000000000, 0.000000000000000000, 14.00000000000000000 ) ) ;
#493 = DIRECTION ( 'NONE',  ( 0.000000000000000000, 0.000000000000000000, 1.000000000000000000 ) ) ;
#494 = DIRECTION ( 'NONE',  ( 0.000000000000000000, 0.000000000000000000, 1.000000000000000000 ) ) ;
#495 = ORIENTED_EDGE ( 'NONE', *, *, #140, .F. ) ;
#496 = DIRECTION ( 'NONE',  ( 0.000000000000000000, 0.000000000000000000, 1.000000000000000000 ) ) ;
#497 = DIRECTION ( 'NONE',  ( 1.000000000000000000, 0.000000000000000000, 0.000000000000000000 ) ) ;
#498 = AXIS2_PLACEMENT_3D ( 'NONE', #830, #630, #1783 ) ;
#499 = VERTEX_POINT ( 'NONE', #536 ) ;
#500 = VERTEX_POINT ( 'NONE', #2350 ) ;
#501 = CARTESIAN_POINT ( 'NONE',  ( 42.00000000000000000, -10.00000000000000000, 0.8000000000000000444 ) ) ;
#502 = ORIENTED_EDGE ( 'NONE', *, *, #552, .T. ) ;
#503 = AXIS2_PLACEMENT_3D ( 'NONE', #1273, #290, #2062 ) ;
#504 = EDGE_CURVE ( 'NONE', #1241, #2237, #550, .T. ) ;
#505 = DIRECTION ( 'NONE',  ( 0.000000000000000000, 0.000000000000000000, 1.000000000000000000 ) ) ;
#506 = CARTESIAN_POINT ( 'NONE',  ( 61.00000000000000000, 5.500000000000000888, 3.600000000000000089 ) ) ;
#507 = EDGE_LOOP ( 'NONE', ( #2489, #357, #1665, #676, #2077, #1785 ) ) ;
#508 = PLANE ( 'NONE',  #752 ) ;
#509 = EDGE_CURVE ( 'NONE', #2174, #971, #172, .T. ) ;
#510 = DIRECTION ( 'NONE',  ( 0.000000000000000000, 0.000000000000000000, 1.000000000000000000 ) ) ;
#511 = ORIENTED_EDGE ( 'NONE', *, *, #1119, .T. ) ;
#512 = VERTEX_POINT ( 'NONE', #145 ) ;
#513 = CARTESIAN_POINT ( 'NONE',  ( 63.00000000000000000, -2.767949192431123695, 4.599999999999999645 ) ) ;
#514 = VECTOR ( 'NONE', #1206, 1000.000000000000000 ) ;
#515 = ORIENTED_EDGE ( 'NONE', *, *, #1314, .F. ) ;
#516 = ADVANCED_FACE ( 'NONE', ( #2140 ), #1154, .F. ) ;
#517 = EDGE_CURVE ( 'NONE', #94, #2197, #1201, .T. ) ;
#518 = DIRECTION ( 'NONE',  ( -0.000000000000000000, -0.000000000000000000, -1.000000000000000000 ) ) ;
#519 = VERTEX_POINT ( 'NONE', #1778 ) ;
#520 = LINE ( 'NONE', #2088, #1093 ) ;
#521 = AXIS2_PLACEMENT_3D ( 'NONE', #1110, #739, #2111 ) ;
#522 = CARTESIAN_POINT ( 'NONE',  ( 46.00000000000000000, -4.500000000000000000, 4.599999999999999645 ) ) ;
#523 = VERTEX_POINT ( 'NONE', #2378 ) ;
#524 = ORIENTED_EDGE ( 'NONE', *, *, #2421, .F. ) ;
#525 = CIRCLE ( 'NONE', #1076, 2.000000000000001776 ) ;
#526 = AXIS2_PLACEMENT_3D ( 'NONE', #50, #816, #1397 ) ;
#527 = CYLINDRICAL_SURFACE ( 'NONE', #78, 0.8000000000000003775 ) ;
#528 = EDGE_LOOP ( 'NONE', ( #634, #1550, #1432, #869 ) ) ;
#529 = EDGE_CURVE ( 'NONE', #61, #2450, #1205, .T. ) ;
#530 = VECTOR ( 'NONE', #2291, 1000.000000000000000 ) ;
#531 =( BOUNDED_CURVE ( )  B_SPLINE_CURVE ( 3, ( #282, #1287, #291, #1881 ),
 .UNSPECIFIED., .F., .F. ) 
 B_SPLINE_CURVE_WITH_KNOTS ( ( 4, 4 ),
 ( 5.560451059366068094, 6.283185307179586232 ),
 .UNSPECIFIED. ) 
 CURVE ( )  GEOMETRIC_REPRESENTATION_ITEM ( )  RATIONAL_B_SPLINE_CURVE ( ( 1.000000000000000000, 0.9569428977956447868, 0.9569428977956447868, 1.000000000000000000 ) ) 
 REPRESENTATION_ITEM ( '' )  );
#532 = AXIS2_PLACEMENT_3D ( 'NONE', #557, #1037, #42 ) ;
#533 = CARTESIAN_POINT ( 'NONE',  ( 61.00000000000000000, -4.500000000000000000, 3.600000000000000089 ) ) ;
#534 = DIRECTION ( 'NONE',  ( 0.000000000000000000, 0.000000000000000000, 1.000000000000000000 ) ) ;
#535 = ORIENTED_EDGE ( 'NONE', *, *, #1922, .T. ) ;
#536 = CARTESIAN_POINT ( 'NONE',  ( 75.00000000000000000, 9.000000000000000000, 0.000000000000000000 ) ) ;
#537 = DIRECTION ( 'NONE',  ( 1.000000000000000000, 0.000000000000000000, 0.000000000000000000 ) ) ;
#538 = ORIENTED_EDGE ( 'NONE', *, *, #1395, .F. ) ;
#539 = DIRECTION ( 'NONE',  ( 0.000000000000000000, 1.000000000000000000, 0.000000000000000000 ) ) ;
#540 = AXIS2_PLACEMENT_3D ( 'NONE', #1847, #2400, #64 ) ;
#541 = VECTOR ( 'NONE', #724, 1000.000000000000000 ) ;
#542 = CARTESIAN_POINT ( 'NONE',  ( 18.00000000000000000, 9.000000000000000000, 2.299999999999999822 ) ) ;
#543 = CIRCLE ( 'NONE', #2255, 0.7999999999999951594 ) ;
#544 = EDGE_LOOP ( 'NONE', ( #2461, #1315 ) ) ;
#545 = EDGE_CURVE ( 'NONE', #971, #2145, #405, .T. ) ;
#546 = FACE_BOUND ( 'NONE', #2232, .T. ) ;
#547 = CARTESIAN_POINT ( 'NONE',  ( 18.00000000000000000, 9.000000000000000000, 10.20000000000000107 ) ) ;
#548 = LINE ( 'NONE', #1526, #1038 ) ;
#549 = EDGE_LOOP ( 'NONE', ( #1684, #2372, #361, #1279 ) ) ;
#550 = LINE ( 'NONE', #1352, #951 ) ;
#551 = CARTESIAN_POINT ( 'NONE',  ( 11.29999999999999893, 5.000000000000000000, -1.000000000000000000 ) ) ;
#552 = EDGE_CURVE ( 'NONE', #2243, #1945, #200, .T. ) ;
#553 = ORIENTED_EDGE ( 'NONE', *, *, #1236, .T. ) ;
#554 = CYLINDRICAL_SURFACE ( 'NONE', #44, 1.500000000000000000 ) ;
#555 = CARTESIAN_POINT ( 'NONE',  ( 70.79999999999999716, 0.000000000000000000, 14.00000000000000000 ) ) ;
#556 = ORIENTED_EDGE ( 'NONE', *, *, #1188, .F. ) ;
#557 = CARTESIAN_POINT ( 'NONE',  ( 46.00000000000000000, -5.500000000000000000, 4.599999999999999645 ) ) ;
#558 = CARTESIAN_POINT ( 'NONE',  ( 75.00000000000000000, -9.000000000000000000, 0.000000000000000000 ) ) ;
#559 = ORIENTED_EDGE ( 'NONE', *, *, #1096, .F. ) ;
#560 = DIRECTION ( 'NONE',  ( 0.000000000000000000, 1.000000000000000000, 0.000000000000000000 ) ) ;
#561 = EDGE_CURVE ( 'NONE', #302, #1022, #1403, .T. ) ;
#562 = AXIS2_PLACEMENT_3D ( 'NONE', #616, #1830, #256 ) ;
#563 = AXIS2_PLACEMENT_3D ( 'NONE', #266, #1077, #2441 ) ;
#564 = DIRECTION ( 'NONE',  ( 1.000000000000000000, 0.000000000000000000, 0.000000000000000000 ) ) ;
#565 = EDGE_LOOP ( 'NONE', ( #1462, #556, #330, #296 ) ) ;
#566 = CARTESIAN_POINT ( 'NONE',  ( 65.44999999999998863, -9.000000000000000000, 6.400000000000000355 ) ) ;
#567 = CYLINDRICAL_SURFACE ( 'NONE', #447, 1.500000000000000444 ) ;
#568 = EDGE_CURVE ( 'NONE', #893, #882, #733, .T. ) ;
#569 = ORIENTED_EDGE ( 'NONE', *, *, #429, .T. ) ;
#570 = CIRCLE ( 'NONE', #1666, 2.000000000000001776 ) ;
#571 = LINE ( 'NONE', #1953, #1118 ) ;
#572 = VECTOR ( 'NONE', #2565, 1000.000000000000000 ) ;
#573 = DIRECTION ( 'NONE',  ( 0.000000000000000000, 1.000000000000000000, 0.000000000000000000 ) ) ;
#574 = FACE_OUTER_BOUND ( 'NONE', #1600, .T. ) ;
#575 = EDGE_CURVE ( 'NONE', #1960, #2260, #1984, .T. ) ;
#576 = DIRECTION ( 'NONE',  ( -0.000000000000000000, -0.000000000000000000, 1.000000000000000000 ) ) ;
#577 = VERTEX_POINT ( 'NONE', #998 ) ;
#578 = LINE ( 'NONE', #2344, #1746 ) ;
#579 = DIRECTION ( 'NONE',  ( 0.000000000000000000, 1.000000000000000000, 0.000000000000000000 ) ) ;
#580 = CARTESIAN_POINT ( 'NONE',  ( 18.00000000000000000, -10.00000000000000000, 0.8000000000000000444 ) ) ;
#581 = ORIENTED_EDGE ( 'NONE', *, *, #1499, .T. ) ;
#582 = DIRECTION ( 'NONE',  ( 0.000000000000000000, 0.000000000000000000, 1.000000000000000000 ) ) ;
#583 = DIRECTION ( 'NONE',  ( 1.000000000000000000, 0.000000000000000000, 0.000000000000000000 ) ) ;
#584 = EDGE_CURVE ( 'NONE', #577, #65, #254, .T. ) ;
#585 = CARTESIAN_POINT ( 'NONE',  ( 13.00000000000000000, 5.000000000000000000, 14.00000000000000000 ) ) ;
#586 = DIRECTION ( 'NONE',  ( 0.000000000000000000, 0.000000000000000000, 1.000000000000000000 ) ) ;
#587 = DIRECTION ( 'NONE',  ( 1.000000000000000000, 0.000000000000000000, 0.000000000000000000 ) ) ;
#588 = EDGE_CURVE ( 'NONE', #2145, #787, #6, .T. ) ;
#589 = ORIENTED_EDGE ( 'NONE', *, *, #1188, .T. ) ;
#590 = ORIENTED_EDGE ( 'NONE', *, *, #2390, .F. ) ;
#591 = CARTESIAN_POINT ( 'NONE',  ( 61.00000000000000000, 2.500000000000000000, 3.600000000000000089 ) ) ;
#592 = CARTESIAN_POINT ( 'NONE',  ( 45.00000000000000000, -4.500000000000000000, 3.600000000000000089 ) ) ;
#593 = EDGE_LOOP ( 'NONE', ( #2518, #1095, #2094, #667 ) ) ;
#594 = DIRECTION ( 'NONE',  ( 1.000000000000000000, 0.000000000000000000, 0.000000000000000000 ) ) ;
#595 = DIRECTION ( 'NONE',  ( 0.000000000000000000, 1.000000000000000000, 0.000000000000000000 ) ) ;
#596 = CARTESIAN_POINT ( 'NONE',  ( 70.21166010488521181, -0.8800000000000268718, 6.119999999999972573 ) ) ;
#597 = CARTESIAN_POINT ( 'NONE',  ( 70.00000000000000000, -10.00000000000000000, 7.799999999999999822 ) ) ;
#598 = AXIS2_PLACEMENT_3D ( 'NONE', #2241, #2041, #259 ) ;
#599 = EDGE_CURVE ( 'NONE', #1257, #1938, #402, .T. ) ;
#600 = DIRECTION ( 'NONE',  ( 1.000000000000000000, 0.000000000000000000, 0.000000000000000000 ) ) ;
#601 = ORIENTED_EDGE ( 'NONE', *, *, #1644, .F. ) ;
#602 = DIRECTION ( 'NONE',  ( 0.000000000000000000, 0.000000000000000000, 1.000000000000000000 ) ) ;
#603 = DIRECTION ( 'NONE',  ( 0.000000000000000000, 0.000000000000000000, 1.000000000000000000 ) ) ;
#604 = DIRECTION ( 'NONE',  ( 0.000000000000000000, 1.000000000000000000, 0.000000000000000000 ) ) ;
#605 = CIRCLE ( 'NONE', #2483, 1.000000000000000000 ) ;
#606 = VERTEX_POINT ( 'NONE', #824 ) ;
#607 = CARTESIAN_POINT ( 'NONE',  ( 65.00000000000000000, -10.00000000000000000, 6.400000000000000355 ) ) ;
#608 = VECTOR ( 'NONE', #246, 1000.000000000000000 ) ;
#609 = ORIENTED_EDGE ( 'NONE', *, *, #1021, .T. ) ;
#610 = CIRCLE ( 'NONE', #861, 1.500000000000000444 ) ;
#611 = LINE ( 'NONE', #1576, #359 ) ;
#612 = CARTESIAN_POINT ( 'NONE',  ( 5.000000000000000000, -5.000000000000000000, 14.00000000000000000 ) ) ;
#613 = DIRECTION ( 'NONE',  ( 0.000000000000000000, 0.000000000000000000, 1.000000000000000000 ) ) ;
#614 = PLANE ( 'NONE',  #2307 ) ;
#615 = VERTEX_POINT ( 'NONE', #217 ) ;
#616 = CARTESIAN_POINT ( 'NONE',  ( 70.00000000000000000, 0.000000000000000000, 7.599999999999999645 ) ) ;
#617 = FACE_OUTER_BOUND ( 'NONE', #1966, .T. ) ;
#618 = DIRECTION ( 'NONE',  ( 0.000000000000000000, 0.000000000000000000, 1.000000000000000000 ) ) ;
#619 = ORIENTED_EDGE ( 'NONE', *, *, #552, .F. ) ;
#620 = LINE ( 'NONE', #2008, #450 ) ;
#621 = ADVANCED_FACE ( 'NONE', ( #19 ), #807, .T. ) ;
#622 = EDGE_LOOP ( 'NONE', ( #1372, #1585, #1482, #1469 ) ) ;
#623 = AXIS2_PLACEMENT_3D ( 'NONE', #975, #1989, #2171 ) ;
#624 = CARTESIAN_POINT ( 'NONE',  ( 5.000000000000000000, 5.000000000000000000, 14.00000000000000000 ) ) ;
#625 = VECTOR ( 'NONE', #39, 1000.000000000000000 ) ;
#626 = CYLINDRICAL_SURFACE ( 'NONE', #114, 1.700000000000000178 ) ;
#627 = ORIENTED_EDGE ( 'NONE', *, *, #985, .F. ) ;
#628 = DIRECTION ( 'NONE',  ( -0.000000000000000000, -0.000000000000000000, -1.000000000000000000 ) ) ;
#629 = EDGE_CURVE ( 'NONE', #270, #2265, #1418, .T. ) ;
#630 = DIRECTION ( 'NONE',  ( 0.000000000000000000, 0.000000000000000000, 1.000000000000000000 ) ) ;
#631 = LINE ( 'NONE', #1435, #113 ) ;
#632 = ORIENTED_EDGE ( 'NONE', *, *, #1789, .T. ) ;
#633 = FACE_OUTER_BOUND ( 'NONE', #394, .T. ) ;
#634 = ORIENTED_EDGE ( 'NONE', *, *, #337, .T. ) ;
#635 = LINE ( 'NONE', #1441, #817 ) ;
#636 = CARTESIAN_POINT ( 'NONE',  ( 65.00000000000000000, -10.00000000000000000, 7.599999999999999645 ) ) ;
#637 = AXIS2_PLACEMENT_3D ( 'NONE', #1721, #1141, #304 ) ;
#638 = ORIENTED_EDGE ( 'NONE', *, *, #509, .F. ) ;
#639 = ADVANCED_FACE ( 'NONE', ( #546, #774, #2347, #2527, #336, #1535 ), #2539, .F. ) ;
#640 = CARTESIAN_POINT ( 'NONE',  ( 42.00000000000000000, -10.00000000000000000, 3.799999999999999822 ) ) ;
#641 = DIRECTION ( 'NONE',  ( 0.000000000000000000, 0.000000000000000000, 1.000000000000000000 ) ) ;
#642 = DIRECTION ( 'NONE',  ( 0.000000000000000000, 1.000000000000000000, 0.000000000000000000 ) ) ;
#643 = ORIENTED_EDGE ( 'NONE', *, *, #481, .T. ) ;
#644 = EDGE_CURVE ( 'NONE', #2104, #1701, #571, .T. ) ;
#645 = DIRECTION ( 'NONE',  ( 0.000000000000000000, 0.000000000000000000, 1.000000000000000000 ) ) ;
#646 = AXIS2_PLACEMENT_3D ( 'NONE', #636, #672, #1464 ) ;
#647 = ORIENTED_EDGE ( 'NONE', *, *, #2557, .F. ) ;
#648 = DIRECTION ( 'NONE',  ( -1.000000000000000000, 0.000000000000000000, 0.000000000000000000 ) ) ;
#649 = CARTESIAN_POINT ( 'NONE',  ( 63.00000000000000000, 4.500000000000000000, 3.600000000000000089 ) ) ;
#650 = ORIENTED_EDGE ( 'NONE', *, *, #1731, .F. ) ;
#651 = CARTESIAN_POINT ( 'NONE',  ( 63.00000000000000000, -4.500000000000000000, 4.599999999999999645 ) ) ;
#652 = EDGE_CURVE ( 'NONE', #677, #458, #364, .T. ) ;
#653 = AXIS2_PLACEMENT_3D ( 'NONE', #333, #1160, #1356 ) ;
#654 = CARTESIAN_POINT ( 'NONE',  ( 0.000000000000000000, -9.000000000000000000, 14.00000000000000000 ) ) ;
#655 = VECTOR ( 'NONE', #1758, 1000.000000000000000 ) ;
#656 = ORIENTED_EDGE ( 'NONE', *, *, #2290, .F. ) ;
#657 = FACE_OUTER_BOUND ( 'NONE', #690, .T. ) ;
#658 = ORIENTED_EDGE ( 'NONE', *, *, #755, .T. ) ;
#659 = FACE_OUTER_BOUND ( 'NONE', #398, .T. ) ;
#660 = AXIS2_PLACEMENT_3D ( 'NONE', #1009, #2202, #414 ) ;
#661 = AXIS2_PLACEMENT_3D ( 'NONE', #2403, #2155, #793 ) ;
#662 = CARTESIAN_POINT ( 'NONE',  ( 44.00000000000000000, 4.500000000000000000, 4.599999999999999645 ) ) ;
#663 = VERTEX_POINT ( 'NONE', #1788 ) ;
#664 = DIRECTION ( 'NONE',  ( 1.000000000000000000, 0.000000000000000000, 0.000000000000000000 ) ) ;
#665 = EDGE_CURVE ( 'NONE', #374, #2427, #1906, .T. ) ;
#666 = CARTESIAN_POINT ( 'NONE',  ( 70.38136573236997151, -0.7303337045290264617, 7.730333704529027017 ) ) ;
#667 = ORIENTED_EDGE ( 'NONE', *, *, #2262, .F. ) ;
#668 = DIRECTION ( 'NONE',  ( 1.000000000000000000, 0.000000000000000000, 0.000000000000000000 ) ) ;
#669 = ORIENTED_EDGE ( 'NONE', *, *, #297, .T. ) ;
#670 = DIRECTION ( 'NONE',  ( 0.000000000000000000, 1.000000000000000000, 0.000000000000000000 ) ) ;
#671 = EDGE_CURVE ( 'NONE', #370, #2547, #1575, .T. ) ;
#672 = DIRECTION ( 'NONE',  ( 0.000000000000000000, 0.000000000000000000, 1.000000000000000000 ) ) ;
#673 = EDGE_LOOP ( 'NONE', ( #234, #908, #1161, #643 ) ) ;
#674 = CARTESIAN_POINT ( 'NONE',  ( 46.00000000000000000, -4.500000000000000000, 4.599999999999999645 ) ) ;
#675 = FACE_OUTER_BOUND ( 'NONE', #2216, .T. ) ;
#676 = ORIENTED_EDGE ( 'NONE', *, *, #979, .T. ) ;
#677 = VERTEX_POINT ( 'NONE', #761 ) ;
#678 = AXIS2_PLACEMENT_3D ( 'NONE', #1918, #1353, #2142 ) ;
#679 = CARTESIAN_POINT ( 'NONE',  ( 69.47084973778700601, -10.00000000000000000, 6.400000000000000355 ) ) ;
#680 = ORIENTED_EDGE ( 'NONE', *, *, #1096, .T. ) ;
#681 = VECTOR ( 'NONE', #2198, 1000.000000000000000 ) ;
#682 = AXIS2_PLACEMENT_3D ( 'NONE', #826, #2351, #564 ) ;
#683 = CIRCLE ( 'NONE', #277, 1.700000000000000178 ) ;
#684 = DIRECTION ( 'NONE',  ( 1.000000000000000000, 0.000000000000000000, 0.000000000000000000 ) ) ;
#685 = DIRECTION ( 'NONE',  ( 0.000000000000000000, 0.000000000000000000, 1.000000000000000000 ) ) ;
#686 = ORIENTED_EDGE ( 'NONE', *, *, #251, .F. ) ;
#687 = AXIS2_PLACEMENT_3D ( 'NONE', #325, #105, #534 ) ;
#688 = DIRECTION ( 'NONE',  ( 1.000000000000000000, 0.000000000000000000, 0.000000000000000000 ) ) ;
#689 = CARTESIAN_POINT ( 'NONE',  ( 70.19704603979066349, -0.7999999999999974909, 7.799999999999998046 ) ) ;
#690 = EDGE_LOOP ( 'NONE', ( #16, #1676, #491, #871, #2564, #1039, #249 ) ) ;
#691 = ORIENTED_EDGE ( 'NONE', *, *, #2472, .F. ) ;
#692 = CARTESIAN_POINT ( 'NONE',  ( 75.00000000000000000, -9.000000000000000000, 0.000000000000000000 ) ) ;
#693 = ORIENTED_EDGE ( 'NONE', *, *, #2032, .T. ) ;
#694 = EDGE_CURVE ( 'NONE', #615, #1425, #154, .T. ) ;
#695 = CARTESIAN_POINT ( 'NONE',  ( 46.00000000000000000, -4.500000000000000000, 3.600000000000000089 ) ) ;
#696 = LINE ( 'NONE', #1098, #541 ) ;
#697 = EDGE_LOOP ( 'NONE', ( #2543, #749, #953, #1465, #2499, #1854, #535 ) ) ;
#698 = LINE ( 'NONE', #1492, #1437 ) ;
#699 = CLOSED_SHELL ( 'NONE', ( #1176, #2440, #863, #372, #1071, #999, #2180, #902, #621, #2361, #244, #1389, #2341, #1939, #299, #195, #1908, #2020, #2383, #2056, #377, #798, #1343, #841, #846, #1603, #2012, #1934, #1290, #2514, #2239, #1991, #1834, #2176, #1203, #738, #1844, #488, #130, #2213, #2110, #1049, #452, #516, #27, #937, #1109, #2024, #1546, #1716, #349, #2097, #1571, #1277, #1979, #1679, #276, #707, #1061, #850, #1449, #639, #439, #2491, #1553, #456, #2529, #2141, #463, #365, #2566, #1896, #720, #2224, #1307, #874, #1209, #2220, #2504, #320, #751, #1838, #814, #2579 ) ) ;
#700 = DIRECTION ( 'NONE',  ( 0.000000000000000000, 0.000000000000000000, 1.000000000000000000 ) ) ;
#701 = AXIS2_PLACEMENT_3D ( 'NONE', #558, #1982, #1969 ) ;
#702 = ORIENTED_EDGE ( 'NONE', *, *, #1670, .F. ) ;
#703 = ORIENTED_EDGE ( 'NONE', *, *, #2498, .T. ) ;
#704 = EDGE_CURVE ( 'NONE', #1829, #1701, #1699, .T. ) ;
#705 = CARTESIAN_POINT ( 'NONE',  ( 75.00000000000000000, 9.000000000000000000, 6.400000000000000355 ) ) ;
#706 = EDGE_LOOP ( 'NONE', ( #719, #669, #13, #2353 ) ) ;
#707 = ADVANCED_FACE ( 'NONE', ( #1558 ), #2175, .T. ) ;
#708 = AXIS2_PLACEMENT_3D ( 'NONE', #1178, #368, #1365 ) ;
#709 = CARTESIAN_POINT ( 'NONE',  ( 75.00000000000000000, -9.000000000000000000, 6.400000000000000355 ) ) ;
#710 = FACE_OUTER_BOUND ( 'NONE', #1689, .T. ) ;
#711 = ORIENTED_EDGE ( 'NONE', *, *, #1592, .F. ) ;
#712 = CARTESIAN_POINT ( 'NONE',  ( 0.000000000000000000, -9.000000000000000000, 0.000000000000000000 ) ) ;
#713 = DIRECTION ( 'NONE',  ( 1.000000000000000000, 0.000000000000000000, 0.000000000000000000 ) ) ;
#714 = EDGE_CURVE ( 'NONE', #326, #188, #1547, .T. ) ;
#715 = ORIENTED_EDGE ( 'NONE', *, *, #835, .T. ) ;
#716 = EDGE_LOOP ( 'NONE', ( #638, #76, #1675, #1837, #346, #702, #1810, #1762 ) ) ;
#717 = DIRECTION ( 'NONE',  ( 0.000000000000000000, 1.000000000000000000, 0.000000000000000000 ) ) ;
#718 = CIRCLE ( 'NONE', #1886, 1.500000000000000444 ) ;
#719 = ORIENTED_EDGE ( 'NONE', *, *, #714, .F. ) ;
#720 = ADVANCED_FACE ( 'NONE', ( #1388 ), #388, .F. ) ;
#721 = SHAPE_DEFINITION_REPRESENTATION ( #1122, #966 ) ;
#722 = EDGE_CURVE ( 'NONE', #65, #1742, #375, .T. ) ;
#723 = LINE ( 'NONE', #350, #1775 ) ;
#724 = DIRECTION ( 'NONE',  ( 1.000000000000000000, 0.000000000000000000, 0.000000000000000000 ) ) ;
#725 = AXIS2_PLACEMENT_3D ( 'NONE', #2464, #2010, #1269 ) ;
#726 = ORIENTED_EDGE ( 'NONE', *, *, #1516, .F. ) ;
#727 = DIRECTION ( 'NONE',  ( 1.000000000000000000, 0.000000000000000000, 0.000000000000000000 ) ) ;
#728 = VECTOR ( 'NONE', #2248, 1000.000000000000000 ) ;
#729 = CARTESIAN_POINT ( 'NONE',  ( 65.44999999999899387, -9.000000000000000000, 7.599999999999999645 ) ) ;
#730 = EDGE_CURVE ( 'NONE', #1624, #1945, #778, .T. ) ;
#731 = ORIENTED_EDGE ( 'NONE', *, *, #1215, .T. ) ;
#732 = CARTESIAN_POINT ( 'NONE',  ( 69.47084973778700601, 0.5999999999999149347, 7.599999999999999645 ) ) ;
#733 = CIRCLE ( 'NONE', #1324, 1.000000000000000000 ) ;
#734 = CARTESIAN_POINT ( 'NONE',  ( 48.00000000000000000, -4.500000000000000000, 3.600000000000000089 ) ) ;
#735 = VERTEX_POINT ( 'NONE', #194 ) ;
#736 = CARTESIAN_POINT ( 'NONE',  ( 13.00000000000000000, 5.000000000000000000, 14.00000000000000000 ) ) ;
#737 = EDGE_CURVE ( 'NONE', #1631, #2068, #1787, .T. ) ;
#738 = ADVANCED_FACE ( 'NONE', ( #938 ), #347, .F. ) ;
#739 = DIRECTION ( 'NONE',  ( 0.000000000000000000, 0.000000000000000000, 1.000000000000000000 ) ) ;
#740 = CARTESIAN_POINT ( 'NONE',  ( 46.00000000000000000, 5.500000000000000888, 3.600000000000000089 ) ) ;
#741 = VERTEX_POINT ( 'NONE', #1728 ) ;
#742 = DIRECTION ( 'NONE',  ( 0.000000000000000000, 0.000000000000000000, 1.000000000000000000 ) ) ;
#743 = FACE_OUTER_BOUND ( 'NONE', #335, .T. ) ;
#744 = EDGE_LOOP ( 'NONE', ( #2409, #2276, #2463, #1103 ) ) ;
#745 = LINE ( 'NONE', #163, #1935 ) ;
#746 = CIRCLE ( 'NONE', #2209, 0.7999999999999951594 ) ;
#747 = AXIS2_PLACEMENT_3D ( 'NONE', #2542, #2178, #183 ) ;
#748 = CYLINDRICAL_SURFACE ( 'NONE', #1786, 1.700000000000000178 ) ;
#749 = ORIENTED_EDGE ( 'NONE', *, *, #755, .F. ) ;
#750 = DIRECTION ( 'NONE',  ( 0.000000000000000000, 1.000000000000000000, 0.000000000000000000 ) ) ;
#751 = ADVANCED_FACE ( 'NONE', ( #1743 ), #1148, .F. ) ;
#752 = AXIS2_PLACEMENT_3D ( 'NONE', #2075, #688, #1311 ) ;
#753 = ORIENTED_EDGE ( 'NONE', *, *, #2067, .T. ) ;
#754 = DIRECTION ( 'NONE',  ( 0.000000000000000000, 0.000000000000000000, 1.000000000000000000 ) ) ;
#755 = EDGE_CURVE ( 'NONE', #65, #1303, #205, .T. ) ;
#756 = DIRECTION ( 'NONE',  ( 1.000000000000000000, 0.000000000000000000, 0.000000000000000000 ) ) ;
#757 = EDGE_LOOP ( 'NONE', ( #1084, #1862, #2273, #2471 ) ) ;
#758 = CARTESIAN_POINT ( 'NONE',  ( 46.00000000000000000, 5.500000000000000888, 3.600000000000000089 ) ) ;
#759 = CYLINDRICAL_SURFACE ( 'NONE', #2326, 1.500000000000000444 ) ;
#760 = ORIENTED_EDGE ( 'NONE', *, *, #2415, .F. ) ;
#761 = CARTESIAN_POINT ( 'NONE',  ( 63.00000000000000000, 4.500000000000000000, 4.599999999999999645 ) ) ;
#762 = AXIS2_PLACEMENT_3D ( 'NONE', #522, #700, #2300 ) ;
#763 = EDGE_CURVE ( 'NONE', #208, #1647, #909, .T. ) ;
#764 = LINE ( 'NONE', #2177, #68 ) ;
#765 = DIRECTION ( 'NONE',  ( 0.000000000000000000, 0.000000000000000000, 1.000000000000000000 ) ) ;
#766 = CARTESIAN_POINT ( 'NONE',  ( 18.00000000000000000, 9.000000000000000000, 13.19999999999999929 ) ) ;
#767 = CARTESIAN_POINT ( 'NONE',  ( 70.00000000000000000, 0.000000000000000000, 14.00000000000000178 ) ) ;
#768 = EDGE_LOOP ( 'NONE', ( #82, #1812, #1368, #2182 ) ) ;
#769 = EDGE_LOOP ( 'NONE', ( #569, #1112, #274, #2580 ) ) ;
#770 = DIRECTION ( 'NONE',  ( 0.000000000000000000, 1.000000000000000000, 0.000000000000000000 ) ) ;
#771 = PLANE ( 'NONE',  #443 ) ;
#772 = ORIENTED_EDGE ( 'NONE', *, *, #1851, .F. ) ;
#773 = CIRCLE ( 'NONE', #1651, 2.000000000000001776 ) ;
#774 = FACE_BOUND ( 'NONE', #179, .T. ) ;
#775 = VECTOR ( 'NONE', #178, 1000.000000000000000 ) ;
#776 = EDGE_CURVE ( 'NONE', #1858, #2450, #1320, .T. ) ;
#777 = DIRECTION ( 'NONE',  ( 0.000000000000000000, 0.000000000000000000, 1.000000000000000000 ) ) ;
#778 = CIRCLE ( 'NONE', #1655, 1.500000000000000444 ) ;
#779 = CARTESIAN_POINT ( 'NONE',  ( 61.00000000000000000, -2.500000000000000000, 3.600000000000000089 ) ) ;
#780 = CARTESIAN_POINT ( 'NONE',  ( 65.44999999999998863, 9.000000000000000000, 6.400000000000000355 ) ) ;
#781 =( BOUNDED_CURVE ( )  B_SPLINE_CURVE ( 3, ( #2192, #596, #2206, #1747 ),
 .UNSPECIFIED., .F., .F. ) 
 B_SPLINE_CURVE_WITH_KNOTS ( ( 4, 4 ),
 ( 2.418858405776276754, 3.864326901403327241 ),
 .UNSPECIFIED. ) 
 CURVE ( )  GEOMETRIC_REPRESENTATION_ITEM ( )  RATIONAL_B_SPLINE_CURVE ( ( 1.000000000000000000, 0.8333333333332850756, 0.8333333333332850756, 1.000000000000000000 ) ) 
 REPRESENTATION_ITEM ( '' )  );
#782 = DIRECTION ( 'NONE',  ( 0.000000000000000000, 0.000000000000000000, 1.000000000000000000 ) ) ;
#783 = ORIENTED_EDGE ( 'NONE', *, *, #1768, .F. ) ;
#784 = CARTESIAN_POINT ( 'NONE',  ( 61.00000000000000000, -6.500000000000000000, 3.600000000000000089 ) ) ;
#785 = LINE ( 'NONE', #423, #2293 ) ;
#786 = LINE ( 'NONE', #1411, #608 ) ;
#787 = VERTEX_POINT ( 'NONE', #1626 ) ;
#788 = CIRCLE ( 'NONE', #2457, 1.500000000000000444 ) ;
#789 = AXIS2_PLACEMENT_3D ( 'NONE', #1796, #797, #1594 ) ;
#790 = DIRECTION ( 'NONE',  ( 0.000000000000000000, 0.000000000000000000, 1.000000000000000000 ) ) ;
#791 = EDGE_CURVE ( 'NONE', #302, #907, #620, .T. ) ;
#792 = DIRECTION ( 'NONE',  ( 1.000000000000000000, 0.000000000000000000, 0.000000000000000000 ) ) ;
#793 = DIRECTION ( 'NONE',  ( 0.000000000000000000, 0.000000000000000000, 1.000000000000000000 ) ) ;
#794 = DIRECTION ( 'NONE',  ( 1.000000000000000000, 0.000000000000000000, 0.000000000000000000 ) ) ;
#795 = LINE ( 'NONE', #1220, #192 ) ;
#796 = ORIENTED_EDGE ( 'NONE', *, *, #161, .T. ) ;
#797 = DIRECTION ( 'NONE',  ( 0.000000000000000000, 1.000000000000000000, 0.000000000000000000 ) ) ;
#798 = ADVANCED_FACE ( 'NONE', ( #633 ), #1438, .T. ) ;
#799 = DIRECTION ( 'NONE',  ( 0.000000000000000000, 1.000000000000000000, 0.000000000000000000 ) ) ;
#800 = LINE ( 'NONE', #831, #992 ) ;
#801 = EDGE_LOOP ( 'NONE', ( #772, #2103, #314, #1910 ) ) ;
#802 = CARTESIAN_POINT ( 'NONE',  ( 45.00000000000000000, -4.500000000000000000, 4.599999999999999645 ) ) ;
#803 = ORIENTED_EDGE ( 'NONE', *, *, #109, .F. ) ;
#804 = SURFACE_STYLE_FILL_AREA ( #2541 ) ;
#805 = CARTESIAN_POINT ( 'NONE',  ( 75.00000000000000000, -9.000000000000000000, 14.00000000000000000 ) ) ;
#806 = EDGE_CURVE ( 'NONE', #924, #1662, #2124, .T. ) ;
#807 = PLANE ( 'NONE',  #2196 ) ;
#808 = CIRCLE ( 'NONE', #272, 1.000000000000000000 ) ;
#809 = CYLINDRICAL_SURFACE ( 'NONE', #1319, 1.499999999999999556 ) ;
#810 = EDGE_LOOP ( 'NONE', ( #261, #461 ) ) ;
#811 = AXIS2_PLACEMENT_3D ( 'NONE', #1394, #1170, #176 ) ;
#812 = DIRECTION ( 'NONE',  ( 0.000000000000000000, 0.000000000000000000, 1.000000000000000000 ) ) ;
#813 = AXIS2_PLACEMENT_3D ( 'NONE', #2181, #1817, #1167 ) ;
#814 = ADVANCED_FACE ( 'NONE', ( #2448 ), #53, .F. ) ;
#815 = FACE_BOUND ( 'NONE', #1448, .T. ) ;
#816 = DIRECTION ( 'NONE',  ( 0.000000000000000000, 0.000000000000000000, 1.000000000000000000 ) ) ;
#817 = VECTOR ( 'NONE', #2233, 1000.000000000000000 ) ;
#818 = ORIENTED_EDGE ( 'NONE', *, *, #1954, .T. ) ;
#819 = CIRCLE ( 'NONE', #859, 2.000000000000001776 ) ;
#820 = CARTESIAN_POINT ( 'NONE',  ( 69.80295396020933651, -0.7999999999999974909, 7.799999999999997158 ) ) ;
#821 = VECTOR ( 'NONE', #2493, 1000.000000000000000 ) ;
#822 = VERTEX_POINT ( 'NONE', #2019 ) ;
#823 = CARTESIAN_POINT ( 'NONE',  ( 61.00000000000000000, 4.500000000000000000, 3.600000000000000089 ) ) ;
#824 = CARTESIAN_POINT ( 'NONE',  ( 47.73205080756887497, -6.500000000000000000, 4.599999999999999645 ) ) ;
#825 = EDGE_CURVE ( 'NONE', #2243, #2162, #788, .T. ) ;
#826 = CARTESIAN_POINT ( 'NONE',  ( 46.00000000000000000, -4.500000000000000000, 3.600000000000000089 ) ) ;
#827 = EDGE_LOOP ( 'NONE', ( #1543, #219, #1932, #1147 ) ) ;
#828 = LINE ( 'NONE', #58, #2354 ) ;
#829 = EDGE_CURVE ( 'NONE', #1724, #1507, #2333, .T. ) ;
#830 = CARTESIAN_POINT ( 'NONE',  ( 61.00000000000000000, -4.500000000000000000, 3.600000000000000089 ) ) ;
#831 = CARTESIAN_POINT ( 'NONE',  ( 46.00000000000000000, -6.500000000000000000, 3.600000000000000089 ) ) ;
#832 = EDGE_LOOP ( 'NONE', ( #100, #387, #2424, #726, #1702, #1639 ) ) ;
#833 = DIRECTION ( 'NONE',  ( 1.000000000000000000, 0.000000000000000000, 0.000000000000000000 ) ) ;
#834 = ORIENTED_EDGE ( 'NONE', *, *, #33, .T. ) ;
#835 = EDGE_CURVE ( 'NONE', #1519, #1102, #1050, .T. ) ;
#836 = DIRECTION ( 'NONE',  ( 0.000000000000000000, 0.000000000000000000, 1.000000000000000000 ) ) ;
#837 = AXIS2_PLACEMENT_3D ( 'NONE', #433, #1674, #1686 ) ;
#838 = FACE_OUTER_BOUND ( 'NONE', #88, .T. ) ;
#839 = ORIENTED_EDGE ( 'NONE', *, *, #109, .T. ) ;
#840 = DIRECTION ( 'NONE',  ( 1.000000000000000000, 0.000000000000000000, 0.000000000000000000 ) ) ;
#841 = ADVANCED_FACE ( 'NONE', ( #1995 ), #401, .T. ) ;
#842 = AXIS2_PLACEMENT_3D ( 'NONE', #159, #2129, #1946 ) ;
#843 = DIRECTION ( 'NONE',  ( 1.000000000000000000, 0.000000000000000000, 0.000000000000000000 ) ) ;
#844 = CARTESIAN_POINT ( 'NONE',  ( 42.00000000000000000, -9.000000000000000000, 0.8000000000000000444 ) ) ;
#845 = ORIENTED_EDGE ( 'NONE', *, *, #2312, .F. ) ;
#846 = ADVANCED_FACE ( 'NONE', ( #262 ), #1060, .T. ) ;
#847 = DIRECTION ( 'NONE',  ( 0.000000000000000000, 0.000000000000000000, 1.000000000000000000 ) ) ;
#848 = ORIENTED_EDGE ( 'NONE', *, *, #2375, .F. ) ;
#849 = DIRECTION ( 'NONE',  ( 1.000000000000000000, 0.000000000000000000, 0.000000000000000000 ) ) ;
#850 = ADVANCED_FACE ( 'NONE', ( #657 ), #225, .T. ) ;
#851 = DIRECTION ( 'NONE',  ( 0.000000000000000000, 0.000000000000000000, 1.000000000000000000 ) ) ;
#852 = CIRCLE ( 'NONE', #2555, 0.8000000000000003775 ) ;
#853 = ORIENTED_EDGE ( 'NONE', *, *, #2472, .T. ) ;
#854 = CARTESIAN_POINT ( 'NONE',  ( 46.00000000000000000, 6.500000000000000000, 4.599999999999999645 ) ) ;
#855 = CARTESIAN_POINT ( 'NONE',  ( 70.52915026221299399, 9.000000000000000000, 7.599999999999999645 ) ) ;
#856 = ORIENTED_EDGE ( 'NONE', *, *, #806, .T. ) ;
#857 = DIRECTION ( 'NONE',  ( 0.000000000000000000, 0.000000000000000000, 1.000000000000000000 ) ) ;
#858 = ORIENTED_EDGE ( 'NONE', *, *, #2429, .F. ) ;
#859 = AXIS2_PLACEMENT_3D ( 'NONE', #1052, #2023, #2036 ) ;
#860 = DIRECTION ( 'NONE',  ( 0.000000000000000000, 1.000000000000000000, 0.000000000000000000 ) ) ;
#861 = AXIS2_PLACEMENT_3D ( 'NONE', #327, #754, #353 ) ;
#862 = CIRCLE ( 'NONE', #2321, 2.000000000000001776 ) ;
#863 = ADVANCED_FACE ( 'NONE', ( #1414 ), #210, .F. ) ;
#864 = FACE_OUTER_BOUND ( 'NONE', #2223, .T. ) ;
#865 = ORIENTED_EDGE ( 'NONE', *, *, #1903, .T. ) ;
#866 = DIRECTION ( 'NONE',  ( 1.000000000000000000, 0.000000000000000000, 0.000000000000000000 ) ) ;
#867 = CARTESIAN_POINT ( 'NONE',  ( 0.000000000000000000, -9.000000000000000000, 0.000000000000000000 ) ) ;
#868 = VERTEX_POINT ( 'NONE', #286 ) ;
#869 = ORIENTED_EDGE ( 'NONE', *, *, #561, .T. ) ;
#870 = DIRECTION ( 'NONE',  ( 0.000000000000000000, 0.000000000000000000, 1.000000000000000000 ) ) ;
#871 = ORIENTED_EDGE ( 'NONE', *, *, #1042, .F. ) ;
#872 = EDGE_CURVE ( 'NONE', #787, #1412, #2000, .T. ) ;
#873 = CARTESIAN_POINT ( 'NONE',  ( 0.000000000000000000, -9.000000000000000000, 14.00000000000000000 ) ) ;
#874 = ADVANCED_FACE ( 'NONE', ( #1072 ), #2256, .F. ) ;
#875 = AXIS2_PLACEMENT_3D ( 'NONE', #1484, #2488, #2266 ) ;
#876 = CIRCLE ( 'NONE', #2167, 1.499999999999999556 ) ;
#877 = LINE ( 'NONE', #1232, #2272 ) ;
#878 = ORIENTED_EDGE ( 'NONE', *, *, #1865, .T. ) ;
#879 = DIRECTION ( 'NONE',  ( -0.000000000000000000, -0.000000000000000000, -1.000000000000000000 ) ) ;
#880 = DIRECTION ( 'NONE',  ( -0.000000000000000000, -0.000000000000000000, 1.000000000000000000 ) ) ;
#881 = ORIENTED_EDGE ( 'NONE', *, *, #1863, .T. ) ;
#882 = VERTEX_POINT ( 'NONE', #1510 ) ;
#883 = CARTESIAN_POINT ( 'NONE',  ( 46.00000000000000000, -4.500000000000000000, 3.600000000000000089 ) ) ;
#884 = ORIENTED_EDGE ( 'NONE', *, *, #362, .T. ) ;
#885 = CARTESIAN_POINT ( 'NONE',  ( 0.000000000000000000, 0.000000000000000000, 0.000000000000000000 ) ) ;
#886 = FACE_OUTER_BOUND ( 'NONE', #706, .T. ) ;
#887 = EDGE_CURVE ( 'NONE', #2250, #500, #1860, .T. ) ;
#888 = CARTESIAN_POINT ( 'NONE',  ( 46.00000000000000000, -6.500000000000000000, 3.600000000000000089 ) ) ;
#889 = ORIENTED_EDGE ( 'NONE', *, *, #1500, .T. ) ;
#890 = DIRECTION ( 'NONE',  ( -0.000000000000000000, -0.000000000000000000, 1.000000000000000000 ) ) ;
#891 = LINE ( 'NONE', #867, #376 ) ;
#892 = ORIENTED_EDGE ( 'NONE', *, *, #1413, .T. ) ;
#893 = VERTEX_POINT ( 'NONE', #513 ) ;
#894 = EDGE_CURVE ( 'NONE', #289, #431, #746, .T. ) ;
#895 = VERTEX_POINT ( 'NONE', #77 ) ;
#896 = CIRCLE ( 'NONE', #1480, 2.000000000000001776 ) ;
#897 = VECTOR ( 'NONE', #1512, 1000.000000000000000 ) ;
#898 = AXIS2_PLACEMENT_3D ( 'NONE', #1041, #860, #836 ) ;
#899 = CARTESIAN_POINT ( 'NONE',  ( 45.00000000000000000, -4.500000000000000000, 4.599999999999999645 ) ) ;
#900 = LINE ( 'NONE', #143, #2109 ) ;
#901 = ORIENTED_EDGE ( 'NONE', *, *, #411, .T. ) ;
#902 = ADVANCED_FACE ( 'NONE', ( #1703 ), #1461, .T. ) ;
#903 = VECTOR ( 'NONE', #12, 1000.000000000000000 ) ;
#904 = CARTESIAN_POINT ( 'NONE',  ( 44.00000000000000000, -4.500000000000000000, 3.600000000000000089 ) ) ;
#905 = PLANE ( 'NONE',  #348 ) ;
#906 = EDGE_CURVE ( 'NONE', #2346, #1328, #1911, .T. ) ;
#907 = VERTEX_POINT ( 'NONE', #1497 ) ;
#908 = ORIENTED_EDGE ( 'NONE', *, *, #71, .F. ) ;
#909 = CIRCLE ( 'NONE', #1574, 1.700000000000000178 ) ;
#910 = DIRECTION ( 'NONE',  ( 1.000000000000000000, 0.000000000000000000, 0.000000000000000000 ) ) ;
#911 = EDGE_LOOP ( 'NONE', ( #1554, #465, #2447, #30 ) ) ;
#912 = PRODUCT_CONTEXT ( 'NONE', #155, 'mechanical' ) ;
#913 = EDGE_CURVE ( 'NONE', #1494, #1519, #1291, .T. ) ;
#914 = LINE ( 'NONE', #300, #2149 ) ;
#915 = CYLINDRICAL_SURFACE ( 'NONE', #363, 0.8000000000000003775 ) ;
#916 = EDGE_LOOP ( 'NONE', ( #524, #511, #865, #656 ) ) ;
#917 = FACE_OUTER_BOUND ( 'NONE', #2228, .T. ) ;
#918 = AXIS2_PLACEMENT_3D ( 'NONE', #674, #879, #1088 ) ;
#919 = DIRECTION ( 'NONE',  ( 0.000000000000000000, 0.000000000000000000, 1.000000000000000000 ) ) ;
#920 = AXIS2_PLACEMENT_3D ( 'NONE', #11, #2422, #1963 ) ;
#921 = VERTEX_POINT ( 'NONE', #705 ) ;
#922 = EDGE_CURVE ( 'NONE', #1643, #2144, #1663, .T. ) ;
#923 = EDGE_LOOP ( 'NONE', ( #2460, #2119, #97, #112 ) ) ;
#924 = VERTEX_POINT ( 'NONE', #2055 ) ;
#925 = DIRECTION ( 'NONE',  ( 0.000000000000000000, 0.000000000000000000, 1.000000000000000000 ) ) ;
#926 = EDGE_CURVE ( 'NONE', #907, #499, #1278, .T. ) ;
#927 = FACE_OUTER_BOUND ( 'NONE', #2381, .T. ) ;
#928 = CARTESIAN_POINT ( 'NONE',  ( 61.00000000000000000, 4.500000000000000000, 4.599999999999999645 ) ) ;
#929 = ORIENTED_EDGE ( 'NONE', *, *, #1106, .F. ) ;
#930 = PLANE ( 'NONE',  #842 ) ;
#931 = LINE ( 'NONE', #2130, #2143 ) ;
#932 = EDGE_LOOP ( 'NONE', ( #974, #1407, #2393, #632 ) ) ;
#933 = CARTESIAN_POINT ( 'NONE',  ( 42.00000000000000000, -10.00000000000000000, 0.8000000000000000444 ) ) ;
#934 = CARTESIAN_POINT ( 'NONE',  ( 70.00000000000000000, -10.00000000000000000, 7.000000000000000000 ) ) ;
#935 = VECTOR ( 'NONE', #1467, 1000.000000000000000 ) ;
#936 = EDGE_LOOP ( 'NONE', ( #2574, #1948, #2349, #1498 ) ) ;
#937 = ADVANCED_FACE ( 'NONE', ( #127 ), #1083, .F. ) ;
#938 = FACE_OUTER_BOUND ( 'NONE', #124, .T. ) ;
#939 = DIRECTION ( 'NONE',  ( 1.000000000000000000, 0.000000000000000000, 0.000000000000000000 ) ) ;
#940 = EDGE_CURVE ( 'NONE', #90, #1476, #1884, .T. ) ;
#941 = CARTESIAN_POINT ( 'NONE',  ( 46.00000000000000000, 4.500000000000000000, 3.600000000000000089 ) ) ;
#942 = DIRECTION ( 'NONE',  ( 1.000000000000000000, 0.000000000000000000, 0.000000000000000000 ) ) ;
#943 = ORIENTED_EDGE ( 'NONE', *, *, #2037, .F. ) ;
#944 = FACE_OUTER_BOUND ( 'NONE', #622, .T. ) ;
#945 = EDGE_CURVE ( 'NONE', #2250, #2480, #2118, .T. ) ;
#946 = CIRCLE ( 'NONE', #1820, 1.000000000000000000 ) ;
#947 = LINE ( 'NONE', #551, #1811 ) ;
#948 = VECTOR ( 'NONE', #412, 1000.000000000000000 ) ;
#949 = ORIENTED_EDGE ( 'NONE', *, *, #1659, .T. ) ;
#950 = LINE ( 'NONE', #1740, #1892 ) ;
#951 = VECTOR ( 'NONE', #1339, 1000.000000000000000 ) ;
#952 = DIRECTION ( 'NONE',  ( -0.000000000000000000, -0.000000000000000000, 1.000000000000000000 ) ) ;
#953 = ORIENTED_EDGE ( 'NONE', *, *, #584, .F. ) ;
#954 = DIRECTION ( 'NONE',  ( 0.000000000000000000, 0.000000000000000000, 1.000000000000000000 ) ) ;
#955 = EDGE_CURVE ( 'NONE', #924, #1494, #323, .T. ) ;
#956 = FACE_OUTER_BOUND ( 'NONE', #1615, .T. ) ;
#957 = CARTESIAN_POINT ( 'NONE',  ( 59.26794919243111792, 5.499999999999999112, 3.600000000000000089 ) ) ;
#958 = ORIENTED_EDGE ( 'NONE', *, *, #2415, .T. ) ;
#959 = CARTESIAN_POINT ( 'NONE',  ( 61.00000000000000000, 4.500000000000000000, 3.600000000000000089 ) ) ;
#960 = DIRECTION ( 'NONE',  ( 0.000000000000000000, 1.000000000000000000, 0.000000000000000000 ) ) ;
#961 = ORIENTED_EDGE ( 'NONE', *, *, #384, .F. ) ;
#962 = ORIENTED_EDGE ( 'NONE', *, *, #1442, .F. ) ;
#963 = VECTOR ( 'NONE', #1997, 1000.000000000000000 ) ;
#964 = DIRECTION ( 'NONE',  ( 0.000000000000000000, 1.000000000000000000, 0.000000000000000000 ) ) ;
#965 = ORIENTED_EDGE ( 'NONE', *, *, #84, .T. ) ;
#966 = ADVANCED_BREP_SHAPE_REPRESENTATION ( 'W1_SEMI_NANO_RevA', ( #2453, #2063 ), #2151 ) ;
#967 = CARTESIAN_POINT ( 'NONE',  ( 0.000000000000000000, -9.000000000000000000, 0.000000000000000000 ) ) ;
#968 = CIRCLE ( 'NONE', #503, 1.000000000000000000 ) ;
#969 = DIRECTION ( 'NONE',  ( 0.000000000000000000, 0.000000000000000000, -1.000000000000000000 ) ) ;
#970 = CARTESIAN_POINT ( 'NONE',  ( 69.47084973778700601, -9.000000000000000000, 7.599999999999999645 ) ) ;
#971 = VERTEX_POINT ( 'NONE', #2093 ) ;
#972 = DIRECTION ( 'NONE',  ( 0.000000000000000000, 0.000000000000000000, 1.000000000000000000 ) ) ;
#973 = LINE ( 'NONE', #1779, #1975 ) ;
#974 = ORIENTED_EDGE ( 'NONE', *, *, #1495, .F. ) ;
#975 = CARTESIAN_POINT ( 'NONE',  ( 18.00000000000000000, -9.000000000000000000, 11.70000000000000107 ) ) ;
#976 = LINE ( 'NONE', #1569, #2045 ) ;
#977 = FACE_OUTER_BOUND ( 'NONE', #2305, .T. ) ;
#978 = ORIENTED_EDGE ( 'NONE', *, *, #1922, .F. ) ;
#979 = EDGE_CURVE ( 'NONE', #895, #2068, #464, .T. ) ;
#980 = CARTESIAN_POINT ( 'NONE',  ( 5.000000000000000000, 5.000000000000000000, 14.00000000000000000 ) ) ;
#981 = CARTESIAN_POINT ( 'NONE',  ( 32.50000000000000000, -9.000000000000000000, 7.599999999999999645 ) ) ;
#982 = DIRECTION ( 'NONE',  ( 0.000000000000000000, 0.000000000000000000, -1.000000000000000000 ) ) ;
#983 = AXIS2_PLACEMENT_3D ( 'NONE', #695, #493, #142 ) ;
#984 = CARTESIAN_POINT ( 'NONE',  ( 45.00000000000000000, -4.500000000000000000, 3.600000000000000089 ) ) ;
#985 = EDGE_CURVE ( 'NONE', #924, #1519, #1897, .T. ) ;
#986 = ORIENTED_EDGE ( 'NONE', *, *, #1744, .F. ) ;
#987 = DIRECTION ( 'NONE',  ( 0.000000000000000000, 0.000000000000000000, 1.000000000000000000 ) ) ;
#988 = DIRECTION ( 'NONE',  ( 1.000000000000000000, -0.000000000000000000, 0.000000000000000000 ) ) ;
#989 = EDGE_CURVE ( 'NONE', #1867, #1357, #2449, .T. ) ;
#990 = DIRECTION ( 'NONE',  ( 0.000000000000000000, 0.000000000000000000, 1.000000000000000000 ) ) ;
#991 = ORIENTED_EDGE ( 'NONE', *, *, #1738, .F. ) ;
#992 = VECTOR ( 'NONE', #1635, 1000.000000000000000 ) ;
#993 = DIRECTION ( 'NONE',  ( 1.000000000000000000, 0.000000000000000000, 0.000000000000000000 ) ) ;
#994 = VECTOR ( 'NONE', #2548, 1000.000000000000000 ) ;
#995 = DIRECTION ( 'NONE',  ( 1.000000000000000000, 0.000000000000000000, 0.000000000000000000 ) ) ;
#996 = AXIS2_PLACEMENT_3D ( 'NONE', #1773, #1, #790 ) ;
#997 = DIRECTION ( 'NONE',  ( 0.000000000000000000, 1.000000000000000000, 0.000000000000000000 ) ) ;
#998 = CARTESIAN_POINT ( 'NONE',  ( 70.00000000000000000, 0.8000000000000003775, 7.799999999999999822 ) ) ;
#999 = ADVANCED_FACE ( 'NONE', ( #138 ), #748, .F. ) ;
#1000 = DIRECTION ( 'NONE',  ( 0.000000000000000000, 0.000000000000000000, 1.000000000000000000 ) ) ;
#1001 = EDGE_LOOP ( 'NONE', ( #1719, #2303, #834 ) ) ;
#1002 = CARTESIAN_POINT ( 'NONE',  ( 46.00000000000000000, -6.500000000000000000, 14.00000000000000000 ) ) ;
#1003 = CARTESIAN_POINT ( 'NONE',  ( 70.00000000000000000, -10.00000000000000000, 7.000000000000000000 ) ) ;
#1004 = CARTESIAN_POINT ( 'NONE',  ( 61.00000000000000000, -5.500000000000000000, 3.600000000000000089 ) ) ;
#1005 = ORIENTED_EDGE ( 'NONE', *, *, #1774, .F. ) ;
#1006 = AXIS2_PLACEMENT_3D ( 'NONE', #1256, #857, #1649 ) ;
#1007 = AXIS2_PLACEMENT_3D ( 'NONE', #1770, #410, #2214 ) ;
#1008 = AXIS2_PLACEMENT_3D ( 'NONE', #1223, #1408, #2015 ) ;
#1009 = CARTESIAN_POINT ( 'NONE',  ( 5.000000000000000000, -5.000000000000000000, -1.000000000000000000 ) ) ;
#1010 = CARTESIAN_POINT ( 'NONE',  ( 46.00000000000000000, -6.500000000000000000, 4.599999999999999645 ) ) ;
#1011 = DIRECTION ( 'NONE',  ( 1.000000000000000000, 0.000000000000000000, 0.000000000000000000 ) ) ;
#1012 = DIRECTION ( 'NONE',  ( 0.000000000000000000, 1.000000000000000000, 0.000000000000000000 ) ) ;
#1013 = EDGE_CURVE ( 'NONE', #1885, #94, #1544, .T. ) ;
#1014 = DIRECTION ( 'NONE',  ( 0.000000000000000000, 0.000000000000000000, 1.000000000000000000 ) ) ;
#1015 = ORIENTED_EDGE ( 'NONE', *, *, #1222, .F. ) ;
#1016 = CARTESIAN_POINT ( 'NONE',  ( 70.52915026221299399, -0.5999999999999271472, 6.400000000000000355 ) ) ;
#1017 = CARTESIAN_POINT ( 'NONE',  ( 45.00000000000000000, 2.767949192431122807, 3.600000000000000089 ) ) ;
#1018 = DIRECTION ( 'NONE',  ( -1.000000000000000000, 0.000000000000000000, 0.000000000000000000 ) ) ;
#1019 = ORIENTED_EDGE ( 'NONE', *, *, #2148, .T. ) ;
#1020 = CARTESIAN_POINT ( 'NONE',  ( 70.00000000000000000, -0.8000000000000003775, 7.799999999999999822 ) ) ;
#1021 = EDGE_CURVE ( 'NONE', #1229, #431, #2345, .T. ) ;
#1022 = VERTEX_POINT ( 'NONE', #360 ) ;
#1023 = DIRECTION ( 'NONE',  ( 0.000000000000000000, 0.000000000000000000, -1.000000000000000000 ) ) ;
#1024 = CARTESIAN_POINT ( 'NONE',  ( 65.00000000000000000, -9.000000000000000000, 7.000000000000000000 ) ) ;
#1025 = VECTOR ( 'NONE', #146, 1000.000000000000000 ) ;
#1026 = LINE ( 'NONE', #1180, #514 ) ;
#1027 = ORIENTED_EDGE ( 'NONE', *, *, #181, .F. ) ;
#1028 = VECTOR ( 'NONE', #148, 1000.000000000000000 ) ;
#1029 = DIRECTION ( 'NONE',  ( 0.000000000000000000, 1.000000000000000000, 0.000000000000000000 ) ) ;
#1030 = AXIS2_PLACEMENT_3D ( 'NONE', #1682, #1943, #1296 ) ;
#1031 = CARTESIAN_POINT ( 'NONE',  ( 70.00000000000000000, 0.000000000000000000, 6.400000000000000355 ) ) ;
#1032 = FACE_OUTER_BOUND ( 'NONE', #832, .T. ) ;
#1033 = CIRCLE ( 'NONE', #725, 2.000000000000001776 ) ;
#1034 = ORIENTED_EDGE ( 'NONE', *, *, #1470, .T. ) ;
#1035 = EDGE_CURVE ( 'NONE', #162, #283, #1755, .T. ) ;
#1036 = CIRCLE ( 'NONE', #521, 1.500000000000000444 ) ;
#1037 = DIRECTION ( 'NONE',  ( -1.000000000000000000, 0.000000000000000000, 0.000000000000000000 ) ) ;
#1038 = VECTOR ( 'NONE', #312, 1000.000000000000000 ) ;
#1039 = ORIENTED_EDGE ( 'NONE', *, *, #186, .F. ) ;
#1040 = VECTOR ( 'NONE', #2222, 1000.000000000000000 ) ;
#1041 = CARTESIAN_POINT ( 'NONE',  ( 62.00000000000000000, -4.500000000000000000, 4.599999999999999645 ) ) ;
#1042 = EDGE_CURVE ( 'NONE', #921, #2265, #164, .T. ) ;
#1043 = CARTESIAN_POINT ( 'NONE',  ( 70.00000000000000000, 9.000000000000000000, 7.000000000000000000 ) ) ;
#1044 = ORIENTED_EDGE ( 'NONE', *, *, #251, .T. ) ;
#1045 = CARTESIAN_POINT ( 'NONE',  ( 14.69999999999999929, -5.000000000000000000, 0.000000000000000000 ) ) ;
#1046 = CARTESIAN_POINT ( 'NONE',  ( 61.00000000000000000, -4.500000000000000000, 14.00000000000000000 ) ) ;
#1047 = LINE ( 'NONE', #1809, #948 ) ;
#1048 = ORIENTED_EDGE ( 'NONE', *, *, #329, .F. ) ;
#1049 = ADVANCED_FACE ( 'NONE', ( #2134 ), #759, .F. ) ;
#1050 = LINE ( 'NONE', #2046, #332 ) ;
#1051 = VERTEX_POINT ( 'NONE', #1144 ) ;
#1052 = CARTESIAN_POINT ( 'NONE',  ( 46.00000000000000000, 4.500000000000000000, 14.00000000000000000 ) ) ;
#1053 = VECTOR ( 'NONE', #4, 1000.000000000000000 ) ;
#1054 = DIRECTION ( 'NONE',  ( 1.000000000000000000, 0.000000000000000000, 0.000000000000000000 ) ) ;
#1055 = ORIENTED_EDGE ( 'NONE', *, *, #2466, .T. ) ;
#1056 = PLANE ( 'NONE',  #2022 ) ;
#1057 = CARTESIAN_POINT ( 'NONE',  ( 70.00000000000000000, 9.000000000000000000, 7.799999999999999822 ) ) ;
#1058 = DIRECTION ( 'NONE',  ( -1.000000000000000000, 0.000000000000000000, -0.000000000000000000 ) ) ;
#1059 = ORIENTED_EDGE ( 'NONE', *, *, #2095, .F. ) ;
#1060 = PLANE ( 'NONE',  #540 ) ;
#1061 = ADVANCED_FACE ( 'NONE', ( #1726 ), #527, .F. ) ;
#1062 = ORIENTED_EDGE ( 'NONE', *, *, #2189, .F. ) ;
#1063 = LINE ( 'NONE', #1258, #2277 ) ;
#1064 = DIRECTION ( 'NONE',  ( 0.000000000000000000, 1.000000000000000000, -0.000000000000000000 ) ) ;
#1065 = AXIS2_PLACEMENT_3D ( 'NONE', #1506, #510, #316 ) ;
#1066 = ORIENTED_EDGE ( 'NONE', *, *, #1121, .F. ) ;
#1067 = FACE_OUTER_BOUND ( 'NONE', #565, .T. ) ;
#1068 = DIRECTION ( 'NONE',  ( 0.000000000000000000, 1.000000000000000000, 0.000000000000000000 ) ) ;
#1069 = ORIENTED_EDGE ( 'NONE', *, *, #906, .F. ) ;
#1070 = ORIENTED_EDGE ( 'NONE', *, *, #1488, .T. ) ;
#1071 = ADVANCED_FACE ( 'NONE', ( #2355 ), #567, .F. ) ;
#1072 = FACE_OUTER_BOUND ( 'NONE', #413, .T. ) ;
#1073 = EDGE_LOOP ( 'NONE', ( #1952, #1661, #2159 ) ) ;
#1074 = PRESENTATION_LAYER_ASSIGNMENT (  '', '', ( #1486 ) ) ;
#1075 = DIRECTION ( 'NONE',  ( 1.000000000000000000, 0.000000000000000000, 0.000000000000000000 ) ) ;
#1076 = AXIS2_PLACEMENT_3D ( 'NONE', #2327, #1551, #2339 ) ;
#1077 = DIRECTION ( 'NONE',  ( 0.000000000000000000, 0.000000000000000000, 1.000000000000000000 ) ) ;
#1078 = ORIENTED_EDGE ( 'NONE', *, *, #1903, .F. ) ;
#1079 = PLANE ( 'NONE',  #182 ) ;
#1080 = LINE ( 'NONE', #2433, #48 ) ;
#1081 = VERTEX_POINT ( 'NONE', #1741 ) ;
#1082 = ORIENTED_EDGE ( 'NONE', *, *, #1197, .F. ) ;
#1083 = PLANE ( 'NONE',  #2573 ) ;
#1084 = ORIENTED_EDGE ( 'NONE', *, *, #1488, .F. ) ;
#1085 = VECTOR ( 'NONE', #2185, 1000.000000000000000 ) ;
#1086 = PLANE ( 'NONE',  #646 ) ;
#1087 = EDGE_LOOP ( 'NONE', ( #2057, #425, #1133, #2210 ) ) ;
#1088 = DIRECTION ( 'NONE',  ( 1.000000000000000000, 0.000000000000000000, 0.000000000000000000 ) ) ;
#1089 = EDGE_CURVE ( 'NONE', #882, #2039, #1921, .T. ) ;
#1090 = CARTESIAN_POINT ( 'NONE',  ( 13.00000000000000000, -5.000000000000000000, 14.00000000000000000 ) ) ;
#1091 = ORIENTED_EDGE ( 'NONE', *, *, #671, .F. ) ;
#1092 = ORIENTED_EDGE ( 'NONE', *, *, #1962, .F. ) ;
#1093 = VECTOR ( 'NONE', #2456, 1000.000000000000000 ) ;
#1094 = CARTESIAN_POINT ( 'NONE',  ( 44.00000000000000000, -6.750000000000000000, 14.00000000000000000 ) ) ;
#1095 = ORIENTED_EDGE ( 'NONE', *, *, #1524, .F. ) ;
#1096 = EDGE_CURVE ( 'NONE', #1519, #1264, #151, .T. ) ;
#1097 = CYLINDRICAL_SURFACE ( 'NONE', #983, 2.000000000000001776 ) ;
#1098 = CARTESIAN_POINT ( 'NONE',  ( 32.50000000000000000, 9.000000000000000000, 6.400000000000000355 ) ) ;
#1099 = ORIENTED_EDGE ( 'NONE', *, *, #922, .T. ) ;
#1100 = CYLINDRICAL_SURFACE ( 'NONE', #2217, 1.000000000000000000 ) ;
#1101 = AXIS2_PLACEMENT_3D ( 'NONE', #2342, #1907, #537 ) ;
#1102 = VERTEX_POINT ( 'NONE', #734 ) ;
#1103 = ORIENTED_EDGE ( 'NONE', *, *, #835, .F. ) ;
#1104 = DIRECTION ( 'NONE',  ( 0.000000000000000000, 1.000000000000000000, -0.000000000000000000 ) ) ;
#1105 = ORIENTED_EDGE ( 'NONE', *, *, #1192, .T. ) ;
#1106 = EDGE_CURVE ( 'NONE', #340, #1724, #2525, .T. ) ;
#1107 = VECTOR ( 'NONE', #2505, 1000.000000000000000 ) ;
#1108 = VECTOR ( 'NONE', #1075, 1000.000000000000000 ) ;
#1109 = ADVANCED_FACE ( 'NONE', ( #977 ), #771, .T. ) ;
#1110 = CARTESIAN_POINT ( 'NONE',  ( 5.000000000000000000, -5.000000000000000000, 0.000000000000000000 ) ) ;
#1111 = DIRECTION ( 'NONE',  ( 0.000000000000000000, 0.000000000000000000, 1.000000000000000000 ) ) ;
#1112 = ORIENTED_EDGE ( 'NONE', *, *, #1637, .F. ) ;
#1113 = VECTOR ( 'NONE', #604, 1000.000000000000000 ) ;
#1114 = FACE_OUTER_BOUND ( 'NONE', #916, .T. ) ;
#1115 = CARTESIAN_POINT ( 'NONE',  ( 46.00000000000000000, 5.500000000000000888, 3.600000000000000089 ) ) ;
#1116 = ORIENTED_EDGE ( 'NONE', *, *, #722, .F. ) ;
#1117 = VECTOR ( 'NONE', #668, 1000.000000000000000 ) ;
#1118 = VECTOR ( 'NONE', #750, 1000.000000000000000 ) ;
#1119 = EDGE_CURVE ( 'NONE', #1647, #1081, #1386, .T. ) ;
#1120 = ORIENTED_EDGE ( 'NONE', *, *, #476, .F. ) ;
#1121 = EDGE_CURVE ( 'NONE', #468, #1436, #1899, .T. ) ;
#1122 = PRODUCT_DEFINITION_SHAPE ( 'NONE', 'NONE',  #2052 ) ;
#1123 = DIRECTION ( 'NONE',  ( 0.000000000000000000, 1.000000000000000000, 0.000000000000000000 ) ) ;
#1124 = LINE ( 'NONE', #120, #1610 ) ;
#1125 = AXIS2_PLACEMENT_3D ( 'NONE', #2473, #870, #2280 ) ;
#1126 = ORIENTED_EDGE ( 'NONE', *, *, #652, .T. ) ;
#1127 = DIRECTION ( 'NONE',  ( 1.000000000000000000, 0.000000000000000000, 0.000000000000000000 ) ) ;
#1128 = DIRECTION ( 'NONE',  ( -0.000000000000000000, 1.000000000000000000, 0.000000000000000000 ) ) ;
#1129 = ORIENTED_EDGE ( 'NONE', *, *, #103, .T. ) ;
#1130 = EDGE_LOOP ( 'NONE', ( #2078, #2278, #237, #1292 ) ) ;
#1131 = UNCERTAINTY_MEASURE_WITH_UNIT (LENGTH_MEASURE( 1.000000000000000082E-05 ), #2475, 'distance_accuracy_value', 'NONE');
#1132 = CARTESIAN_POINT ( 'NONE',  ( 5.000000000000000000, 5.000000000000000000, -1.000000000000000000 ) ) ;
#1133 = ORIENTED_EDGE ( 'NONE', *, *, #1453, .F. ) ;
#1134 = DIRECTION ( 'NONE',  ( -0.000000000000000000, 1.000000000000000000, 0.000000000000000000 ) ) ;
#1135 = APPLICATION_PROTOCOL_DEFINITION ( 'draft international standard', 'automotive_design', 1998, #2340 ) ;
#1136 = EDGE_CURVE ( 'NONE', #2510, #1323, #35, .T. ) ;
#1137 = CARTESIAN_POINT ( 'NONE',  ( 5.000000000000000000, 5.000000000000000000, -1.000000000000000000 ) ) ;
#1138 = CARTESIAN_POINT ( 'NONE',  ( 61.00000000000000000, -4.500000000000000000, 4.599999999999999645 ) ) ;
#1139 = VERTEX_POINT ( 'NONE', #1784 ) ;
#1140 = FACE_OUTER_BOUND ( 'NONE', #1289, .T. ) ;
#1141 = DIRECTION ( 'NONE',  ( -0.000000000000000000, -0.000000000000000000, 1.000000000000000000 ) ) ;
#1142 = ORIENTED_EDGE ( 'NONE', *, *, #1723, .T. ) ;
#1143 = LINE ( 'NONE', #1933, #1028 ) ;
#1144 = CARTESIAN_POINT ( 'NONE',  ( 18.00000000000000000, -9.000000000000000000, 0.8000000000000000444 ) ) ;
#1145 = EDGE_CURVE ( 'NONE', #1264, #1194, #2121, .T. ) ;
#1146 = VECTOR ( 'NONE', #1068, 1000.000000000000000 ) ;
#1147 = ORIENTED_EDGE ( 'NONE', *, *, #872, .F. ) ;
#1148 = CYLINDRICAL_SURFACE ( 'NONE', #532, 1.000000000000000000 ) ;
#1149 = AXIS2_PLACEMENT_3D ( 'NONE', #231, #1433, #1251 ) ;
#1150 = CIRCLE ( 'NONE', #1694, 0.8000000000000003775 ) ;
#1151 = CARTESIAN_POINT ( 'NONE',  ( 70.00000000000000000, -10.00000000000000000, 7.799999999999999822 ) ) ;
#1152 = CARTESIAN_POINT ( 'NONE',  ( 69.20000000000001705, 9.797174393178765753E-17, 14.00000000000000000 ) ) ;
#1153 = ORIENTED_EDGE ( 'NONE', *, *, #209, .T. ) ;
#1154 = CYLINDRICAL_SURFACE ( 'NONE', #73, 1.500000000000000000 ) ;
#1155 = CIRCLE ( 'NONE', #2066, 0.7499999999999997780 ) ;
#1156 = LINE ( 'NONE', #1327, #1025 ) ;
#1157 = CIRCLE ( 'NONE', #239, 2.000000000000001776 ) ;
#1158 = VERTEX_POINT ( 'NONE', #397 ) ;
#1159 = CARTESIAN_POINT ( 'NONE',  ( 61.00000000000000000, 4.500000000000000000, 3.600000000000000089 ) ) ;
#1160 = DIRECTION ( 'NONE',  ( 0.000000000000000000, 0.000000000000000000, 1.000000000000000000 ) ) ;
#1161 = ORIENTED_EDGE ( 'NONE', *, *, #671, .T. ) ;
#1162 = CARTESIAN_POINT ( 'NONE',  ( 6.500000000000000888, -5.000000000000000000, -1.000000000000000000 ) ) ;
#1163 = LINE ( 'NONE', #1416, #1983 ) ;
#1164 = DIRECTION ( 'NONE',  ( -0.000000000000000000, -0.000000000000000000, -1.000000000000000000 ) ) ;
#1165 = VERTEX_POINT ( 'NONE', #424 ) ;
#1166 = LINE ( 'NONE', #1958, #1840 ) ;
#1167 = DIRECTION ( 'NONE',  ( 1.000000000000000000, 0.000000000000000000, 0.000000000000000000 ) ) ;
#1168 = EDGE_CURVE ( 'NONE', #1960, #2197, #773, .T. ) ;
#1169 = EDGE_LOOP ( 'NONE', ( #1272, #2470, #26, #1520 ) ) ;
#1170 = DIRECTION ( 'NONE',  ( 0.000000000000000000, 0.000000000000000000, 1.000000000000000000 ) ) ;
#1171 = CIRCLE ( 'NONE', #1540, 1.700000000000000178 ) ;
#1172 = DIRECTION ( 'NONE',  ( 1.000000000000000000, 0.000000000000000000, 0.000000000000000000 ) ) ;
#1173 = ORIENTED_EDGE ( 'NONE', *, *, #2148, .F. ) ;
#1174 = CARTESIAN_POINT ( 'NONE',  ( 69.47084973778700601, -10.00000000000000000, 7.599999999999999645 ) ) ;
#1175 = AXIS2_PLACEMENT_3D ( 'NONE', #1736, #742, #2166 ) ;
#1176 = ADVANCED_FACE ( 'NONE', ( #1032 ), #1596, .F. ) ;
#1177 = CARTESIAN_POINT ( 'NONE',  ( 70.00000000000000000, 0.000000000000000000, 6.400000000000000355 ) ) ;
#1178 = CARTESIAN_POINT ( 'NONE',  ( 62.00000000000000000, -4.500000000000000000, 4.599999999999999645 ) ) ;
#1179 = EDGE_CURVE ( 'NONE', #1257, #1436, #1612, .T. ) ;
#1180 = CARTESIAN_POINT ( 'NONE',  ( 44.00000000000000000, 4.500000000000000000, 3.600000000000000089 ) ) ;
#1181 = ORIENTED_EDGE ( 'NONE', *, *, #629, .F. ) ;
#1182 = FACE_OUTER_BOUND ( 'NONE', #171, .T. ) ;
#1183 = DIRECTION ( 'NONE',  ( 1.000000000000000000, 0.000000000000000000, 0.000000000000000000 ) ) ;
#1184 = DIRECTION ( 'NONE',  ( 0.000000000000000000, 1.000000000000000000, 0.000000000000000000 ) ) ;
#1185 = ORIENTED_EDGE ( 'NONE', *, *, #224, .T. ) ;
#1186 = DIRECTION ( 'NONE',  ( 0.000000000000000000, 1.000000000000000000, 0.000000000000000000 ) ) ;
#1187 = AXIS2_PLACEMENT_3D ( 'NONE', #1565, #600, #2572 ) ;
#1188 = EDGE_CURVE ( 'NONE', #822, #615, #786, .T. ) ;
#1189 = PLANE ( 'NONE',  #1280 ) ;
#1190 = CARTESIAN_POINT ( 'NONE',  ( 70.00000000000000000, -9.000000000000000000, 7.000000000000000000 ) ) ;
#1191 = CARTESIAN_POINT ( 'NONE',  ( 44.00000000000000000, -4.500000000000000000, 3.600000000000000089 ) ) ;
#1192 = EDGE_CURVE ( 'NONE', #1476, #1871, #1047, .T. ) ;
#1193 = PLANE ( 'NONE',  #1187 ) ;
#1194 = VERTEX_POINT ( 'NONE', #1424 ) ;
#1195 = CARTESIAN_POINT ( 'NONE',  ( 59.26794919243111792, -6.500000000000000000, 4.599999999999999645 ) ) ;
#1196 = AXIS2_PLACEMENT_3D ( 'NONE', #1587, #1776, #2205 ) ;
#1197 = EDGE_CURVE ( 'NONE', #1264, #2219, #484, .T. ) ;
#1198 = LINE ( 'NONE', #1822, #625 ) ;
#1199 = CARTESIAN_POINT ( 'NONE',  ( 46.00000000000000000, -2.500000000000000000, 3.600000000000000089 ) ) ;
#1200 = VERTEX_POINT ( 'NONE', #844 ) ;
#1201 = CIRCLE ( 'NONE', #1650, 1.000000000000000000 ) ;
#1202 = DIRECTION ( 'NONE',  ( 1.000000000000000000, 0.000000000000000000, 0.000000000000000000 ) ) ;
#1203 = ADVANCED_FACE ( 'NONE', ( #2412 ), #1211, .F. ) ;
#1204 = DIRECTION ( 'NONE',  ( 1.000000000000000000, 0.000000000000000000, 0.000000000000000000 ) ) ;
#1205 = LINE ( 'NONE', #597, #2444 ) ;
#1206 = DIRECTION ( 'NONE',  ( 1.000000000000000000, 0.000000000000000000, 0.000000000000000000 ) ) ;
#1207 = ORIENTED_EDGE ( 'NONE', *, *, #15, .T. ) ;
#1208 = CARTESIAN_POINT ( 'NONE',  ( 47.73205080756887497, 6.500000000000000000, 4.599999999999999645 ) ) ;
#1209 = ADVANCED_FACE ( 'NONE', ( #2006 ), #233, .F. ) ;
#1210 = CARTESIAN_POINT ( 'NONE',  ( 46.00000000000000000, 5.500000000000000888, 3.600000000000000089 ) ) ;
#1211 = CYLINDRICAL_SURFACE ( 'NONE', #2240, 2.000000000000001776 ) ;
#1212 = ORIENTED_EDGE ( 'NONE', *, *, #469, .T. ) ;
#1213 = AXIS2_PLACEMENT_3D ( 'NONE', #1228, #847, #1427 ) ;
#1214 = CIRCLE ( 'NONE', #2125, 0.8000000000000003775 ) ;
#1215 = EDGE_CURVE ( 'NONE', #741, #1347, #800, .T. ) ;
#1216 = CARTESIAN_POINT ( 'NONE',  ( 69.61863426763002849, -0.7303337045290237972, 7.730333704529024352 ) ) ;
#1217 = ORIENTED_EDGE ( 'NONE', *, *, #763, .F. ) ;
#1218 = CARTESIAN_POINT ( 'NONE',  ( 11.29999999999999893, 5.000000000000000000, 14.00000000000000000 ) ) ;
#1219 = CARTESIAN_POINT ( 'NONE',  ( 44.00000000000000000, 4.500000000000000000, 3.600000000000000089 ) ) ;
#1220 = CARTESIAN_POINT ( 'NONE',  ( 42.00000000000000000, -10.00000000000000000, 13.19999999999999929 ) ) ;
#1221 = ORIENTED_EDGE ( 'NONE', *, *, #887, .T. ) ;
#1222 = EDGE_CURVE ( 'NONE', #2260, #1542, #1622, .T. ) ;
#1223 = CARTESIAN_POINT ( 'NONE',  ( 44.00000000000000000, -4.500000000000000000, 3.600000000000000089 ) ) ;
#1224 = FACE_OUTER_BOUND ( 'NONE', #2352, .T. ) ;
#1225 = DIRECTION ( 'NONE',  ( 1.000000000000000000, 0.000000000000000000, 0.000000000000000000 ) ) ;
#1226 = ORIENTED_EDGE ( 'NONE', *, *, #63, .F. ) ;
#1227 = EDGE_CURVE ( 'NONE', #512, #1619, #2279, .T. ) ;
#1228 = CARTESIAN_POINT ( 'NONE',  ( 46.00000000000000000, -6.500000000000000000, 3.600000000000000089 ) ) ;
#1229 = VERTEX_POINT ( 'NONE', #2385 ) ;
#1230 = FACE_OUTER_BOUND ( 'NONE', #1919, .T. ) ;
#1231 = EDGE_CURVE ( 'NONE', #606, #326, #631, .T. ) ;
#1232 = CARTESIAN_POINT ( 'NONE',  ( 44.00000000000000000, -4.500000000000000000, 3.600000000000000089 ) ) ;
#1233 = EDGE_LOOP ( 'NONE', ( #483, #1019, #128, #1015 ) ) ;
#1234 = AXIS2_PLACEMENT_3D ( 'NONE', #1159, #1949, #1532 ) ;
#1235 = DIRECTION ( 'NONE',  ( 0.000000000000000000, 1.000000000000000000, 0.000000000000000000 ) ) ;
#1236 = EDGE_CURVE ( 'NONE', #2145, #1412, #2030, .T. ) ;
#1237 = CIRCLE ( 'NONE', #313, 1.500000000000000000 ) ;
#1238 = CARTESIAN_POINT ( 'NONE',  ( 46.00000000000000000, -6.500000000000000000, 3.600000000000000089 ) ) ;
#1239 = CARTESIAN_POINT ( 'NONE',  ( 18.00000000000000000, -9.000000000000000000, 10.20000000000000107 ) ) ;
#1240 = AXIS2_PLACEMENT_3D ( 'NONE', #1629, #670, #238 ) ;
#1241 = VERTEX_POINT ( 'NONE', #1239 ) ;
#1242 = DIRECTION ( 'NONE',  ( 0.000000000000000000, 0.000000000000000000, 1.000000000000000000 ) ) ;
#1243 = AXIS2_PLACEMENT_3D ( 'NONE', #1138, #132, #942 ) ;
#1244 = ORIENTED_EDGE ( 'NONE', *, *, #2561, .F. ) ;
#1245 = AXIS2_PLACEMENT_3D ( 'NONE', #767, #576, #2454 ) ;
#1246 = FACE_BOUND ( 'NONE', #544, .T. ) ;
#1247 = VECTOR ( 'NONE', #1104, 1000.000000000000000 ) ;
#1248 = AXIS2_PLACEMENT_3D ( 'NONE', #2374, #2163, #954 ) ;
#1249 = LINE ( 'NONE', #1270, #1937 ) ;
#1250 = ORIENTED_EDGE ( 'NONE', *, *, #1659, .F. ) ;
#1251 = DIRECTION ( 'NONE',  ( 1.000000000000000000, 0.000000000000000000, 0.000000000000000000 ) ) ;
#1252 = EDGE_CURVE ( 'NONE', #1993, #2292, #2445, .T. ) ;
#1253 = CARTESIAN_POINT ( 'NONE',  ( 70.00000000000000000, 0.000000000000000000, 0.000000000000000000 ) ) ;
#1254 = DIRECTION ( 'NONE',  ( 0.000000000000000000, 1.000000000000000000, 0.000000000000000000 ) ) ;
#1255 = EDGE_LOOP ( 'NONE', ( #1329, #9, #489, #680 ) ) ;
#1256 = CARTESIAN_POINT ( 'NONE',  ( 70.00000000000000000, 0.000000000000000000, 7.599999999999999645 ) ) ;
#1257 = VERTEX_POINT ( 'NONE', #2578 ) ;
#1258 = CARTESIAN_POINT ( 'NONE',  ( 32.50000000000000000, 9.000000000000000000, 6.400000000000000355 ) ) ;
#1259 = LINE ( 'NONE', #288, #1604 ) ;
#1260 = ORIENTED_EDGE ( 'NONE', *, *, #989, .T. ) ;
#1261 = CYLINDRICAL_SURFACE ( 'NONE', #789, 0.7499999999999997780 ) ;
#1262 = EDGE_CURVE ( 'NONE', #2219, #924, #2186, .T. ) ;
#1263 = PLANE ( 'NONE',  #23 ) ;
#1264 = VERTEX_POINT ( 'NONE', #1199 ) ;
#1265 = ORIENTED_EDGE ( 'NONE', *, *, #872, .T. ) ;
#1266 = DIRECTION ( 'NONE',  ( 0.000000000000000000, 1.000000000000000000, 0.000000000000000000 ) ) ;
#1267 = EDGE_LOOP ( 'NONE', ( #991, #1078 ) ) ;
#1268 = EDGE_CURVE ( 'NONE', #1494, #1889, #1992, .T. ) ;
#1269 = DIRECTION ( 'NONE',  ( 1.000000000000000000, 0.000000000000000000, 0.000000000000000000 ) ) ;
#1270 = CARTESIAN_POINT ( 'NONE',  ( 44.00000000000000000, 4.500000000000000000, 4.599999999999999645 ) ) ;
#1271 = CIRCLE ( 'NONE', #1518, 0.7999999999999951594 ) ;
#1272 = ORIENTED_EDGE ( 'NONE', *, *, #1564, .T. ) ;
#1273 = CARTESIAN_POINT ( 'NONE',  ( 61.00000000000000000, 5.500000000000000000, 4.599999999999999645 ) ) ;
#1274 = DIRECTION ( 'NONE',  ( 1.000000000000000000, 0.000000000000000000, 0.000000000000000000 ) ) ;
#1275 = ORIENTED_EDGE ( 'NONE', *, *, #1119, .F. ) ;
#1276 = ORIENTED_EDGE ( 'NONE', *, *, #399, .T. ) ;
#1277 = ADVANCED_FACE ( 'NONE', ( #1878 ), #915, .F. ) ;
#1278 = LINE ( 'NONE', #692, #530 ) ;
#1279 = ORIENTED_EDGE ( 'NONE', *, *, #1592, .T. ) ;
#1280 = AXIS2_PLACEMENT_3D ( 'NONE', #2376, #1955, #995 ) ;
#1281 = AXIS2_PLACEMENT_3D ( 'NONE', #1309, #1111, #1915 ) ;
#1282 = DIRECTION ( 'NONE',  ( 1.000000000000000000, 0.000000000000000000, 0.000000000000000000 ) ) ;
#1283 = EDGE_CURVE ( 'NONE', #1889, #2197, #1124, .T. ) ;
#1284 = CARTESIAN_POINT ( 'NONE',  ( 70.52915026221299399, 0.5999999999999271472, 7.599999999999999645 ) ) ;
#1285 = ORIENTED_EDGE ( 'NONE', *, *, #575, .T. ) ;
#1286 = DIRECTION ( 'NONE',  ( 1.000000000000000000, 0.000000000000000000, 0.000000000000000000 ) ) ;
#1287 = CARTESIAN_POINT ( 'NONE',  ( 70.38136573236999993, 0.7303337045290201335, 7.730333704529019023 ) ) ;
#1288 = ORIENTED_EDGE ( 'NONE', *, *, #1222, .T. ) ;
#1289 = EDGE_LOOP ( 'NONE', ( #1870, #1923, #1882, #1260 ) ) ;
#1290 = ADVANCED_FACE ( 'NONE', ( #710 ), #1901, .F. ) ;
#1291 = LINE ( 'NONE', #2080, #1794 ) ;
#1292 = ORIENTED_EDGE ( 'NONE', *, *, #1179, .F. ) ;
#1293 = EDGE_CURVE ( 'NONE', #1662, #1165, #1927, .T. ) ;
#1294 =( NAMED_UNIT ( * ) SI_UNIT ( $, .STERADIAN. ) SOLID_ANGLE_UNIT ( ) );
#1295 = CIRCLE ( 'NONE', #2335, 1.500000000000000000 ) ;
#1296 = DIRECTION ( 'NONE',  ( 1.000000000000000000, 0.000000000000000000, 0.000000000000000000 ) ) ;
#1297 = CARTESIAN_POINT ( 'NONE',  ( 70.00000000000000000, -10.00000000000000000, 7.000000000000000000 ) ) ;
#1298 = ORIENTED_EDGE ( 'NONE', *, *, #258, .T. ) ;
#1299 = CARTESIAN_POINT ( 'NONE',  ( 69.20000000000001705, 9.797174393178765753E-17, 0.000000000000000000 ) ) ;
#1300 = CARTESIAN_POINT ( 'NONE',  ( 46.00000000000000000, 6.500000000000000000, 14.00000000000000000 ) ) ;
#1301 = EDGE_CURVE ( 'NONE', #1542, #1593, #900, .T. ) ;
#1302 = ORIENTED_EDGE ( 'NONE', *, *, #2312, .T. ) ;
#1303 = VERTEX_POINT ( 'NONE', #2297 ) ;
#1304 = AXIS2_PLACEMENT_3D ( 'NONE', #1478, #2274, #303 ) ;
#1305 = DIRECTION ( 'NONE',  ( 0.000000000000000000, 1.000000000000000000, 0.000000000000000000 ) ) ;
#1306 = ORIENTED_EDGE ( 'NONE', *, *, #1801, .T. ) ;
#1307 = ADVANCED_FACE ( 'NONE', ( #1709 ), #197, .F. ) ;
#1308 = DIRECTION ( 'NONE',  ( 0.000000000000000000, 0.000000000000000000, 1.000000000000000000 ) ) ;
#1309 = CARTESIAN_POINT ( 'NONE',  ( 46.00000000000000000, 4.500000000000000000, 3.600000000000000089 ) ) ;
#1310 = ORIENTED_EDGE ( 'NONE', *, *, #101, .T. ) ;
#1311 = DIRECTION ( 'NONE',  ( 0.000000000000000000, 1.000000000000000000, 0.000000000000000000 ) ) ;
#1312 = DIRECTION ( 'NONE',  ( -1.000000000000000000, -0.000000000000000000, 0.000000000000000000 ) ) ;
#1313 = AXIS2_PLACEMENT_3D ( 'NONE', #2508, #2313, #2521 ) ;
#1314 = EDGE_CURVE ( 'NONE', #663, #415, #1336, .T. ) ;
#1315 = ORIENTED_EDGE ( 'NONE', *, *, #1500, .F. ) ;
#1316 = EDGE_LOOP ( 'NONE', ( #1310, #2257, #2122, #2031 ) ) ;
#1317 = CARTESIAN_POINT ( 'NONE',  ( 70.00000000000000000, 0.000000000000000000, 6.400000000000000355 ) ) ;
#1318 = ORIENTED_EDGE ( 'NONE', *, *, #989, .F. ) ;
#1319 = AXIS2_PLACEMENT_3D ( 'NONE', #420, #381, #1014 ) ;
#1320 =( BOUNDED_CURVE ( )  B_SPLINE_CURVE ( 3, ( #426, #1216, #820, #1020 ),
 .UNSPECIFIED., .F., .F. ) 
 B_SPLINE_CURVE_WITH_KNOTS ( ( 4, 4 ),
 ( 2.418858405776294074, 3.141592653589793116 ),
 .UNSPECIFIED. ) 
 CURVE ( )  GEOMETRIC_REPRESENTATION_ITEM ( )  RATIONAL_B_SPLINE_CURVE ( ( 1.000000000000000000, 0.9569428977956470073, 0.9569428977956470073, 1.000000000000000000 ) ) 
 REPRESENTATION_ITEM ( '' )  );
#1321 = LINE ( 'NONE', #1151, #355 ) ;
#1322 = PLANE ( 'NONE',  #1693 ) ;
#1323 = VERTEX_POINT ( 'NONE', #2284 ) ;
#1324 = AXIS2_PLACEMENT_3D ( 'NONE', #1804, #34, #586 ) ;
#1325 = VECTOR ( 'NONE', #1513, 1000.000000000000000 ) ;
#1326 = CARTESIAN_POINT ( 'NONE',  ( 45.00000000000000000, -4.500000000000000000, 3.600000000000000089 ) ) ;
#1327 = CARTESIAN_POINT ( 'NONE',  ( 63.00000000000000000, -4.500000000000000000, 3.600000000000000089 ) ) ;
#1328 = VERTEX_POINT ( 'NONE', #2309 ) ;
#1329 = ORIENTED_EDGE ( 'NONE', *, *, #1197, .T. ) ;
#1330 = VECTOR ( 'NONE', #2105, 1000.000000000000000 ) ;
#1331 = EDGE_CURVE ( 'NONE', #1194, #2174, #862, .T. ) ;
#1332 = AXIS2_PLACEMENT_3D ( 'NONE', #2387, #1134, #1924 ) ;
#1333 = DIRECTION ( 'NONE',  ( 1.000000000000000000, 0.000000000000000000, 0.000000000000000000 ) ) ;
#1334 = ORIENTED_EDGE ( 'NONE', *, *, #1705, .T. ) ;
#1335 = DIRECTION ( 'NONE',  ( 0.000000000000000000, 0.000000000000000000, 1.000000000000000000 ) ) ;
#1336 = LINE ( 'NONE', #2127, #2407 ) ;
#1337 = AXIS2_PLACEMENT_3D ( 'NONE', #1836, #453, #1598 ) ;
#1338 = ORIENTED_EDGE ( 'NONE', *, *, #1913, .T. ) ;
#1339 = DIRECTION ( 'NONE',  ( 0.000000000000000000, 1.000000000000000000, 0.000000000000000000 ) ) ;
#1340 = VECTOR ( 'NONE', #1183, 1000.000000000000000 ) ;
#1341 = AXIS2_PLACEMENT_3D ( 'NONE', #1457, #628, #840 ) ;
#1342 = CARTESIAN_POINT ( 'NONE',  ( 61.00000000000000000, -6.500000000000000000, 4.599999999999999645 ) ) ;
#1343 = ADVANCED_FACE ( 'NONE', ( #93 ), #2531, .T. ) ;
#1344 = ORIENTED_EDGE ( 'NONE', *, *, #529, .F. ) ;
#1345 = CARTESIAN_POINT ( 'NONE',  ( 70.00000000000000000, -9.000000000000000000, 7.799999999999999822 ) ) ;
#1346 = DIRECTION ( 'NONE',  ( 0.000000000000000000, -1.000000000000000000, 0.000000000000000000 ) ) ;
#1347 = VERTEX_POINT ( 'NONE', #740 ) ;
#1348 = DIRECTION ( 'NONE',  ( 1.000000000000000000, 0.000000000000000000, 0.000000000000000000 ) ) ;
#1349 = CYLINDRICAL_SURFACE ( 'NONE', #236, 1.000000000000000000 ) ;
#1350 = CARTESIAN_POINT ( 'NONE',  ( 75.00000000000000000, 9.000000000000000000, 0.000000000000000000 ) ) ;
#1351 = EDGE_LOOP ( 'NONE', ( #803, #2021, #193 ) ) ;
#1352 = CARTESIAN_POINT ( 'NONE',  ( 18.00000000000000000, -10.00000000000000000, 10.20000000000000107 ) ) ;
#1353 = DIRECTION ( 'NONE',  ( -1.000000000000000000, 0.000000000000000000, 0.000000000000000000 ) ) ;
#1354 = ORIENTED_EDGE ( 'NONE', *, *, #1460, .F. ) ;
#1355 = EDGE_LOOP ( 'NONE', ( #175, #133, #2018, #462 ) ) ;
#1356 = DIRECTION ( 'NONE',  ( 1.000000000000000000, 0.000000000000000000, 0.000000000000000000 ) ) ;
#1357 = VERTEX_POINT ( 'NONE', #1490 ) ;
#1358 = CARTESIAN_POINT ( 'NONE',  ( 70.00000000000000000, 9.000000000000000000, 7.000000000000000000 ) ) ;
#1359 = CIRCLE ( 'NONE', #811, 1.700000000000000178 ) ;
#1360 = CIRCLE ( 'NONE', #106, 0.8000000000000003775 ) ;
#1361 = EDGE_CURVE ( 'NONE', #499, #921, #1696, .T. ) ;
#1362 = DIRECTION ( 'NONE',  ( -1.000000000000000000, 0.000000000000000000, -0.000000000000000000 ) ) ;
#1363 = DIRECTION ( 'NONE',  ( -0.000000000000000000, -0.000000000000000000, 1.000000000000000000 ) ) ;
#1364 = ORIENTED_EDGE ( 'NONE', *, *, #1035, .F. ) ;
#1365 = DIRECTION ( 'NONE',  ( 0.000000000000000000, 0.000000000000000000, 1.000000000000000000 ) ) ;
#1366 = AXIS2_PLACEMENT_3D ( 'NONE', #2336, #2477, #1695 ) ;
#1367 = DIRECTION ( 'NONE',  ( 1.000000000000000000, 0.000000000000000000, 0.000000000000000000 ) ) ;
#1368 = ORIENTED_EDGE ( 'NONE', *, *, #1361, .T. ) ;
#1369 = DIRECTION ( 'NONE',  ( 0.000000000000000000, 1.000000000000000000, 0.000000000000000000 ) ) ;
#1370 = VECTOR ( 'NONE', #851, 1000.000000000000000 ) ;
#1371 = DIRECTION ( 'NONE',  ( 0.000000000000000000, 0.000000000000000000, 1.000000000000000000 ) ) ;
#1372 = ORIENTED_EDGE ( 'NONE', *, *, #1588, .F. ) ;
#1373 = EDGE_CURVE ( 'NONE', #263, #519, #2112, .T. ) ;
#1374 = CARTESIAN_POINT ( 'NONE',  ( 65.00000000000000000, -10.00000000000000000, 6.400000000000000355 ) ) ;
#1375 = EDGE_CURVE ( 'NONE', #340, #615, #548, .T. ) ;
#1376 = CARTESIAN_POINT ( 'NONE',  ( 70.00000000000000000, 0.000000000000000000, 14.00000000000000000 ) ) ;
#1377 = CARTESIAN_POINT ( 'NONE',  ( 3.500000000000000000, -5.000000000000000000, 14.00000000000000000 ) ) ;
#1378 = CARTESIAN_POINT ( 'NONE',  ( 70.79999999999999716, 0.000000000000000000, 6.400000000000000355 ) ) ;
#1379 = PLANE ( 'NONE',  #2487 ) ;
#1380 = ORIENTED_EDGE ( 'NONE', *, *, #1013, .T. ) ;
#1381 = ORIENTED_EDGE ( 'NONE', *, *, #575, .F. ) ;
#1382 = VECTOR ( 'NONE', #395, 1000.000000000000000 ) ;
#1383 = EDGE_CURVE ( 'NONE', #519, #677, #1157, .T. ) ;
#1384 = CARTESIAN_POINT ( 'NONE',  ( 46.00000000000000000, 6.500000000000000000, 4.599999999999999645 ) ) ;
#1385 = AXIS2_PLACEMENT_3D ( 'NONE', #612, #2389, #1777 ) ;
#1386 = LINE ( 'NONE', #2537, #2486 ) ;
#1387 = ORIENTED_EDGE ( 'NONE', *, *, #84, .F. ) ;
#1388 = FACE_OUTER_BOUND ( 'NONE', #1415, .T. ) ;
#1389 = ADVANCED_FACE ( 'NONE', ( #351 ), #1322, .T. ) ;
#1390 = SURFACE_SIDE_STYLE ('',( #804 ) ) ;
#1391 = CARTESIAN_POINT ( 'NONE',  ( 46.00000000000000000, -5.500000000000000000, 3.600000000000000089 ) ) ;
#1392 = LINE ( 'NONE', #2366, #2436 ) ;
#1393 = ORIENTED_EDGE ( 'NONE', *, *, #212, .F. ) ;
#1394 = CARTESIAN_POINT ( 'NONE',  ( 13.00000000000000000, 5.000000000000000000, 0.000000000000000000 ) ) ;
#1395 = EDGE_CURVE ( 'NONE', #1643, #188, #570, .T. ) ;
#1396 = CARTESIAN_POINT ( 'NONE',  ( 18.00000000000000000, -9.000000000000000000, 2.299999999999999822 ) ) ;
#1397 = DIRECTION ( 'NONE',  ( 1.000000000000000000, 0.000000000000000000, 0.000000000000000000 ) ) ;
#1398 = ORIENTED_EDGE ( 'NONE', *, *, #704, .F. ) ;
#1399 = DIRECTION ( 'NONE',  ( 1.000000000000000000, 0.000000000000000000, 0.000000000000000000 ) ) ;
#1400 = VECTOR ( 'NONE', #1312, 1000.000000000000000 ) ;
#1401 = CARTESIAN_POINT ( 'NONE',  ( 61.00000000000000000, -5.500000000000000000, 4.599999999999999645 ) ) ;
#1402 = CARTESIAN_POINT ( 'NONE',  ( 65.44999999999998863, -10.00000000000000000, 7.599999999999999645 ) ) ;
#1403 = LINE ( 'NONE', #228, #1986 ) ;
#1404 = EDGE_CURVE ( 'NONE', #468, #500, #696, .T. ) ;
#1405 = AXIS2_PLACEMENT_3D ( 'NONE', #492, #129, #1282 ) ;
#1406 = CARTESIAN_POINT ( 'NONE',  ( 42.00000000000000000, -9.000000000000000000, 13.19999999999999929 ) ) ;
#1407 = ORIENTED_EDGE ( 'NONE', *, *, #1974, .T. ) ;
#1408 = DIRECTION ( 'NONE',  ( 0.000000000000000000, 0.000000000000000000, 1.000000000000000000 ) ) ;
#1409 = VECTOR ( 'NONE', #389, 1000.000000000000000 ) ;
#1410 = CARTESIAN_POINT ( 'NONE',  ( 42.00000000000000000, 9.000000000000000000, 2.299999999999999822 ) ) ;
#1411 = CARTESIAN_POINT ( 'NONE',  ( 75.00000000000000000, -9.500000000000000000, 7.599999999999999645 ) ) ;
#1412 = VERTEX_POINT ( 'NONE', #506 ) ;
#1413 = EDGE_CURVE ( 'NONE', #431, #2480, #1625, .T. ) ;
#1414 = FACE_OUTER_BOUND ( 'NONE', #57, .T. ) ;
#1415 = EDGE_LOOP ( 'NONE', ( #2535, #1173, #1757, #473 ) ) ;
#1416 = CARTESIAN_POINT ( 'NONE',  ( 23.00000000000000000, 6.500000000000000000, 14.00000000000000000 ) ) ;
#1417 = CARTESIAN_POINT ( 'NONE',  ( 70.79999999999999716, 0.000000000000000000, 7.599999999999999645 ) ) ;
#1418 = LINE ( 'NONE', #167, #2528 ) ;
#1419 = DIRECTION ( 'NONE',  ( 1.000000000000000000, 0.000000000000000000, 0.000000000000000000 ) ) ;
#1420 = EDGE_LOOP ( 'NONE', ( #445, #2522 ) ) ;
#1421 = FACE_OUTER_BOUND ( 'NONE', #716, .T. ) ;
#1422 = EDGE_CURVE ( 'NONE', #270, #1476, #2082, .T. ) ;
#1423 = CARTESIAN_POINT ( 'NONE',  ( 44.00000000000000000, -4.500000000000000000, 14.00000000000000000 ) ) ;
#1424 = CARTESIAN_POINT ( 'NONE',  ( 46.00000000000000000, 2.500000000000000000, 3.600000000000000089 ) ) ;
#1425 = VERTEX_POINT ( 'NONE', #805 ) ;
#1426 = VECTOR ( 'NONE', #579, 1000.000000000000000 ) ;
#1427 = DIRECTION ( 'NONE',  ( 1.000000000000000000, 0.000000000000000000, 0.000000000000000000 ) ) ;
#1428 = ORIENTED_EDGE ( 'NONE', *, *, #2169, .T. ) ;
#1429 = DIRECTION ( 'NONE',  ( 0.000000000000000000, 0.000000000000000000, 1.000000000000000000 ) ) ;
#1430 = AXIS2_PLACEMENT_3D ( 'NONE', #1658, #108, #1711 ) ;
#1431 = PLANE ( 'NONE',  #1560 ) ;
#1432 = ORIENTED_EDGE ( 'NONE', *, *, #791, .F. ) ;
#1433 = DIRECTION ( 'NONE',  ( 0.000000000000000000, 0.000000000000000000, 1.000000000000000000 ) ) ;
#1434 = FACE_OUTER_BOUND ( 'NONE', #757, .T. ) ;
#1435 = CARTESIAN_POINT ( 'NONE',  ( 46.00000000000000000, -6.500000000000000000, 4.599999999999999645 ) ) ;
#1436 = VERTEX_POINT ( 'NONE', #2377 ) ;
#1437 = VECTOR ( 'NONE', #496, 1000.000000000000000 ) ;
#1438 = PLANE ( 'NONE',  #1213 ) ;
#1439 = VERTEX_POINT ( 'NONE', #1377 ) ;
#1440 = AXIS2_PLACEMENT_3D ( 'NONE', #96, #448, #1274 ) ;
#1441 = CARTESIAN_POINT ( 'NONE',  ( 42.00000000000000000, -9.000000000000000000, 0.4000000000000000222 ) ) ;
#1442 = EDGE_CURVE ( 'NONE', #2427, #374, #1171, .T. ) ;
#1443 = CARTESIAN_POINT ( 'NONE',  ( 14.69999999999999929, 5.000000000000000000, -1.000000000000000000 ) ) ;
#1444 = ORIENTED_EDGE ( 'NONE', *, *, #1106, .T. ) ;
#1445 = CARTESIAN_POINT ( 'NONE',  ( 59.26794919243111792, 6.500000000000000000, 4.599999999999999645 ) ) ;
#1446 = LINE ( 'NONE', #654, #935 ) ;
#1447 = DIRECTION ( 'NONE',  ( 0.000000000000000000, 0.000000000000000000, 1.000000000000000000 ) ) ;
#1448 = EDGE_LOOP ( 'NONE', ( #383, #2332, #2043, #1062, #1902, #1879, #1207, #1212 ) ) ;
#1449 = ADVANCED_FACE ( 'NONE', ( #1944 ), #404, .T. ) ;
#1450 = VECTOR ( 'NONE', #1798, 1000.000000000000000 ) ;
#1451 = ORIENTED_EDGE ( 'NONE', *, *, #2481, .T. ) ;
#1452 = CARTESIAN_POINT ( 'NONE',  ( 0.000000000000000000, 9.000000000000000000, 14.00000000000000000 ) ) ;
#1453 = EDGE_CURVE ( 'NONE', #458, #2039, #2540, .T. ) ;
#1454 = AXIS2_PLACEMENT_3D ( 'NONE', #1358, #2334, #2551 ) ;
#1455 = DIRECTION ( 'NONE',  ( 1.000000000000000000, 0.000000000000000000, 0.000000000000000000 ) ) ;
#1456 = ORIENTED_EDGE ( 'NONE', *, *, #2452, .F. ) ;
#1457 = CARTESIAN_POINT ( 'NONE',  ( 61.00000000000000000, -4.500000000000000000, 4.599999999999999645 ) ) ;
#1458 = DIRECTION ( 'NONE',  ( 0.000000000000000000, 0.000000000000000000, 1.000000000000000000 ) ) ;
#1459 = ORIENTED_EDGE ( 'NONE', *, *, #517, .T. ) ;
#1460 = EDGE_CURVE ( 'NONE', #1938, #1527, #1562, .T. ) ;
#1461 = PLANE ( 'NONE',  #1125 ) ;
#1462 = ORIENTED_EDGE ( 'NONE', *, *, #694, .F. ) ;
#1463 = CYLINDRICAL_SURFACE ( 'NONE', #1405, 0.7999999999999951594 ) ;
#1464 = DIRECTION ( 'NONE',  ( 1.000000000000000000, 0.000000000000000000, 0.000000000000000000 ) ) ;
#1465 = ORIENTED_EDGE ( 'NONE', *, *, #1764, .F. ) ;
#1466 = CARTESIAN_POINT ( 'NONE',  ( 45.00000000000000000, -4.500000000000000000, 4.599999999999999645 ) ) ;
#1467 = DIRECTION ( 'NONE',  ( 1.000000000000000000, 0.000000000000000000, 0.000000000000000000 ) ) ;
#1468 = EDGE_LOOP ( 'NONE', ( #2559, #2455, #2001, #1545 ) ) ;
#1469 = ORIENTED_EDGE ( 'NONE', *, *, #2230, .F. ) ;
#1470 = EDGE_CURVE ( 'NONE', #1303, #2399, #1803, .T. ) ;
#1471 = CARTESIAN_POINT ( 'NONE',  ( 69.47084973778700601, 0.5999999999999998668, 6.400000000000000355 ) ) ;
#1472 = ORIENTED_EDGE ( 'NONE', *, *, #1768, .T. ) ;
#1473 = CARTESIAN_POINT ( 'NONE',  ( 61.00000000000000000, 4.500000000000000000, 4.599999999999999645 ) ) ;
#1474 = CARTESIAN_POINT ( 'NONE',  ( 48.00000000000000000, 4.500000000000000000, 3.600000000000000089 ) ) ;
#1475 = TOROIDAL_SURFACE ( 'NONE', #762, 1.000000000000000000, 1.000000000000000000 ) ;
#1476 = VERTEX_POINT ( 'NONE', #1791 ) ;
#1477 = EDGE_CURVE ( 'NONE', #2237, #415, #876, .T. ) ;
#1478 = CARTESIAN_POINT ( 'NONE',  ( 46.00000000000000000, 5.500000000000000000, 4.599999999999999645 ) ) ;
#1479 = CARTESIAN_POINT ( 'NONE',  ( 69.47084973778700601, 9.000000000000000000, 7.599999999999999645 ) ) ;
#1480 = AXIS2_PLACEMENT_3D ( 'NONE', #2225, #1807, #2040 ) ;
#1481 = EDGE_LOOP ( 'NONE', ( #2319, #1221, #21, #1393, #2091, #1105, #601 ) ) ;
#1482 = ORIENTED_EDGE ( 'NONE', *, *, #54, .T. ) ;
#1483 = AXIS2_PLACEMENT_3D ( 'NONE', #941, #1335, #1708 ) ;
#1484 = CARTESIAN_POINT ( 'NONE',  ( 61.00000000000000000, 4.500000000000000000, 3.600000000000000089 ) ) ;
#1485 = VERTEX_POINT ( 'NONE', #957 ) ;
#1486 = STYLED_ITEM ( 'NONE', ( #1601 ), #2453 ) ;
#1487 = VECTOR ( 'NONE', #1584, 1000.000000000000000 ) ;
#1488 = EDGE_CURVE ( 'NONE', #1938, #421, #215, .T. ) ;
#1489 = PLANE ( 'NONE',  #2404 ) ;
#1490 = CARTESIAN_POINT ( 'NONE',  ( 61.00000000000000000, 6.500000000000000000, 14.00000000000000000 ) ) ;
#1491 = ORIENTED_EDGE ( 'NONE', *, *, #1859, .F. ) ;
#1492 = CARTESIAN_POINT ( 'NONE',  ( 75.00000000000000000, 9.000000000000000000, 0.000000000000000000 ) ) ;
#1493 = CARTESIAN_POINT ( 'NONE',  ( 70.79999999999999716, 0.000000000000000000, 14.00000000000000178 ) ) ;
#1494 = VERTEX_POINT ( 'NONE', #1391 ) ;
#1495 = EDGE_CURVE ( 'NONE', #1631, #741, #1589, .T. ) ;
#1496 = ORIENTED_EDGE ( 'NONE', *, *, #776, .F. ) ;
#1497 = CARTESIAN_POINT ( 'NONE',  ( 75.00000000000000000, -9.000000000000000000, 0.000000000000000000 ) ) ;
#1498 = ORIENTED_EDGE ( 'NONE', *, *, #1227, .T. ) ;
#1499 = EDGE_CURVE ( 'NONE', #90, #1257, #2420, .T. ) ;
#1500 = EDGE_CURVE ( 'NONE', #1439, #2547, #2503, .T. ) ;
#1501 = VECTOR ( 'NONE', #199, 1000.000000000000000 ) ;
#1502 = DIRECTION ( 'NONE',  ( 0.000000000000000000, -1.000000000000000000, 0.000000000000000000 ) ) ;
#1503 = DIRECTION ( 'NONE',  ( 1.000000000000000000, -0.000000000000000000, 0.000000000000000000 ) ) ;
#1504 = ORIENTED_EDGE ( 'NONE', *, *, #730, .F. ) ;
#1505 = FACE_OUTER_BOUND ( 'NONE', #226, .T. ) ;
#1506 = CARTESIAN_POINT ( 'NONE',  ( 46.00000000000000000, 4.500000000000000000, 3.600000000000000089 ) ) ;
#1507 = VERTEX_POINT ( 'NONE', #1417 ) ;
#1508 = ORIENTED_EDGE ( 'NONE', *, *, #1145, .T. ) ;
#1509 = VECTOR ( 'NONE', #2544, 1000.000000000000000 ) ;
#1510 = CARTESIAN_POINT ( 'NONE',  ( 62.00000000000000000, -2.767949192431122807, 3.600000000000000089 ) ) ;
#1511 = ORIENTED_EDGE ( 'NONE', *, *, #2290, .T. ) ;
#1512 = DIRECTION ( 'NONE',  ( 0.000000000000000000, 1.000000000000000000, 0.000000000000000000 ) ) ;
#1513 = DIRECTION ( 'NONE',  ( 0.000000000000000000, 1.000000000000000000, -0.000000000000000000 ) ) ;
#1514 = ORIENTED_EDGE ( 'NONE', *, *, #2452, .T. ) ;
#1515 = CARTESIAN_POINT ( 'NONE',  ( 46.00000000000000000, -6.500000000000000000, 4.599999999999999645 ) ) ;
#1516 = EDGE_CURVE ( 'NONE', #289, #1871, #781, .T. ) ;
#1517 = CARTESIAN_POINT ( 'NONE',  ( 3.500000000000000000, -5.000000000000000000, 0.000000000000000000 ) ) ;
#1518 = AXIS2_PLACEMENT_3D ( 'NONE', #1253, #880, #269 ) ;
#1519 = VERTEX_POINT ( 'NONE', #366 ) ;
#1520 = ORIENTED_EDGE ( 'NONE', *, *, #1422, .F. ) ;
#1521 = CARTESIAN_POINT ( 'NONE',  ( 46.00000000000000000, 6.500000000000000000, 4.599999999999999645 ) ) ;
#1522 = EDGE_LOOP ( 'NONE', ( #37, #1092, #2201, #1334 ) ) ;
#1523 = AXIS2_PLACEMENT_3D ( 'NONE', #1401, #583, #969 ) ;
#1524 = EDGE_CURVE ( 'NONE', #2068, #162, #2212, .T. ) ;
#1525 = DIRECTION ( 'NONE',  ( 0.000000000000000000, 0.000000000000000000, -1.000000000000000000 ) ) ;
#1526 = CARTESIAN_POINT ( 'NONE',  ( 32.50000000000000000, -9.000000000000000000, 7.599999999999999645 ) ) ;
#1527 = VERTEX_POINT ( 'NONE', #970 ) ;
#1528 = VECTOR ( 'NONE', #419, 1000.000000000000000 ) ;
#1529 = DIRECTION ( 'NONE',  ( 0.000000000000000000, 0.000000000000000000, -1.000000000000000000 ) ) ;
#1530 = FACE_OUTER_BOUND ( 'NONE', #2494, .T. ) ;
#1531 = ORIENTED_EDGE ( 'NONE', *, *, #1227, .F. ) ;
#1532 = DIRECTION ( 'NONE',  ( 1.000000000000000000, 0.000000000000000000, 0.000000000000000000 ) ) ;
#1533 = DIRECTION ( 'NONE',  ( 0.000000000000000000, 1.000000000000000000, 0.000000000000000000 ) ) ;
#1534 = ORIENTED_EDGE ( 'NONE', *, *, #429, .F. ) ;
#1535 = FACE_OUTER_BOUND ( 'NONE', #528, .T. ) ;
#1536 = DIRECTION ( 'NONE',  ( 0.000000000000000000, 0.000000000000000000, 1.000000000000000000 ) ) ;
#1537 = DIRECTION ( 'NONE',  ( 0.000000000000000000, 0.000000000000000000, 1.000000000000000000 ) ) ;
#1538 = VERTEX_POINT ( 'NONE', #1761 ) ;
#1539 = CYLINDRICAL_SURFACE ( 'NONE', #708, 1.000000000000000000 ) ;
#1540 = AXIS2_PLACEMENT_3D ( 'NONE', #585, #2348, #1011 ) ;
#1541 = CARTESIAN_POINT ( 'NONE',  ( 69.47084973778700601, -0.5999999999999149347, 6.400000000000000355 ) ) ;
#1542 = VERTEX_POINT ( 'NONE', #779 ) ;
#1543 = ORIENTED_EDGE ( 'NONE', *, *, #2252, .F. ) ;
#1544 = LINE ( 'NONE', #2331, #994 ) ;
#1545 = ORIENTED_EDGE ( 'NONE', *, *, #704, .T. ) ;
#1546 = ADVANCED_FACE ( 'NONE', ( #2553 ), #2364, .F. ) ;
#1547 = LINE ( 'NONE', #2136, #2116 ) ;
#1548 =( LENGTH_UNIT ( ) NAMED_UNIT ( * ) SI_UNIT ( .MILLI., .METRE. ) );
#1549 = CARTESIAN_POINT ( 'NONE',  ( 18.00000000000000000, 9.000000000000000000, 11.70000000000000107 ) ) ;
#1550 = ORIENTED_EDGE ( 'NONE', *, *, #926, .F. ) ;
#1551 = DIRECTION ( 'NONE',  ( 0.000000000000000000, 0.000000000000000000, 1.000000000000000000 ) ) ;
#1552 = FACE_OUTER_BOUND ( 'NONE', #1468, .T. ) ;
#1553 = ADVANCED_FACE ( 'NONE', ( #815, #232 ), #1621, .F. ) ;
#1554 = ORIENTED_EDGE ( 'NONE', *, *, #2301, .F. ) ;
#1555 = LINE ( 'NONE', #933, #1382 ) ;
#1556 = DIRECTION ( 'NONE',  ( 0.000000000000000000, 0.000000000000000000, 1.000000000000000000 ) ) ;
#1557 = ORIENTED_EDGE ( 'NONE', *, *, #806, .F. ) ;
#1558 = FACE_OUTER_BOUND ( 'NONE', #1481, .T. ) ;
#1559 = VECTOR ( 'NONE', #1235, 1000.000000000000000 ) ;
#1560 = AXIS2_PLACEMENT_3D ( 'NONE', #444, #253, #2049 ) ;
#1561 = CARTESIAN_POINT ( 'NONE',  ( 18.00000000000000000, -10.00000000000000000, 3.799999999999999822 ) ) ;
#1562 = LINE ( 'NONE', #981, #963 ) ;
#1563 = CARTESIAN_POINT ( 'NONE',  ( 59.26794919243111792, 5.500000000000000000, 4.599999999999999645 ) ) ;
#1564 = EDGE_CURVE ( 'NONE', #270, #289, #785, .T. ) ;
#1565 = CARTESIAN_POINT ( 'NONE',  ( 44.00000000000000000, -4.500000000000000000, 3.600000000000000089 ) ) ;
#1566 = VECTOR ( 'NONE', #207, 1000.000000000000000 ) ;
#1567 = ORIENTED_EDGE ( 'NONE', *, *, #1588, .T. ) ;
#1568 = VERTEX_POINT ( 'NONE', #2577 ) ;
#1569 = CARTESIAN_POINT ( 'NONE',  ( 18.00000000000000000, -10.00000000000000000, 0.8000000000000000444 ) ) ;
#1570 = DIRECTION ( 'NONE',  ( 1.000000000000000000, -0.000000000000000000, -0.000000000000000000 ) ) ;
#1571 = ADVANCED_FACE ( 'NONE', ( #617 ), #2199, .F. ) ;
#1572 = ORIENTED_EDGE ( 'NONE', *, *, #1925, .T. ) ;
#1573 = VECTOR ( 'NONE', #1936, 1000.000000000000000 ) ;
#1574 = AXIS2_PLACEMENT_3D ( 'NONE', #2437, #2218, #833 ) ;
#1575 = LINE ( 'NONE', #1162, #572 ) ;
#1576 = CARTESIAN_POINT ( 'NONE',  ( 32.50000000000000000, 9.000000000000000000, 7.599999999999999645 ) ) ;
#1577 = CARTESIAN_POINT ( 'NONE',  ( 18.00000000000000000, -10.00000000000000000, 11.70000000000000107 ) ) ;
#1578 = CYLINDRICAL_SURFACE ( 'NONE', #281, 2.000000000000001776 ) ;
#1579 = EDGE_CURVE ( 'NONE', #1051, #2414, #1295, .T. ) ;
#1580 = CARTESIAN_POINT ( 'NONE',  ( 62.00000000000000000, -4.500000000000000000, 3.600000000000000089 ) ) ;
#1581 = EDGE_LOOP ( 'NONE', ( #1275, #1217, #1511, #2357 ) ) ;
#1582 = LINE ( 'NONE', #758, #436 ) ;
#1583 = DIRECTION ( 'NONE',  ( 0.000000000000000000, 1.000000000000000000, 0.000000000000000000 ) ) ;
#1584 = DIRECTION ( 'NONE',  ( -0.000000000000000000, -1.000000000000000000, 0.000000000000000000 ) ) ;
#1585 = ORIENTED_EDGE ( 'NONE', *, *, #2189, .T. ) ;
#1586 = CARTESIAN_POINT ( 'NONE',  ( 75.00000000000000000, -9.000000000000000000, 0.000000000000000000 ) ) ;
#1587 = CARTESIAN_POINT ( 'NONE',  ( 44.00000000000000000, -4.500000000000000000, 3.600000000000000089 ) ) ;
#1588 = EDGE_CURVE ( 'NONE', #1051, #2510, #976, .T. ) ;
#1589 = LINE ( 'NONE', #18, #1053 ) ;
#1590 = CARTESIAN_POINT ( 'NONE',  ( 6.500000000000000888, 5.000000000000000000, -1.000000000000000000 ) ) ;
#1591 = DIRECTION ( 'NONE',  ( 0.000000000000000000, 0.000000000000000000, 1.000000000000000000 ) ) ;
#1592 = EDGE_CURVE ( 'NONE', #2474, #500, #1214, .T. ) ;
#1593 = VERTEX_POINT ( 'NONE', #591 ) ;
#1594 = DIRECTION ( 'NONE',  ( 0.000000000000000000, 0.000000000000000000, 1.000000000000000000 ) ) ;
#1595 = DIRECTION ( 'NONE',  ( 0.000000000000000000, 1.000000000000000000, 0.000000000000000000 ) ) ;
#1596 = CYLINDRICAL_SURFACE ( 'NONE', #1987, 0.7999999999999951594 ) ;
#1597 = ORIENTED_EDGE ( 'NONE', *, *, #1301, .F. ) ;
#1598 = DIRECTION ( 'NONE',  ( 1.000000000000000000, 0.000000000000000000, 0.000000000000000000 ) ) ;
#1599 = AXIS2_PLACEMENT_3D ( 'NONE', #356, #919, #756 ) ;
#1600 = EDGE_LOOP ( 'NONE', ( #477, #1799, #223, #2467, #2132, #440, #1398, #1957, #2061, #590, #1066, #2329, #711, #703 ) ) ;
#1601 = PRESENTATION_STYLE_ASSIGNMENT (( #2362 ) ) ;
#1602 = DIRECTION ( 'NONE',  ( 0.000000000000000000, 0.000000000000000000, 1.000000000000000000 ) ) ;
#1603 = ADVANCED_FACE ( 'NONE', ( #1224 ), #396, .T. ) ;
#1604 = VECTOR ( 'NONE', #2026, 1000.000000000000000 ) ;
#1605 = DIRECTION ( 'NONE',  ( 0.000000000000000000, 0.000000000000000000, 1.000000000000000000 ) ) ;
#1606 = DIRECTION ( 'NONE',  ( 0.000000000000000000, 0.000000000000000000, 1.000000000000000000 ) ) ;
#1607 = EDGE_LOOP ( 'NONE', ( #2298, #962 ) ) ;
#1608 = DIRECTION ( 'NONE',  ( 0.000000000000000000, -1.000000000000000000, -0.000000000000000000 ) ) ;
#1609 = MECHANICAL_DESIGN_GEOMETRIC_PRESENTATION_REPRESENTATION (  '', ( #1486 ), #2317 ) ;
#1610 = VECTOR ( 'NONE', #1503, 1000.000000000000000 ) ;
#1611 = LINE ( 'NONE', #2016, #1426 ) ;
#1612 = LINE ( 'NONE', #2200, #1113 ) ;
#1613 = ORIENTED_EDGE ( 'NONE', *, *, #1314, .T. ) ;
#1614 = DIRECTION ( 'NONE',  ( 0.000000000000000000, 1.000000000000000000, 0.000000000000000000 ) ) ;
#1615 = EDGE_LOOP ( 'NONE', ( #1027, #1034, #753, #1048, #43, #783, #1496 ) ) ;
#1616 = FACE_BOUND ( 'NONE', #1607, .T. ) ;
#1617 = CARTESIAN_POINT ( 'NONE',  ( 69.80295396020933651, 0.7999999999999976019, 7.799999999999998046 ) ) ;
#1618 = DIRECTION ( 'NONE',  ( 0.000000000000000000, 0.000000000000000000, 1.000000000000000000 ) ) ;
#1619 = VERTEX_POINT ( 'NONE', #2560 ) ;
#1620 = PLANE ( 'NONE',  #1008 ) ;
#1621 = PLANE ( 'NONE',  #920 ) ;
#1622 = LINE ( 'NONE', #2434, #903 ) ;
#1623 = CIRCLE ( 'NONE', #252, 1.000000000000000000 ) ;
#1624 = VERTEX_POINT ( 'NONE', #206 ) ;
#1625 = CIRCLE ( 'NONE', #293, 0.7999999999999951594 ) ;
#1626 = CARTESIAN_POINT ( 'NONE',  ( 62.00000000000000000, 4.500000000000000000, 3.600000000000000089 ) ) ;
#1627 = EDGE_CURVE ( 'NONE', #2106, #2065, #418, .T. ) ;
#1628 = VERTEX_POINT ( 'NONE', #1017 ) ;
#1629 = CARTESIAN_POINT ( 'NONE',  ( 70.00000000000000000, -10.00000000000000000, 7.000000000000000000 ) ) ;
#1630 = FACE_OUTER_BOUND ( 'NONE', #1073, .T. ) ;
#1631 = VERTEX_POINT ( 'NONE', #2370 ) ;
#1632 = LINE ( 'NONE', #2443, #216 ) ;
#1633 = EDGE_CURVE ( 'NONE', #1527, #1858, #1611, .T. ) ;
#1634 = DIRECTION ( 'NONE',  ( 1.000000000000000000, 0.000000000000000000, 0.000000000000000000 ) ) ;
#1635 = DIRECTION ( 'NONE',  ( 0.000000000000000000, 1.000000000000000000, 0.000000000000000000 ) ) ;
#1636 = ORIENTED_EDGE ( 'NONE', *, *, #2107, .F. ) ;
#1637 = EDGE_CURVE ( 'NONE', #283, #263, #1990, .T. ) ;
#1638 = DIRECTION ( 'NONE',  ( 1.000000000000000000, 0.000000000000000000, 0.000000000000000000 ) ) ;
#1639 = ORIENTED_EDGE ( 'NONE', *, *, #1021, .F. ) ;
#1640 = AXIS2_PLACEMENT_3D ( 'NONE', #1985, #1591, #1367 ) ;
#1641 = CARTESIAN_POINT ( 'NONE',  ( 75.00000000000000000, -9.000000000000000000, 14.00000000000000000 ) ) ;
#1642 = FACE_OUTER_BOUND ( 'NONE', #2526, .T. ) ;
#1643 = VERTEX_POINT ( 'NONE', #1423 ) ;
#1644 = EDGE_CURVE ( 'NONE', #868, #1871, #2459, .T. ) ;
#1645 = CARTESIAN_POINT ( 'NONE',  ( 11.29999999999999893, 5.000000000000000000, 0.000000000000000000 ) ) ;
#1646 = DIRECTION ( 'NONE',  ( 0.000000000000000000, 0.000000000000000000, 1.000000000000000000 ) ) ;
#1647 = VERTEX_POINT ( 'NONE', #1976 ) ;
#1648 = EDGE_CURVE ( 'NONE', #2197, #1538, #190, .T. ) ;
#1649 = DIRECTION ( 'NONE',  ( 1.000000000000000000, 0.000000000000000000, 0.000000000000000000 ) ) ;
#1650 = AXIS2_PLACEMENT_3D ( 'NONE', #1970, #2554, #982 ) ;
#1651 = AXIS2_PLACEMENT_3D ( 'NONE', #1832, #40, #2398 ) ;
#1652 = ORIENTED_EDGE ( 'NONE', *, *, #979, .F. ) ;
#1653 = FACE_BOUND ( 'NONE', #1920, .T. ) ;
#1654 = VECTOR ( 'NONE', #1570, 1000.000000000000000 ) ;
#1655 = AXIS2_PLACEMENT_3D ( 'NONE', #980, #1980, #141 ) ;
#1656 = DIRECTION ( 'NONE',  ( 0.000000000000000000, 1.000000000000000000, 0.000000000000000000 ) ) ;
#1657 = ORIENTED_EDGE ( 'NONE', *, *, #722, .T. ) ;
#1658 = CARTESIAN_POINT ( 'NONE',  ( 13.00000000000000000, -5.000000000000000000, -1.000000000000000000 ) ) ;
#1659 = EDGE_CURVE ( 'NONE', #1412, #1485, #1797, .T. ) ;
#1660 = PLANE ( 'NONE',  #1440 ) ;
#1661 = ORIENTED_EDGE ( 'NONE', *, *, #1789, .F. ) ;
#1662 = VERTEX_POINT ( 'NONE', #24 ) ;
#1663 = LINE ( 'NONE', #1094, #1330 ) ;
#1664 = AXIS2_PLACEMENT_3D ( 'NONE', #2033, #248, #2231 ) ;
#1665 = ORIENTED_EDGE ( 'NONE', *, *, #2123, .T. ) ;
#1666 = AXIS2_PLACEMENT_3D ( 'NONE', #2478, #685, #2517 ) ;
#1667 = CIRCLE ( 'NONE', #1341, 2.000000000000001776 ) ;
#1668 = EDGE_CURVE ( 'NONE', #907, #2265, #1198, .T. ) ;
#1669 = DIRECTION ( 'NONE',  ( 0.000000000000000000, 0.000000000000000000, 1.000000000000000000 ) ) ;
#1670 = EDGE_CURVE ( 'NONE', #1542, #1960, #168, .T. ) ;
#1671 = DIRECTION ( 'NONE',  ( 0.000000000000000000, 0.000000000000000000, -1.000000000000000000 ) ) ;
#1672 = ORIENTED_EDGE ( 'NONE', *, *, #1853, .T. ) ;
#1673 = CYLINDRICAL_SURFACE ( 'NONE', #1304, 1.000000000000000000 ) ;
#1674 = DIRECTION ( 'NONE',  ( 0.000000000000000000, 1.000000000000000000, 0.000000000000000000 ) ) ;
#1675 = ORIENTED_EDGE ( 'NONE', *, *, #1145, .F. ) ;
#1676 = ORIENTED_EDGE ( 'NONE', *, *, #1564, .F. ) ;
#1677 = DIRECTION ( 'NONE',  ( 0.000000000000000000, 1.000000000000000000, 0.000000000000000000 ) ) ;
#1678 = ORIENTED_EDGE ( 'NONE', *, *, #63, .T. ) ;
#1679 = ADVANCED_FACE ( 'NONE', ( #1434 ), #2226, .F. ) ;
#1680 =( BOUNDED_CURVE ( )  B_SPLINE_CURVE ( 3, ( #245, #689, #666, #2253 ),
 .UNSPECIFIED., .F., .F. ) 
 B_SPLINE_CURVE_WITH_KNOTS ( ( 4, 4 ),
 ( 3.141592653589793116, 3.864326901403279280 ),
 .UNSPECIFIED. ) 
 CURVE ( )  GEOMETRIC_REPRESENTATION_ITEM ( )  RATIONAL_B_SPLINE_CURVE ( ( 1.000000000000000000, 0.9569428977956484506, 0.9569428977956484506, 1.000000000000000000 ) ) 
 REPRESENTATION_ITEM ( '' )  );
#1681 = EDGE_CURVE ( 'NONE', #322, #868, #1080, .T. ) ;
#1682 = CARTESIAN_POINT ( 'NONE',  ( 13.00000000000000000, 5.000000000000000000, 0.000000000000000000 ) ) ;
#1683 = DIRECTION ( 'NONE',  ( 1.000000000000000000, 0.000000000000000000, 0.000000000000000000 ) ) ;
#1684 = ORIENTED_EDGE ( 'NONE', *, *, #887, .F. ) ;
#1685 = LINE ( 'NONE', #2101, #2296 ) ;
#1686 = DIRECTION ( 'NONE',  ( 0.000000000000000000, 0.000000000000000000, 1.000000000000000000 ) ) ;
#1687 = CIRCLE ( 'NONE', #562, 0.7999999999999951594 ) ;
#1688 = ORIENTED_EDGE ( 'NONE', *, *, #1633, .F. ) ;
#1689 = EDGE_LOOP ( 'NONE', ( #1848, #1727, #1657, #1909 ) ) ;
#1690 = TOROIDAL_SURFACE ( 'NONE', #240, 1.000000000000000000, 1.000000000000000000 ) ;
#1691 = CARTESIAN_POINT ( 'NONE',  ( 45.00000000000000000, -4.500000000000000000, 4.599999999999999645 ) ) ;
#1692 = ORIENTED_EDGE ( 'NONE', *, *, #1859, .T. ) ;
#1693 = AXIS2_PLACEMENT_3D ( 'NONE', #888, #1718, #1683 ) ;
#1694 = AXIS2_PLACEMENT_3D ( 'NONE', #2158, #36, #1606 ) ;
#1695 = DIRECTION ( 'NONE',  ( 1.000000000000000000, 0.000000000000000000, 0.000000000000000000 ) ) ;
#1696 = LINE ( 'NONE', #1350, #1942 ) ;
#1697 = ORIENTED_EDGE ( 'NONE', *, *, #1373, .T. ) ;
#1698 = CARTESIAN_POINT ( 'NONE',  ( 6.500000000000000888, -5.000000000000000000, 0.000000000000000000 ) ) ;
#1699 = CIRCLE ( 'NONE', #1454, 0.8000000000000003775 ) ;
#1700 = CARTESIAN_POINT ( 'NONE',  ( 63.00000000000000000, -4.500000000000000000, 3.600000000000000089 ) ) ;
#1701 = VERTEX_POINT ( 'NONE', #855 ) ;
#1702 = ORIENTED_EDGE ( 'NONE', *, *, #894, .T. ) ;
#1703 = FACE_OUTER_BOUND ( 'NONE', #2435, .T. ) ;
#1704 = ORIENTED_EDGE ( 'NONE', *, *, #955, .T. ) ;
#1705 = EDGE_CURVE ( 'NONE', #302, #2346, #891, .T. ) ;
#1706 = VECTOR ( 'NONE', #189, 1000.000000000000000 ) ;
#1707 = AXIS2_PLACEMENT_3D ( 'NONE', #1577, #573, #2165 ) ;
#1708 = DIRECTION ( 'NONE',  ( 1.000000000000000000, 0.000000000000000000, 0.000000000000000000 ) ) ;
#1709 = FACE_OUTER_BOUND ( 'NONE', #1883, .T. ) ;
#1710 = EDGE_LOOP ( 'NONE', ( #553, #949, #1857, #307 ) ) ;
#1711 = DIRECTION ( 'NONE',  ( 1.000000000000000000, 0.000000000000000000, 0.000000000000000000 ) ) ;
#1712 = DIRECTION ( 'NONE',  ( 1.000000000000000000, 0.000000000000000000, 0.000000000000000000 ) ) ;
#1713 = ORIENTED_EDGE ( 'NONE', *, *, #829, .T. ) ;
#1714 = ORIENTED_EDGE ( 'NONE', *, *, #292, .T. ) ;
#1715 = EDGE_LOOP ( 'NONE', ( #1748, #2187, #1302, #2558, #451, #1893, #2092, #1531 ) ) ;
#1716 = ADVANCED_FACE ( 'NONE', ( #675 ), #1660, .F. ) ;
#1717 = CARTESIAN_POINT ( 'NONE',  ( 6.500000000000000888, 5.000000000000000000, 0.000000000000000000 ) ) ;
#1718 = DIRECTION ( 'NONE',  ( 0.000000000000000000, 0.000000000000000000, 1.000000000000000000 ) ) ;
#1719 = ORIENTED_EDGE ( 'NONE', *, *, #545, .F. ) ;
#1720 = FACE_OUTER_BOUND ( 'NONE', #1522, .T. ) ;
#1721 = CARTESIAN_POINT ( 'NONE',  ( 70.00000000000000000, 0.000000000000000000, 14.00000000000000178 ) ) ;
#1722 = CIRCLE ( 'NONE', #392, 2.000000000000001776 ) ;
#1723 = EDGE_CURVE ( 'NONE', #322, #1229, #1271, .T. ) ;
#1724 = VERTEX_POINT ( 'NONE', #1869 ) ;
#1725 = CARTESIAN_POINT ( 'NONE',  ( 23.00000000000000000, -6.500000000000000000, 14.00000000000000000 ) ) ;
#1726 = FACE_OUTER_BOUND ( 'NONE', #1169, .T. ) ;
#1727 = ORIENTED_EDGE ( 'NONE', *, *, #584, .T. ) ;
#1728 = CARTESIAN_POINT ( 'NONE',  ( 46.00000000000000000, 4.500000000000000000, 3.600000000000000089 ) ) ;
#1729 = APPLICATION_PROTOCOL_DEFINITION ( 'draft international standard', 'automotive_design', 1998, #155 ) ;
#1730 = AXIS2_PLACEMENT_3D ( 'NONE', #624, #2451, #1864 ) ;
#1731 = EDGE_CURVE ( 'NONE', #162, #1898, #2263, .T. ) ;
#1732 = LINE ( 'NONE', #1887, #897 ) ;
#1733 = DIRECTION ( 'NONE',  ( 0.000000000000000000, 0.000000000000000000, 1.000000000000000000 ) ) ;
#1734 = ORIENTED_EDGE ( 'NONE', *, *, #1821, .T. ) ;
#1735 = VECTOR ( 'NONE', #794, 1000.000000000000000 ) ;
#1736 = CARTESIAN_POINT ( 'NONE',  ( 18.00000000000000000, -10.00000000000000000, 0.8000000000000000444 ) ) ;
#1737 = CYLINDRICAL_SURFACE ( 'NONE', #678, 1.000000000000000000 ) ;
#1738 = EDGE_CURVE ( 'NONE', #523, #1081, #309, .T. ) ;
#1739 = VERTEX_POINT ( 'NONE', #1856 ) ;
#1740 = CARTESIAN_POINT ( 'NONE',  ( 63.00000000000000000, -6.750000000000000000, 14.00000000000000000 ) ) ;
#1741 = CARTESIAN_POINT ( 'NONE',  ( 11.29999999999999893, -5.000000000000000000, 14.00000000000000000 ) ) ;
#1742 = VERTEX_POINT ( 'NONE', #1479 ) ;
#1743 = FACE_OUTER_BOUND ( 'NONE', #923, .T. ) ;
#1744 = EDGE_CURVE ( 'NONE', #2162, #2243, #718, .T. ) ;
#1745 = LINE ( 'NONE', #1010, #400 ) ;
#1746 = VECTOR ( 'NONE', #2382, 1000.000000000000000 ) ;
#1747 = CARTESIAN_POINT ( 'NONE',  ( 69.47084973778700601, -0.5999999999999149347, 6.400000000000000355 ) ) ;
#1748 = ORIENTED_EDGE ( 'NONE', *, *, #103, .F. ) ;
#1749 = FACE_BOUND ( 'NONE', #1715, .T. ) ;
#1750 = AXIS2_PLACEMENT_3D ( 'NONE', #1410, #770, #221 ) ;
#1751 = EDGE_CURVE ( 'NONE', #1347, #162, #2184, .T. ) ;
#1752 = CARTESIAN_POINT ( 'NONE',  ( 47.73205080756887497, -5.499999999999999112, 3.600000000000000089 ) ) ;
#1753 = ORIENTED_EDGE ( 'NONE', *, *, #2375, .T. ) ;
#1754 = EDGE_LOOP ( 'NONE', ( #46, #1912 ) ) ;
#1755 = LINE ( 'NONE', #1521, #1654 ) ;
#1756 = AXIS2_PLACEMENT_3D ( 'NONE', #2495, #1905, #866 ) ;
#1757 = ORIENTED_EDGE ( 'NONE', *, *, #161, .F. ) ;
#1758 = DIRECTION ( 'NONE',  ( 0.000000000000000000, -1.000000000000000000, -0.000000000000000000 ) ) ;
#1759 = EDGE_CURVE ( 'NONE', #606, #1889, #808, .T. ) ;
#1760 = CYLINDRICAL_SURFACE ( 'NONE', #2153, 0.7999999999999951594 ) ;
#1761 = CARTESIAN_POINT ( 'NONE',  ( 61.00000000000000000, -5.500000000000000000, 3.600000000000000089 ) ) ;
#1762 = ORIENTED_EDGE ( 'NONE', *, *, #1827, .F. ) ;
#1763 = FACE_OUTER_BOUND ( 'NONE', #1087, .T. ) ;
#1764 = EDGE_CURVE ( 'NONE', #2104, #577, #531, .T. ) ;
#1765 = DIRECTION ( 'NONE',  ( 0.000000000000000000, 0.000000000000000000, 1.000000000000000000 ) ) ;
#1766 = ORIENTED_EDGE ( 'NONE', *, *, #1950, .T. ) ;
#1767 = LINE ( 'NONE', #204, #681 ) ;
#1768 = EDGE_CURVE ( 'NONE', #2450, #1724, #1680, .T. ) ;
#1769 = CIRCLE ( 'NONE', #637, 0.7999999999999951594 ) ;
#1770 = CARTESIAN_POINT ( 'NONE',  ( 44.00000000000000000, -4.500000000000000000, 3.600000000000000089 ) ) ;
#1771 = DIRECTION ( 'NONE',  ( 0.000000000000000000, 0.000000000000000000, 1.000000000000000000 ) ) ;
#1772 = VERTEX_POINT ( 'NONE', #1493 ) ;
#1773 = CARTESIAN_POINT ( 'NONE',  ( 45.00000000000000000, 4.500000000000000000, 4.599999999999999645 ) ) ;
#1774 = EDGE_CURVE ( 'NONE', #1139, #1158, #1722, .T. ) ;
#1775 = VECTOR ( 'NONE', #1308, 1000.000000000000000 ) ;
#1776 = DIRECTION ( 'NONE',  ( 0.000000000000000000, 0.000000000000000000, 1.000000000000000000 ) ) ;
#1777 = DIRECTION ( 'NONE',  ( 1.000000000000000000, 0.000000000000000000, 0.000000000000000000 ) ) ;
#1778 = CARTESIAN_POINT ( 'NONE',  ( 61.00000000000000000, 6.500000000000000000, 4.599999999999999645 ) ) ;
#1779 = CARTESIAN_POINT ( 'NONE',  ( 0.000000000000000000, 9.000000000000000000, 0.000000000000000000 ) ) ;
#1780 = VECTOR ( 'NONE', #2215, 1000.000000000000000 ) ;
#1781 = ORIENTED_EDGE ( 'NONE', *, *, #285, .T. ) ;
#1782 = DIRECTION ( 'NONE',  ( 1.000000000000000000, 0.000000000000000000, 0.000000000000000000 ) ) ;
#1783 = DIRECTION ( 'NONE',  ( 1.000000000000000000, 0.000000000000000000, 0.000000000000000000 ) ) ;
#1784 = CARTESIAN_POINT ( 'NONE',  ( 61.00000000000000000, -6.500000000000000000, 14.00000000000000000 ) ) ;
#1785 = ORIENTED_EDGE ( 'NONE', *, *, #922, .F. ) ;
#1786 = AXIS2_PLACEMENT_3D ( 'NONE', #1951, #1771, #2147 ) ;
#1787 = CIRCLE ( 'NONE', #996, 1.000000000000000000 ) ;
#1788 = CARTESIAN_POINT ( 'NONE',  ( 18.00000000000000000, -9.000000000000000000, 13.19999999999999929 ) ) ;
#1789 = EDGE_CURVE ( 'NONE', #1194, #741, #2446, .T. ) ;
#1790 = FACE_OUTER_BOUND ( 'NONE', #1001, .T. ) ;
#1791 = CARTESIAN_POINT ( 'NONE',  ( 69.47084973778599704, -9.000000000000000000, 6.400000000000000355 ) ) ;
#1792 = CARTESIAN_POINT ( 'NONE',  ( 69.47084973778700601, 0.5999999999999149347, 7.599999999999999645 ) ) ;
#1793 = FACE_OUTER_BOUND ( 'NONE', #507, .T. ) ;
#1794 = VECTOR ( 'NONE', #1677, 1000.000000000000000 ) ;
#1795 = EDGE_LOOP ( 'NONE', ( #472, #1364, #139, #1387 ) ) ;
#1796 = CARTESIAN_POINT ( 'NONE',  ( 65.00000000000000000, -10.00000000000000000, 7.000000000000000000 ) ) ;
#1797 = LINE ( 'NONE', #1210, #1085 ) ;
#1798 = DIRECTION ( 'NONE',  ( 1.000000000000000000, -0.000000000000000000, 0.000000000000000000 ) ) ;
#1799 = ORIENTED_EDGE ( 'NONE', *, *, #337, .F. ) ;
#1800 = DIRECTION ( 'NONE',  ( 1.000000000000000000, 0.000000000000000000, 0.000000000000000000 ) ) ;
#1801 = EDGE_CURVE ( 'NONE', #61, #340, #852, .T. ) ;
#1802 = LINE ( 'NONE', #1641, #728 ) ;
#1803 = LINE ( 'NONE', #1152, #2003 ) ;
#1804 = CARTESIAN_POINT ( 'NONE',  ( 62.00000000000000000, -2.767949192431123695, 4.599999999999999645 ) ) ;
#1805 = FACE_OUTER_BOUND ( 'NONE', #2343, .T. ) ;
#1806 = ORIENTED_EDGE ( 'NONE', *, *, #1283, .F. ) ;
#1807 = DIRECTION ( 'NONE',  ( 0.000000000000000000, 0.000000000000000000, 1.000000000000000000 ) ) ;
#1808 = CARTESIAN_POINT ( 'NONE',  ( 63.00000000000000000, -5.500000000000000000, 3.600000000000000089 ) ) ;
#1809 = CARTESIAN_POINT ( 'NONE',  ( 69.47084973778700601, -10.00000000000000000, 6.400000000000000355 ) ) ;
#1810 = ORIENTED_EDGE ( 'NONE', *, *, #1301, .T. ) ;
#1811 = VECTOR ( 'NONE', #2328, 1000.000000000000000 ) ;
#1812 = ORIENTED_EDGE ( 'NONE', *, *, #926, .T. ) ;
#1813 = AXIS2_PLACEMENT_3D ( 'NONE', #243, #38, #2410 ) ;
#1814 = CYLINDRICAL_SURFACE ( 'NONE', #2358, 1.000000000000000000 ) ;
#1815 = AXIS2_PLACEMENT_3D ( 'NONE', #2137, #2295, #2126 ) ;
#1816 = DIRECTION ( 'NONE',  ( 0.000000000000000000, 1.000000000000000000, 0.000000000000000000 ) ) ;
#1817 = DIRECTION ( 'NONE',  ( 0.000000000000000000, 0.000000000000000000, 1.000000000000000000 ) ) ;
#1818 = EDGE_LOOP ( 'NONE', ( #978, #2325 ) ) ;
#1819 = CARTESIAN_POINT ( 'NONE',  ( 62.00000000000000000, -4.500000000000000000, 4.599999999999999645 ) ) ;
#1820 = AXIS2_PLACEMENT_3D ( 'NONE', #378, #2191, #2402 ) ;
#1821 = EDGE_CURVE ( 'NONE', #2346, #1425, #1446, .T. ) ;
#1822 = CARTESIAN_POINT ( 'NONE',  ( 75.00000000000000000, -9.000000000000000000, 0.000000000000000000 ) ) ;
#1823 = CARTESIAN_POINT ( 'NONE',  ( 46.00000000000000000, -5.500000000000000000, 4.599999999999999645 ) ) ;
#1824 = ORIENTED_EDGE ( 'NONE', *, *, #297, .F. ) ;
#1825 = EDGE_LOOP ( 'NONE', ( #1181, #2310, #487, #581, #75, #2438, #693, #1306, #318, #2442, #242, #2150, #2170, #2368 ) ) ;
#1826 = FACE_BOUND ( 'NONE', #427, .T. ) ;
#1827 = EDGE_CURVE ( 'NONE', #971, #1593, #2395, .T. ) ;
#1828 = LINE ( 'NONE', #278, #478 ) ;
#1829 = VERTEX_POINT ( 'NONE', #1057 ) ;
#1830 = DIRECTION ( 'NONE',  ( 0.000000000000000000, 0.000000000000000000, 1.000000000000000000 ) ) ;
#1831 = DIRECTION ( 'NONE',  ( 0.000000000000000000, 0.000000000000000000, 1.000000000000000000 ) ) ;
#1832 = CARTESIAN_POINT ( 'NONE',  ( 61.00000000000000000, -4.500000000000000000, 3.600000000000000089 ) ) ;
#1833 = EDGE_LOOP ( 'NONE', ( #1514, #2183, #382, #1226, #51, #1380 ) ) ;
#1834 = ADVANCED_FACE ( 'NONE', ( #60 ), #1263, .T. ) ;
#1835 = AXIS2_PLACEMENT_3D ( 'NONE', #1190, #997, #379 ) ;
#1836 = CARTESIAN_POINT ( 'NONE',  ( 61.00000000000000000, -4.500000000000000000, 3.600000000000000089 ) ) ;
#1837 = ORIENTED_EDGE ( 'NONE', *, *, #1925, .F. ) ;
#1838 = ADVANCED_FACE ( 'NONE', ( #743 ), #1475, .F. ) ;
#1839 = DIRECTION ( 'NONE',  ( 1.000000000000000000, 0.000000000000000000, 0.000000000000000000 ) ) ;
#1840 = VECTOR ( 'NONE', #727, 1000.000000000000000 ) ;
#1841 = DIRECTION ( 'NONE',  ( 1.000000000000000000, 0.000000000000000000, 0.000000000000000000 ) ) ;
#1842 = ORIENTED_EDGE ( 'NONE', *, *, #54, .F. ) ;
#1843 = CARTESIAN_POINT ( 'NONE',  ( 44.00000000000000000, -4.500000000000000000, 3.600000000000000089 ) ) ;
#1844 = ADVANCED_FACE ( 'NONE', ( #2102 ), #905, .F. ) ;
#1845 = DIRECTION ( 'NONE',  ( 0.000000000000000000, 1.000000000000000000, 0.000000000000000000 ) ) ;
#1846 = ORIENTED_EDGE ( 'NONE', *, *, #117, .F. ) ;
#1847 = CARTESIAN_POINT ( 'NONE',  ( 46.00000000000000000, -6.500000000000000000, 3.600000000000000089 ) ) ;
#1848 = ORIENTED_EDGE ( 'NONE', *, *, #2294, .F. ) ;
#1849 = AXIS2_PLACEMENT_3D ( 'NONE', #1090, #2469, #1634 ) ;
#1850 = CARTESIAN_POINT ( 'NONE',  ( 70.52915026221299399, 0.5999999999999998668, 6.400000000000000355 ) ) ;
#1851 = EDGE_CURVE ( 'NONE', #247, #2427, #947, .T. ) ;
#1852 = CARTESIAN_POINT ( 'NONE',  ( 9.000000000000000000, -9.000000000000000000, 0.8000000000000000444 ) ) ;
#1853 = EDGE_CURVE ( 'NONE', #2014, #1158, #1156, .T. ) ;
#1854 = ORIENTED_EDGE ( 'NONE', *, *, #329, .T. ) ;
#1855 = DIRECTION ( 'NONE',  ( 0.000000000000000000, -1.000000000000000000, 0.000000000000000000 ) ) ;
#1856 = CARTESIAN_POINT ( 'NONE',  ( 14.69999999999999929, 5.000000000000000000, 0.000000000000000000 ) ) ;
#1857 = ORIENTED_EDGE ( 'NONE', *, *, #2557, .T. ) ;
#1858 = VERTEX_POINT ( 'NONE', #2496 ) ;
#1859 = EDGE_CURVE ( 'NONE', #2174, #735, #2229, .T. ) ;
#1860 = LINE ( 'NONE', #679, #416 ) ;
#1861 = AXIS2_PLACEMENT_3D ( 'NONE', #1024, #1816, #613 ) ;
#1862 = ORIENTED_EDGE ( 'NONE', *, *, #599, .F. ) ;
#1863 = EDGE_CURVE ( 'NONE', #1485, #735, #2534, .T. ) ;
#1864 = DIRECTION ( 'NONE',  ( 1.000000000000000000, 0.000000000000000000, 0.000000000000000000 ) ) ;
#1865 = EDGE_CURVE ( 'NONE', #1507, #2104, #2515, .T. ) ;
#1866 = DIRECTION ( 'NONE',  ( 1.000000000000000000, 0.000000000000000000, 0.000000000000000000 ) ) ;
#1867 = VERTEX_POINT ( 'NONE', #328 ) ;
#1868 = DIRECTION ( 'NONE',  ( 0.000000000000000000, 0.000000000000000000, 1.000000000000000000 ) ) ;
#1869 = CARTESIAN_POINT ( 'NONE',  ( 70.52915026221299399, -0.5999999999999998668, 7.599999999999999645 ) ) ;
#1870 = ORIENTED_EDGE ( 'NONE', *, *, #285, .F. ) ;
#1871 = VERTEX_POINT ( 'NONE', #1541 ) ;
#1872 = CARTESIAN_POINT ( 'NONE',  ( 69.78833989511480240, 0.8800000000000164357, 6.119999999999983231 ) ) ;
#1873 = AXIS2_PLACEMENT_3D ( 'NONE', #1691, #490, #2070 ) ;
#1874 = ORIENTED_EDGE ( 'NONE', *, *, #825, .F. ) ;
#1875 = VECTOR ( 'NONE', #988, 1000.000000000000000 ) ;
#1876 = LINE ( 'NONE', #1443, #1040 ) ;
#1877 = VECTOR ( 'NONE', #2299, 1000.000000000000000 ) ;
#1878 = FACE_OUTER_BOUND ( 'NONE', #2009, .T. ) ;
#1879 = ORIENTED_EDGE ( 'NONE', *, *, #1954, .F. ) ;
#1880 = LINE ( 'NONE', #95, #1877 ) ;
#1881 = CARTESIAN_POINT ( 'NONE',  ( 70.00000000000000000, 0.8000000000000003775, 7.799999999999999822 ) ) ;
#1882 = ORIENTED_EDGE ( 'NONE', *, *, #2095, .T. ) ;
#1883 = EDGE_LOOP ( 'NONE', ( #796, #961, #858, #686 ) ) ;
#1884 = LINE ( 'NONE', #273, #1117 ) ;
#1885 = VERTEX_POINT ( 'NONE', #1342 ) ;
#1886 = AXIS2_PLACEMENT_3D ( 'NONE', #486, #641, #471 ) ;
#1887 = CARTESIAN_POINT ( 'NONE',  ( 62.00000000000000000, -4.500000000000000000, 3.600000000000000089 ) ) ;
#1888 = DIRECTION ( 'NONE',  ( 0.000000000000000000, 1.000000000000000000, 0.000000000000000000 ) ) ;
#1889 = VERTEX_POINT ( 'NONE', #1752 ) ;
#1890 = CARTESIAN_POINT ( 'NONE',  ( 70.00000000000000000, 0.000000000000000000, 0.000000000000000000 ) ) ;
#1891 = CARTESIAN_POINT ( 'NONE',  ( 13.00000000000000000, -5.000000000000000000, 14.00000000000000000 ) ) ;
#1892 = VECTOR ( 'NONE', #1029, 1000.000000000000000 ) ;
#1893 = ORIENTED_EDGE ( 'NONE', *, *, #1627, .F. ) ;
#1894 = ORIENTED_EDGE ( 'NONE', *, *, #588, .T. ) ;
#1895 = CIRCLE ( 'NONE', #1245, 0.7999999999999951594 ) ;
#1896 = ADVANCED_FACE ( 'NONE', ( #123 ), #1737, .F. ) ;
#1897 = LINE ( 'NONE', #115, #2114 ) ;
#1898 = VERTEX_POINT ( 'NONE', #1300 ) ;
#1899 = CIRCLE ( 'NONE', #153, 0.7499999999999997780 ) ;
#1900 = CARTESIAN_POINT ( 'NONE',  ( 45.00000000000000000, -2.767949192431123695, 3.600000000000000089 ) ) ;
#1901 = CYLINDRICAL_SURFACE ( 'NONE', #687, 0.8000000000000003775 ) ;
#1902 = ORIENTED_EDGE ( 'NONE', *, *, #1579, .T. ) ;
#1903 = EDGE_CURVE ( 'NONE', #1081, #523, #474, .T. ) ;
#1904 = AXIS2_PLACEMENT_3D ( 'NONE', #883, #2512, #99 ) ;
#1905 = DIRECTION ( 'NONE',  ( 0.000000000000000000, 0.000000000000000000, 1.000000000000000000 ) ) ;
#1906 = CIRCLE ( 'NONE', #2576, 1.700000000000000178 ) ;
#1907 = DIRECTION ( 'NONE',  ( 0.000000000000000000, 0.000000000000000000, 1.000000000000000000 ) ) ;
#1908 = ADVANCED_FACE ( 'NONE', ( #160 ), #135, .T. ) ;
#1909 = ORIENTED_EDGE ( 'NONE', *, *, #2131, .T. ) ;
#1910 = ORIENTED_EDGE ( 'NONE', *, *, #665, .T. ) ;
#1911 = LINE ( 'NONE', #295, #2 ) ;
#1912 = ORIENTED_EDGE ( 'NONE', *, *, #2421, .T. ) ;
#1913 = EDGE_CURVE ( 'NONE', #2292, #1619, #931, .T. ) ;
#1914 = FACE_OUTER_BOUND ( 'NONE', #593, .T. ) ;
#1915 = DIRECTION ( 'NONE',  ( 1.000000000000000000, 0.000000000000000000, 0.000000000000000000 ) ) ;
#1916 = VERTEX_POINT ( 'NONE', #1517 ) ;
#1917 = CARTESIAN_POINT ( 'NONE',  ( 42.00000000000000000, -10.00000000000000000, 2.299999999999999822 ) ) ;
#1918 = CARTESIAN_POINT ( 'NONE',  ( 46.00000000000000000, 5.500000000000000888, 4.599999999999999645 ) ) ;
#1919 = EDGE_LOOP ( 'NONE', ( #2074, #111, #255, #2413 ) ) ;
#1920 = EDGE_LOOP ( 'NONE', ( #2034, #1504 ) ) ;
#1921 = LINE ( 'NONE', #373, #1573 ) ;
#1922 = EDGE_CURVE ( 'NONE', #1772, #2399, #1769, .T. ) ;
#1923 = ORIENTED_EDGE ( 'NONE', *, *, #1383, .T. ) ;
#1924 = DIRECTION ( 'NONE',  ( 1.000000000000000000, 0.000000000000000000, 0.000000000000000000 ) ) ;
#1925 = EDGE_CURVE ( 'NONE', #1102, #1264, #185, .T. ) ;
#1926 = CARTESIAN_POINT ( 'NONE',  ( 46.00000000000000000, 4.500000000000000000, 4.599999999999999645 ) ) ;
#1927 = LINE ( 'NONE', #2099, #1325 ) ;
#1928 = ORIENTED_EDGE ( 'NONE', *, *, #1681, .F. ) ;
#1929 = CARTESIAN_POINT ( 'NONE',  ( 44.00000000000000000, 4.500000000000000000, 3.600000000000000089 ) ) ;
#1930 = CYLINDRICAL_SURFACE ( 'NONE', #1313, 0.8000000000000003775 ) ;
#1931 = AXIS2_PLACEMENT_3D ( 'NONE', #2064, #86, #460 ) ;
#1932 = ORIENTED_EDGE ( 'NONE', *, *, #409, .F. ) ;
#1933 = CARTESIAN_POINT ( 'NONE',  ( 61.00000000000000000, -6.500000000000000000, 3.600000000000000089 ) ) ;
#1934 = ADVANCED_FACE ( 'NONE', ( #1552 ), #1930, .F. ) ;
#1935 = VECTOR ( 'NONE', #344, 1000.000000000000000 ) ;
#1936 = DIRECTION ( 'NONE',  ( 0.000000000000000000, 1.000000000000000000, 0.000000000000000000 ) ) ;
#1937 = VECTOR ( 'NONE', #1064, 1000.000000000000000 ) ;
#1938 = VERTEX_POINT ( 'NONE', #729 ) ;
#1939 = ADVANCED_FACE ( 'NONE', ( #1530 ), #2168, .T. ) ;
#1940 = CARTESIAN_POINT ( 'NONE',  ( 63.00000000000000000, -4.500000000000000000, 4.599999999999999645 ) ) ;
#1941 = AXIS2_PLACEMENT_3D ( 'NONE', #873, #1669, #2258 ) ;
#1942 = VECTOR ( 'NONE', #1537, 1000.000000000000000 ) ;
#1943 = DIRECTION ( 'NONE',  ( 0.000000000000000000, 0.000000000000000000, 1.000000000000000000 ) ) ;
#1944 = FACE_OUTER_BOUND ( 'NONE', #768, .T. ) ;
#1945 = VERTEX_POINT ( 'NONE', #1971 ) ;
#1946 = DIRECTION ( 'NONE',  ( 1.000000000000000000, 0.000000000000000000, 0.000000000000000000 ) ) ;
#1947 = CARTESIAN_POINT ( 'NONE',  ( 46.00000000000000000, -4.500000000000000000, 3.600000000000000089 ) ) ;
#1948 = ORIENTED_EDGE ( 'NONE', *, *, #1252, .F. ) ;
#1949 = DIRECTION ( 'NONE',  ( 0.000000000000000000, 0.000000000000000000, 1.000000000000000000 ) ) ;
#1950 = EDGE_CURVE ( 'NONE', #741, #2174, #1026, .T. ) ;
#1951 = CARTESIAN_POINT ( 'NONE',  ( 13.00000000000000000, 5.000000000000000000, -1.000000000000000000 ) ) ;
#1952 = ORIENTED_EDGE ( 'NONE', *, *, #1950, .F. ) ;
#1953 = CARTESIAN_POINT ( 'NONE',  ( 70.52915026221299399, -10.00000000000000000, 7.599999999999999645 ) ) ;
#1954 = EDGE_CURVE ( 'NONE', #1241, #2414, #1392, .T. ) ;
#1955 = DIRECTION ( 'NONE',  ( 0.000000000000000000, 0.000000000000000000, 1.000000000000000000 ) ) ;
#1956 = DIRECTION ( 'NONE',  ( 1.000000000000000000, 0.000000000000000000, 0.000000000000000000 ) ) ;
#1957 = ORIENTED_EDGE ( 'NONE', *, *, #2131, .F. ) ;
#1958 = CARTESIAN_POINT ( 'NONE',  ( 9.000000000000000000, -9.000000000000000000, 13.19999999999999929 ) ) ;
#1959 = PLANE ( 'NONE',  #813 ) ;
#1960 = VERTEX_POINT ( 'NONE', #187 ) ;
#1961 = CARTESIAN_POINT ( 'NONE',  ( 5.000000000000000000, -5.000000000000000000, 0.000000000000000000 ) ) ;
#1962 = EDGE_CURVE ( 'NONE', #1022, #1328, #973, .T. ) ;
#1963 = DIRECTION ( 'NONE',  ( 1.000000000000000000, 0.000000000000000000, 0.000000000000000000 ) ) ;
#1964 = CARTESIAN_POINT ( 'NONE',  ( 46.00000000000000000, -6.500000000000000000, 3.600000000000000089 ) ) ;
#1965 = CIRCLE ( 'NONE', #1756, 1.000000000000000888 ) ;
#1966 = EDGE_LOOP ( 'NONE', ( #98, #1472, #929, #136 ) ) ;
#1967 = DIRECTION ( 'NONE',  ( 0.000000000000000000, 0.000000000000000000, 1.000000000000000000 ) ) ;
#1968 =( NAMED_UNIT ( * ) SI_UNIT ( $, .STERADIAN. ) SOLID_ANGLE_UNIT ( ) );
#1969 = DIRECTION ( 'NONE',  ( 0.000000000000000000, 1.000000000000000000, 0.000000000000000000 ) ) ;
#1970 = CARTESIAN_POINT ( 'NONE',  ( 59.26794919243111792, -5.500000000000000000, 4.599999999999999645 ) ) ;
#1971 = CARTESIAN_POINT ( 'NONE',  ( 6.500000000000000888, 5.000000000000000000, 14.00000000000000000 ) ) ;
#1972 = ORIENTED_EDGE ( 'NONE', *, *, #1670, .T. ) ;
#1973 = DIRECTION ( 'NONE',  ( 0.000000000000000000, 0.000000000000000000, 1.000000000000000000 ) ) ;
#1974 = EDGE_CURVE ( 'NONE', #1631, #1628, #201, .T. ) ;
#1975 = VECTOR ( 'NONE', #1765, 1000.000000000000000 ) ;
#1976 = CARTESIAN_POINT ( 'NONE',  ( 11.29999999999999893, -5.000000000000000000, 0.000000000000000000 ) ) ;
#1977 = DIRECTION ( 'NONE',  ( 0.000000000000000000, 0.000000000000000000, 1.000000000000000000 ) ) ;
#1978 = ORIENTED_EDGE ( 'NONE', *, *, #504, .F. ) ;
#1979 = ADVANCED_FACE ( 'NONE', ( #369 ), #614, .F. ) ;
#1980 = DIRECTION ( 'NONE',  ( 0.000000000000000000, 0.000000000000000000, 1.000000000000000000 ) ) ;
#1981 = CARTESIAN_POINT ( 'NONE',  ( 13.00000000000000000, -5.000000000000000000, 0.000000000000000000 ) ) ;
#1982 = DIRECTION ( 'NONE',  ( 1.000000000000000000, 0.000000000000000000, 0.000000000000000000 ) ) ;
#1983 = VECTOR ( 'NONE', #1996, 1000.000000000000000 ) ;
#1984 = LINE ( 'NONE', #2179, #1528 ) ;
#1985 = CARTESIAN_POINT ( 'NONE',  ( 46.00000000000000000, -6.500000000000000000, 3.600000000000000089 ) ) ;
#1986 = VECTOR ( 'NONE', #2011, 1000.000000000000000 ) ;
#1987 = AXIS2_PLACEMENT_3D ( 'NONE', #2227, #2017, #1225 ) ;
#1988 = ORIENTED_EDGE ( 'NONE', *, *, #469, .F. ) ;
#1989 = DIRECTION ( 'NONE',  ( 0.000000000000000000, 1.000000000000000000, 0.000000000000000000 ) ) ;
#1990 = LINE ( 'NONE', #1384, #1340 ) ;
#1991 = ADVANCED_FACE ( 'NONE', ( #1793 ), #1193, .T. ) ;
#1992 = LINE ( 'NONE', #1004, #1450 ) ;
#1993 = VERTEX_POINT ( 'NONE', #1406 ) ;
#1994 = VECTOR ( 'NONE', #1346, 1000.000000000000000 ) ;
#1995 = FACE_OUTER_BOUND ( 'NONE', #1351, .T. ) ;
#1996 = DIRECTION ( 'NONE',  ( -1.000000000000000000, 0.000000000000000000, 0.000000000000000000 ) ) ;
#1997 = DIRECTION ( 'NONE',  ( 1.000000000000000000, 0.000000000000000000, 0.000000000000000000 ) ) ;
#1998 = CARTESIAN_POINT ( 'NONE',  ( 70.00000000000000000, 0.8000000000000003775, 7.799999999999999822 ) ) ;
#1999 = CARTESIAN_POINT ( 'NONE',  ( 63.00000000000000000, -4.500000000000000000, 4.599999999999999645 ) ) ;
#2000 = CIRCLE ( 'NONE', #875, 1.000000000000000888 ) ;
#2001 = ORIENTED_EDGE ( 'NONE', *, *, #2294, .T. ) ;
#2002 = CARTESIAN_POINT ( 'NONE',  ( 61.00000000000000000, 6.500000000000000000, 3.600000000000000089 ) ) ;
#2003 = VECTOR ( 'NONE', #1363, 1000.000000000000000 ) ;
#2004 = CIRCLE ( 'NONE', #918, 2.000000000000001776 ) ;
#2005 = DIRECTION ( 'NONE',  ( 0.000000000000000000, 0.000000000000000000, 1.000000000000000000 ) ) ;
#2006 = FACE_OUTER_BOUND ( 'NONE', #1355, .T. ) ;
#2007 = VERTEX_POINT ( 'NONE', #1580 ) ;
#2008 = CARTESIAN_POINT ( 'NONE',  ( 0.000000000000000000, -9.000000000000000000, 0.000000000000000000 ) ) ;
#2009 = EDGE_LOOP ( 'NONE', ( #367, #287, #1344, #2156 ) ) ;
#2010 = DIRECTION ( 'NONE',  ( 0.000000000000000000, 0.000000000000000000, 1.000000000000000000 ) ) ;
#2011 = DIRECTION ( 'NONE',  ( 0.000000000000000000, 1.000000000000000000, 0.000000000000000000 ) ) ;
#2012 = ADVANCED_FACE ( 'NONE', ( #2013 ), #1959, .T. ) ;
#2013 = FACE_OUTER_BOUND ( 'NONE', #2285, .T. ) ;
#2014 = VERTEX_POINT ( 'NONE', #1999 ) ;
#2015 = DIRECTION ( 'NONE',  ( 1.000000000000000000, 0.000000000000000000, 0.000000000000000000 ) ) ;
#2016 = CARTESIAN_POINT ( 'NONE',  ( 69.47084973778700601, -10.00000000000000000, 7.599999999999999645 ) ) ;
#2017 = DIRECTION ( 'NONE',  ( -0.000000000000000000, -0.000000000000000000, 1.000000000000000000 ) ) ;
#2018 = ORIENTED_EDGE ( 'NONE', *, *, #517, .F. ) ;
#2019 = CARTESIAN_POINT ( 'NONE',  ( 75.00000000000000000, 9.000000000000000000, 7.599999999999999645 ) ) ;
#2020 = ADVANCED_FACE ( 'NONE', ( #218 ), #1379, .T. ) ;
#2021 = ORIENTED_EDGE ( 'NONE', *, *, #384, .T. ) ;
#2022 = AXIS2_PLACEMENT_3D ( 'NONE', #1843, #602, #432 ) ;
#2023 = DIRECTION ( 'NONE',  ( 0.000000000000000000, 0.000000000000000000, 1.000000000000000000 ) ) ;
#2024 = ADVANCED_FACE ( 'NONE', ( #2380 ), #809, .F. ) ;
#2025 = CIRCLE ( 'NONE', #1030, 1.700000000000000178 ) ;
#2026 = DIRECTION ( 'NONE',  ( 0.000000000000000000, 1.000000000000000000, 0.000000000000000000 ) ) ;
#2027 = ORIENTED_EDGE ( 'NONE', *, *, #264, .T. ) ;
#2028 = FACE_OUTER_BOUND ( 'NONE', #801, .T. ) ;
#2029 = CARTESIAN_POINT ( 'NONE',  ( 70.00000000000000000, -9.000000000000000000, 7.000000000000000000 ) ) ;
#2030 = LINE ( 'NONE', #434, #1566 ) ;
#2031 = ORIENTED_EDGE ( 'NONE', *, *, #33, .F. ) ;
#2032 = EDGE_CURVE ( 'NONE', #1527, #61, #1150, .T. ) ;
#2033 = CARTESIAN_POINT ( 'NONE',  ( 70.00000000000000000, 0.000000000000000000, 14.00000000000000000 ) ) ;
#2034 = ORIENTED_EDGE ( 'NONE', *, *, #2481, .F. ) ;
#2035 = AXIS2_PLACEMENT_3D ( 'NONE', #14, #28, #1638 ) ;
#2036 = DIRECTION ( 'NONE',  ( 1.000000000000000000, 0.000000000000000000, 0.000000000000000000 ) ) ;
#2037 = EDGE_CURVE ( 'NONE', #1568, #1200, #1237, .T. ) ;
#2038 = CARTESIAN_POINT ( 'NONE',  ( 46.00000000000000000, 5.500000000000000000, 4.599999999999999645 ) ) ;
#2039 = VERTEX_POINT ( 'NONE', #8 ) ;
#2040 = DIRECTION ( 'NONE',  ( 1.000000000000000000, 0.000000000000000000, 0.000000000000000000 ) ) ;
#2041 = DIRECTION ( 'NONE',  ( 0.000000000000000000, 0.000000000000000000, 1.000000000000000000 ) ) ;
#2042 = DIRECTION ( 'NONE',  ( 0.000000000000000000, 0.000000000000000000, 1.000000000000000000 ) ) ;
#2043 = ORIENTED_EDGE ( 'NONE', *, *, #2037, .T. ) ;
#2044 = EDGE_CURVE ( 'NONE', #1993, #512, #795, .T. ) ;
#2045 = VECTOR ( 'NONE', #2411, 1000.000000000000000 ) ;
#2046 = CARTESIAN_POINT ( 'NONE',  ( 44.00000000000000000, -4.500000000000000000, 3.600000000000000089 ) ) ;
#2047 = ORIENTED_EDGE ( 'NONE', *, *, #117, .T. ) ;
#2048 = CARTESIAN_POINT ( 'NONE',  ( 6.500000000000000888, -5.000000000000000000, 14.00000000000000000 ) ) ;
#2049 = DIRECTION ( 'NONE',  ( 1.000000000000000000, 0.000000000000000000, 0.000000000000000000 ) ) ;
#2050 = ORIENTED_EDGE ( 'NONE', *, *, #2550, .T. ) ;
#2051 = DIRECTION ( 'NONE',  ( 1.000000000000000000, 0.000000000000000000, 0.000000000000000000 ) ) ;
#2052 = PRODUCT_DEFINITION ( 'UNKNOWN', '', #2190, #2511 ) ;
#2053 = EDGE_LOOP ( 'NONE', ( #1116, #658, #70, #1688, #1354, #1070, #1276 ) ) ;
#2054 = ORIENTED_EDGE ( 'NONE', *, *, #2044, .F. ) ;
#2055 = CARTESIAN_POINT ( 'NONE',  ( 45.00000000000000000, -4.500000000000000000, 3.600000000000000089 ) ) ;
#2056 = ADVANCED_FACE ( 'NONE', ( #1805 ), #229, .T. ) ;
#2057 = ORIENTED_EDGE ( 'NONE', *, *, #2252, .T. ) ;
#2058 = AXIS2_PLACEMENT_3D ( 'NONE', #1891, #2545, #110 ) ;
#2059 = DIRECTION ( 'NONE',  ( 1.000000000000000000, 0.000000000000000000, 0.000000000000000000 ) ) ;
#2060 = CARTESIAN_POINT ( 'NONE',  ( 44.00000000000000000, -4.500000000000000000, 3.600000000000000089 ) ) ;
#2061 = ORIENTED_EDGE ( 'NONE', *, *, #399, .F. ) ;
#2062 = DIRECTION ( 'NONE',  ( 0.000000000000000000, 0.000000000000000000, -1.000000000000000000 ) ) ;
#2063 = AXIS2_PLACEMENT_3D ( 'NONE', #885, #925, #939 ) ;
#2064 = CARTESIAN_POINT ( 'NONE',  ( 46.00000000000000000, 5.500000000000000888, 4.599999999999999645 ) ) ;
#2065 = VERTEX_POINT ( 'NONE', #2556 ) ;
#2066 = AXIS2_PLACEMENT_3D ( 'NONE', #170, #595, #2568 ) ;
#2067 = EDGE_CURVE ( 'NONE', #2399, #1772, #1895, .T. ) ;
#2068 = VERTEX_POINT ( 'NONE', #662 ) ;
#2069 = AXIS2_PLACEMENT_3D ( 'NONE', #542, #191, #990 ) ;
#2070 = DIRECTION ( 'NONE',  ( 0.000000000000000000, 0.000000000000000000, -1.000000000000000000 ) ) ;
#2071 = AXIS2_PLACEMENT_3D ( 'NONE', #967, #582, #993 ) ;
#2072 = VERTEX_POINT ( 'NONE', #430 ) ;
#2073 = CARTESIAN_POINT ( 'NONE',  ( 3.500000000000000000, 5.000000000000000000, 0.000000000000000000 ) ) ;
#2074 = ORIENTED_EDGE ( 'NONE', *, *, #1453, .T. ) ;
#2075 = CARTESIAN_POINT ( 'NONE',  ( 75.00000000000000000, -9.000000000000000000, 0.000000000000000000 ) ) ;
#2076 = CARTESIAN_POINT ( 'NONE',  ( 47.73205080756887497, -5.500000000000000000, 4.599999999999999645 ) ) ;
#2077 = ORIENTED_EDGE ( 'NONE', *, *, #2406, .T. ) ;
#2078 = ORIENTED_EDGE ( 'NONE', *, *, #1499, .F. ) ;
#2079 = CIRCLE ( 'NONE', #235, 1.500000000000000444 ) ;
#2080 = CARTESIAN_POINT ( 'NONE',  ( 46.00000000000000000, -6.500000000000000000, 3.600000000000000089 ) ) ;
#2081 = ORIENTED_EDGE ( 'NONE', *, *, #1283, .T. ) ;
#2082 = CIRCLE ( 'NONE', #1835, 0.8000000000000003775 ) ;
#2083 = UNCERTAINTY_MEASURE_WITH_UNIT (LENGTH_MEASURE( 1.000000000000000082E-05 ), #1548, 'distance_accuracy_value', 'NONE');
#2084 = CARTESIAN_POINT ( 'NONE',  ( 44.00000000000000000, -4.500000000000000000, 3.600000000000000089 ) ) ;
#2085 = CIRCLE ( 'NONE', #2425, 1.000000000000000000 ) ;
#2086 = DIRECTION ( 'NONE',  ( 1.000000000000000000, 0.000000000000000000, 0.000000000000000000 ) ) ;
#2087 = EDGE_LOOP ( 'NONE', ( #121, #2497, #107, #515 ) ) ;
#2088 = CARTESIAN_POINT ( 'NONE',  ( 0.000000000000000000, 9.000000000000000000, 0.000000000000000000 ) ) ;
#2089 = EDGE_CURVE ( 'NONE', #2260, #2007, #45, .T. ) ;
#2090 = DIRECTION ( 'NONE',  ( 0.000000000000000000, 0.000000000000000000, 1.000000000000000000 ) ) ;
#2091 = ORIENTED_EDGE ( 'NONE', *, *, #940, .T. ) ;
#2092 = ORIENTED_EDGE ( 'NONE', *, *, #258, .F. ) ;
#2093 = CARTESIAN_POINT ( 'NONE',  ( 59.00000000000000000, 4.500000000000000000, 3.600000000000000089 ) ) ;
#2094 = ORIENTED_EDGE ( 'NONE', *, *, #737, .F. ) ;
#2095 = EDGE_CURVE ( 'NONE', #677, #1867, #81, .T. ) ;
#2096 = AXIS2_PLACEMENT_3D ( 'NONE', #1947, #2090, #1712 ) ;
#2097 = ADVANCED_FACE ( 'NONE', ( #864 ), #1086, .F. ) ;
#2098 = CARTESIAN_POINT ( 'NONE',  ( 69.47084973778700601, 0.5999999999999998668, 6.400000000000000355 ) ) ;
#2099 = CARTESIAN_POINT ( 'NONE',  ( 44.00000000000000000, 4.500000000000000000, 4.599999999999999645 ) ) ;
#2100 = EDGE_LOOP ( 'NONE', ( #1459, #1806, #2289, #1456 ) ) ;
#2101 = CARTESIAN_POINT ( 'NONE',  ( 3.500000000000000000, 5.000000000000000000, -1.000000000000000000 ) ) ;
#2102 = FACE_OUTER_BOUND ( 'NONE', #284, .T. ) ;
#2103 = ORIENTED_EDGE ( 'NONE', *, *, #91, .F. ) ;
#2104 = VERTEX_POINT ( 'NONE', #1284 ) ;
#2105 = DIRECTION ( 'NONE',  ( 0.000000000000000000, 1.000000000000000000, 0.000000000000000000 ) ) ;
#2106 = VERTEX_POINT ( 'NONE', #2465 ) ;
#2107 = EDGE_CURVE ( 'NONE', #1102, #1960, #877, .T. ) ;
#2108 = VECTOR ( 'NONE', #184, 1000.000000000000000 ) ;
#2109 = VECTOR ( 'NONE', #339, 1000.000000000000000 ) ;
#2110 = ADVANCED_FACE ( 'NONE', ( #241 ), #626, .F. ) ;
#2111 = DIRECTION ( 'NONE',  ( 1.000000000000000000, 0.000000000000000000, 0.000000000000000000 ) ) ;
#2112 = LINE ( 'NONE', #2337, #821 ) ;
#2113 = ORIENTED_EDGE ( 'NONE', *, *, #2406, .F. ) ;
#2114 = VECTOR ( 'NONE', #910, 1000.000000000000000 ) ;
#2115 = CARTESIAN_POINT ( 'NONE',  ( 65.44999999999899387, 9.000000000000000000, 7.599999999999999645 ) ) ;
#2116 = VECTOR ( 'NONE', #180, 1000.000000000000000 ) ;
#2117 = CARTESIAN_POINT ( 'NONE',  ( 46.00000000000000000, -6.500000000000000000, 3.600000000000000089 ) ) ;
#2118 =( BOUNDED_CURVE ( )  B_SPLINE_CURVE ( 3, ( #1471, #1872, #475, #89 ),
 .UNSPECIFIED., .F., .F. ) 
 B_SPLINE_CURVE_WITH_KNOTS ( ( 4, 4 ),
 ( 5.560451059366087634, 7.005919554993076837 ),
 .UNSPECIFIED. ) 
 CURVE ( )  GEOMETRIC_REPRESENTATION_ITEM ( )  RATIONAL_B_SPLINE_CURVE ( ( 1.000000000000000000, 0.8333333333332985093, 0.8333333333332985093, 1.000000000000000000 ) ) 
 REPRESENTATION_ITEM ( '' )  );
#2119 = ORIENTED_EDGE ( 'NONE', *, *, #1268, .F. ) ;
#2120 = ORIENTED_EDGE ( 'NONE', *, *, #1637, .T. ) ;
#2121 = LINE ( 'NONE', #222, #1780 ) ;
#2122 = ORIENTED_EDGE ( 'NONE', *, *, #588, .F. ) ;
#2123 = EDGE_CURVE ( 'NONE', #1165, #895, #1249, .T. ) ;
#2124 = CIRCLE ( 'NONE', #211, 1.000000000000000000 ) ;
#2125 = AXIS2_PLACEMENT_3D ( 'NONE', #2397, #1595, #2005 ) ;
#2126 = DIRECTION ( 'NONE',  ( 0.000000000000000000, 0.000000000000000000, 1.000000000000000000 ) ) ;
#2127 = CARTESIAN_POINT ( 'NONE',  ( 18.00000000000000000, -10.00000000000000000, 13.19999999999999929 ) ) ;
#2128 = ORIENTED_EDGE ( 'NONE', *, *, #224, .F. ) ;
#2129 = DIRECTION ( 'NONE',  ( -0.000000000000000000, 1.000000000000000000, 0.000000000000000000 ) ) ;
#2130 = CARTESIAN_POINT ( 'NONE',  ( 42.00000000000000000, -10.00000000000000000, 10.20000000000000107 ) ) ;
#2131 = EDGE_CURVE ( 'NONE', #1742, #1829, #1360, .T. ) ;
#2132 = ORIENTED_EDGE ( 'NONE', *, *, #305, .F. ) ;
#2133 = LINE ( 'NONE', #1725, #1706 ) ;
#2134 = FACE_OUTER_BOUND ( 'NONE', #673, .T. ) ;
#2135 = ORIENTED_EDGE ( 'NONE', *, *, #2520, .F. ) ;
#2136 = CARTESIAN_POINT ( 'NONE',  ( 46.00000000000000000, -6.500000000000000000, 3.600000000000000089 ) ) ;
#2137 = CARTESIAN_POINT ( 'NONE',  ( 62.00000000000000000, 4.500000000000000000, 4.599999999999999645 ) ) ;
#2138 = DIRECTION ( 'NONE',  ( 1.000000000000000000, 0.000000000000000000, 0.000000000000000000 ) ) ;
#2139 = ORIENTED_EDGE ( 'NONE', *, *, #1168, .T. ) ;
#2140 = FACE_OUTER_BOUND ( 'NONE', #407, .T. ) ;
#2141 = ADVANCED_FACE ( 'NONE', ( #1642 ), #2259, .F. ) ;
#2142 = DIRECTION ( 'NONE',  ( 0.000000000000000000, 0.000000000000000000, 1.000000000000000000 ) ) ;
#2143 = VECTOR ( 'NONE', #342, 1000.000000000000000 ) ;
#2144 = VERTEX_POINT ( 'NONE', #2249 ) ;
#2145 = VERTEX_POINT ( 'NONE', #467 ) ;
#2146 = CIRCLE ( 'NONE', #1234, 2.000000000000001776 ) ;
#2147 = DIRECTION ( 'NONE',  ( 1.000000000000000000, 0.000000000000000000, 0.000000000000000000 ) ) ;
#2148 = EDGE_CURVE ( 'NONE', #2007, #882, #1259, .T. ) ;
#2149 = VECTOR ( 'NONE', #104, 1000.000000000000000 ) ;
#2150 = ORIENTED_EDGE ( 'NONE', *, *, #1705, .F. ) ;
#2151 =( GEOMETRIC_REPRESENTATION_CONTEXT ( 3 ) GLOBAL_UNCERTAINTY_ASSIGNED_CONTEXT ( ( #1131 ) ) GLOBAL_UNIT_ASSIGNED_CONTEXT ( ( #2475, #2490, #1294 ) ) REPRESENTATION_CONTEXT ( 'NONE', 'WORKASPACE' ) );
#2152 = DIRECTION ( 'NONE',  ( 0.000000000000000000, 0.000000000000000000, 1.000000000000000000 ) ) ;
#2153 = AXIS2_PLACEMENT_3D ( 'NONE', #1376, #2164, #213 ) ;
#2154 = CARTESIAN_POINT ( 'NONE',  ( 70.00000000000000000, -0.8000000000000003775, 7.799999999999999822 ) ) ;
#2155 = DIRECTION ( 'NONE',  ( 0.000000000000000000, 1.000000000000000000, 0.000000000000000000 ) ) ;
#2156 = ORIENTED_EDGE ( 'NONE', *, *, #2032, .F. ) ;
#2157 = DIRECTION ( 'NONE',  ( 0.000000000000000000, 0.000000000000000000, 1.000000000000000000 ) ) ;
#2158 = CARTESIAN_POINT ( 'NONE',  ( 70.00000000000000000, -9.000000000000000000, 7.000000000000000000 ) ) ;
#2159 = ORIENTED_EDGE ( 'NONE', *, *, #1331, .T. ) ;
#2160 = DIRECTION ( 'NONE',  ( 0.000000000000000000, 0.000000000000000000, 1.000000000000000000 ) ) ;
#2161 = DIRECTION ( 'NONE',  ( 1.000000000000000000, 0.000000000000000000, 0.000000000000000000 ) ) ;
#2162 = VERTEX_POINT ( 'NONE', #2073 ) ;
#2163 = DIRECTION ( 'NONE',  ( 0.000000000000000000, 1.000000000000000000, 0.000000000000000000 ) ) ;
#2164 = DIRECTION ( 'NONE',  ( -0.000000000000000000, -0.000000000000000000, 1.000000000000000000 ) ) ;
#2165 = DIRECTION ( 'NONE',  ( 0.000000000000000000, 0.000000000000000000, 1.000000000000000000 ) ) ;
#2166 = DIRECTION ( 'NONE',  ( 1.000000000000000000, 0.000000000000000000, 0.000000000000000000 ) ) ;
#2167 = AXIS2_PLACEMENT_3D ( 'NONE', #1549, #157, #1602 ) ;
#2168 = PLANE ( 'NONE',  #1640 ) ;
#2169 = EDGE_CURVE ( 'NONE', #1885, #1139, #1828, .T. ) ;
#2170 = ORIENTED_EDGE ( 'NONE', *, *, #791, .T. ) ;
#2171 = DIRECTION ( 'NONE',  ( 0.000000000000000000, 0.000000000000000000, 1.000000000000000000 ) ) ;
#2172 = DIRECTION ( 'NONE',  ( 0.000000000000000000, 0.000000000000000000, 1.000000000000000000 ) ) ;
#2173 = DIRECTION ( 'NONE',  ( 0.000000000000000000, 0.000000000000000000, 1.000000000000000000 ) ) ;
#2174 = VERTEX_POINT ( 'NONE', #1474 ) ;
#2175 = PLANE ( 'NONE',  #2369 ) ;
#2176 = ADVANCED_FACE ( 'NONE', ( #838 ), #2271, .F. ) ;
#2177 = CARTESIAN_POINT ( 'NONE',  ( 44.00000000000000000, 4.500000000000000000, 3.600000000000000089 ) ) ;
#2178 = DIRECTION ( 'NONE',  ( -0.000000000000000000, 1.000000000000000000, 0.000000000000000000 ) ) ;
#2179 = CARTESIAN_POINT ( 'NONE',  ( 44.00000000000000000, -4.500000000000000000, 3.600000000000000089 ) ) ;
#2180 = ADVANCED_FACE ( 'NONE', ( #1630 ), #1431, .T. ) ;
#2181 = CARTESIAN_POINT ( 'NONE',  ( 61.00000000000000000, 4.500000000000000000, 3.600000000000000089 ) ) ;
#2182 = ORIENTED_EDGE ( 'NONE', *, *, #1042, .T. ) ;
#2183 = ORIENTED_EDGE ( 'NONE', *, *, #1231, .T. ) ;
#2184 = CIRCLE ( 'NONE', #1931, 1.000000000000000000 ) ;
#2185 = DIRECTION ( 'NONE',  ( -1.000000000000000000, -0.000000000000000000, 0.000000000000000000 ) ) ;
#2186 = LINE ( 'NONE', #592, #1487 ) ;
#2187 = ORIENTED_EDGE ( 'NONE', *, *, #1477, .F. ) ;
#2188 = DIRECTION ( 'NONE',  ( 0.000000000000000000, 0.000000000000000000, 1.000000000000000000 ) ) ;
#2189 = EDGE_CURVE ( 'NONE', #1051, #1200, #2430, .T. ) ;
#2190 = PRODUCT_DEFINITION_FORMATION_WITH_SPECIFIED_SOURCE ( 'ANY', '', #125, .NOT_KNOWN. ) ;
#2191 = DIRECTION ( 'NONE',  ( 1.000000000000000000, -0.000000000000000000, 0.000000000000000000 ) ) ;
#2192 = CARTESIAN_POINT ( 'NONE',  ( 70.52915026221299399, -0.5999999999999271472, 6.400000000000000355 ) ) ;
#2193 = CIRCLE ( 'NONE', #1523, 1.000000000000000000 ) ;
#2194 = CARTESIAN_POINT ( 'NONE',  ( 44.00000000000000000, 4.500000000000000000, 3.600000000000000089 ) ) ;
#2195 = CARTESIAN_POINT ( 'NONE',  ( 42.00000000000000000, -9.000000000000000000, 2.299999999999999822 ) ) ;
#2196 = AXIS2_PLACEMENT_3D ( 'NONE', #1191, #1605, #2405 ) ;
#2197 = VERTEX_POINT ( 'NONE', #482 ) ;
#2198 = DIRECTION ( 'NONE',  ( 0.000000000000000000, 1.000000000000000000, 0.000000000000000000 ) ) ;
#2199 = CYLINDRICAL_SURFACE ( 'NONE', #2379, 0.8000000000000003775 ) ;
#2200 = CARTESIAN_POINT ( 'NONE',  ( 65.00000000000000000, -10.00000000000000000, 7.750000000000000000 ) ) ;
#2201 = ORIENTED_EDGE ( 'NONE', *, *, #561, .F. ) ;
#2202 = DIRECTION ( 'NONE',  ( 0.000000000000000000, 0.000000000000000000, 1.000000000000000000 ) ) ;
#2203 = EDGE_CURVE ( 'NONE', #1739, #374, #1876, .T. ) ;
#2204 = ORIENTED_EDGE ( 'NONE', *, *, #945, .F. ) ;
#2205 = DIRECTION ( 'NONE',  ( 1.000000000000000000, 0.000000000000000000, 0.000000000000000000 ) ) ;
#2206 = CARTESIAN_POINT ( 'NONE',  ( 69.78833989511478819, -0.8800000000000230971, 6.119999999999977014 ) ) ;
#2207 = DIRECTION ( 'NONE',  ( 1.000000000000000000, 0.000000000000000000, 0.000000000000000000 ) ) ;
#2208 = CARTESIAN_POINT ( 'NONE',  ( 65.00000000000000000, -10.00000000000000000, 7.599999999999999645 ) ) ;
#2209 = AXIS2_PLACEMENT_3D ( 'NONE', #1317, #2462, #2304 ) ;
#2210 = ORIENTED_EDGE ( 'NONE', *, *, #652, .F. ) ;
#2211 = LINE ( 'NONE', #640, #1559 ) ;
#2212 = CIRCLE ( 'NONE', #257, 2.000000000000001776 ) ;
#2213 = ADVANCED_FACE ( 'NONE', ( #92 ), #2236, .F. ) ;
#2214 = DIRECTION ( 'NONE',  ( 1.000000000000000000, 0.000000000000000000, 0.000000000000000000 ) ) ;
#2215 = DIRECTION ( 'NONE',  ( 0.000000000000000000, 1.000000000000000000, 0.000000000000000000 ) ) ;
#2216 = EDGE_LOOP ( 'NONE', ( #1129, #2054, #1988, #1613 ) ) ;
#2217 = AXIS2_PLACEMENT_3D ( 'NONE', #1466, #1855, #2482 ) ;
#2218 = DIRECTION ( 'NONE',  ( 0.000000000000000000, 0.000000000000000000, 1.000000000000000000 ) ) ;
#2219 = VERTEX_POINT ( 'NONE', #1900 ) ;
#2220 = ADVANCED_FACE ( 'NONE', ( #927 ), #1349, .F. ) ;
#2221 = DIRECTION ( 'NONE',  ( 1.000000000000000000, 0.000000000000000000, 0.000000000000000000 ) ) ;
#2222 = DIRECTION ( 'NONE',  ( 0.000000000000000000, 0.000000000000000000, 1.000000000000000000 ) ) ;
#2223 = EDGE_LOOP ( 'NONE', ( #1444, #1713, #878, #41, #2386, #589, #2302 ) ) ;
#2224 = ADVANCED_FACE ( 'NONE', ( #1914 ), #1690, .F. ) ;
#2225 = CARTESIAN_POINT ( 'NONE',  ( 46.00000000000000000, -4.500000000000000000, 3.600000000000000089 ) ) ;
#2226 = CYLINDRICAL_SURFACE ( 'NONE', #837, 0.7499999999999997780 ) ;
#2227 = CARTESIAN_POINT ( 'NONE',  ( 70.00000000000000000, 0.000000000000000000, 14.00000000000000000 ) ) ;
#2228 = EDGE_LOOP ( 'NONE', ( #1692, #965, #137, #1766 ) ) ;
#2229 = CIRCLE ( 'NONE', #1065, 2.000000000000001776 ) ;
#2230 = EDGE_CURVE ( 'NONE', #2510, #2065, #2516, .T. ) ;
#2231 = DIRECTION ( 'NONE',  ( 1.000000000000000000, 0.000000000000000000, 0.000000000000000000 ) ) ;
#2232 = EDGE_LOOP ( 'NONE', ( #1714, #1142 ) ) ;
#2233 = DIRECTION ( 'NONE',  ( 0.000000000000000000, 0.000000000000000000, -1.000000000000000000 ) ) ;
#2234 = CIRCLE ( 'NONE', #1815, 1.000000000000000000 ) ;
#2235 = AXIS2_PLACEMENT_3D ( 'NONE', #823, #1429, #2221 ) ;
#2236 = CYLINDRICAL_SURFACE ( 'NONE', #2363, 1.500000000000000444 ) ;
#2237 = VERTEX_POINT ( 'NONE', #547 ) ;
#2238 = LINE ( 'NONE', #651, #5 ) ;
#2239 = ADVANCED_FACE ( 'NONE', ( #886 ), #1097, .F. ) ;
#2240 = AXIS2_PLACEMENT_3D ( 'NONE', #260, #618, #2423 ) ;
#2241 = CARTESIAN_POINT ( 'NONE',  ( 61.00000000000000000, 4.500000000000000000, 3.600000000000000089 ) ) ;
#2242 = DIRECTION ( 'NONE',  ( 0.000000000000000000, 0.000000000000000000, 1.000000000000000000 ) ) ;
#2243 = VERTEX_POINT ( 'NONE', #1717 ) ;
#2244 = DIRECTION ( 'NONE',  ( 1.000000000000000000, 0.000000000000000000, 0.000000000000000000 ) ) ;
#2245 = VECTOR ( 'NONE', #717, 1000.000000000000000 ) ;
#2246 = EDGE_LOOP ( 'NONE', ( #731, #454, #2546 ) ) ;
#2247 = VECTOR ( 'NONE', #2359, 1000.000000000000000 ) ;
#2248 = DIRECTION ( 'NONE',  ( 0.000000000000000000, 1.000000000000000000, 0.000000000000000000 ) ) ;
#2249 = CARTESIAN_POINT ( 'NONE',  ( 44.00000000000000000, 4.500000000000000000, 14.00000000000000000 ) ) ;
#2250 = VERTEX_POINT ( 'NONE', #2098 ) ;
#2251 = DIRECTION ( 'NONE',  ( 0.000000000000000000, 0.000000000000000000, -1.000000000000000000 ) ) ;
#2252 = EDGE_CURVE ( 'NONE', #677, #787, #2234, .T. ) ;
#2253 = CARTESIAN_POINT ( 'NONE',  ( 70.52915026221299399, -0.5999999999999998668, 7.599999999999999645 ) ) ;
#2254 = ORIENTED_EDGE ( 'NONE', *, *, #1731, .T. ) ;
#2255 = AXIS2_PLACEMENT_3D ( 'NONE', #1890, #890, #2286 ) ;
#2256 = CYLINDRICAL_SURFACE ( 'NONE', #1873, 1.000000000000000000 ) ;
#2257 = ORIENTED_EDGE ( 'NONE', *, *, #2306, .T. ) ;
#2258 = DIRECTION ( 'NONE',  ( 1.000000000000000000, 0.000000000000000000, 0.000000000000000000 ) ) ;
#2259 = CYLINDRICAL_SURFACE ( 'NONE', #2356, 1.000000000000000000 ) ;
#2260 = VERTEX_POINT ( 'NONE', #533 ) ;
#2261 = CARTESIAN_POINT ( 'NONE',  ( 70.52915026221299399, -9.000000000000000000, 7.599999999999999645 ) ) ;
#2262 = EDGE_CURVE ( 'NONE', #1347, #1631, #29, .T. ) ;
#2263 = LINE ( 'NONE', #2287, #2268 ) ;
#2264 = ORIENTED_EDGE ( 'NONE', *, *, #1035, .T. ) ;
#2265 = VERTEX_POINT ( 'NONE', #709 ) ;
#2266 = DIRECTION ( 'NONE',  ( 1.000000000000000000, 0.000000000000000000, 0.000000000000000000 ) ) ;
#2267 = ORIENTED_EDGE ( 'NONE', *, *, #2571, .F. ) ;
#2268 = VECTOR ( 'NONE', #1458, 1000.000000000000000 ) ;
#2269 = CARTESIAN_POINT ( 'NONE',  ( 46.00000000000000000, -5.500000000000000000, 4.599999999999999645 ) ) ;
#2270 = CIRCLE ( 'NONE', #354, 1.000000000000000000 ) ;
#2271 = CYLINDRICAL_SURFACE ( 'NONE', #563, 2.000000000000001776 ) ;
#2272 = VECTOR ( 'NONE', #1455, 1000.000000000000000 ) ;
#2273 = ORIENTED_EDGE ( 'NONE', *, *, #1179, .T. ) ;
#2274 = DIRECTION ( 'NONE',  ( 1.000000000000000000, 0.000000000000000000, 0.000000000000000000 ) ) ;
#2275 = DIRECTION ( 'NONE',  ( 0.000000000000000000, 0.000000000000000000, -1.000000000000000000 ) ) ;
#2276 = ORIENTED_EDGE ( 'NONE', *, *, #1268, .T. ) ;
#2277 = VECTOR ( 'NONE', #1839, 1000.000000000000000 ) ;
#2278 = ORIENTED_EDGE ( 'NONE', *, *, #212, .T. ) ;
#2279 = CIRCLE ( 'NONE', #319, 1.499999999999999556 ) ;
#2280 = DIRECTION ( 'NONE',  ( 1.000000000000000000, 0.000000000000000000, 0.000000000000000000 ) ) ;
#2281 = ORIENTED_EDGE ( 'NONE', *, *, #737, .T. ) ;
#2282 = EDGE_CURVE ( 'NONE', #1916, #1439, #914, .T. ) ;
#2283 = LINE ( 'NONE', #2323, #2563 ) ;
#2284 = CARTESIAN_POINT ( 'NONE',  ( 18.00000000000000000, 9.000000000000000000, 3.799999999999999822 ) ) ;
#2285 = EDGE_LOOP ( 'NONE', ( #1894, #1265, #2538 ) ) ;
#2286 = DIRECTION ( 'NONE',  ( 1.000000000000000000, 0.000000000000000000, 0.000000000000000000 ) ) ;
#2287 = CARTESIAN_POINT ( 'NONE',  ( 46.00000000000000000, 6.500000000000000000, 3.600000000000000089 ) ) ;
#2288 = ORIENTED_EDGE ( 'NONE', *, *, #2123, .F. ) ;
#2289 = ORIENTED_EDGE ( 'NONE', *, *, #1759, .F. ) ;
#2290 = EDGE_CURVE ( 'NONE', #208, #523, #723, .T. ) ;
#2291 = DIRECTION ( 'NONE',  ( 0.000000000000000000, 1.000000000000000000, 0.000000000000000000 ) ) ;
#2292 = VERTEX_POINT ( 'NONE', #2530 ) ;
#2293 = VECTOR ( 'NONE', #799, 1000.000000000000000 ) ;
#2294 = EDGE_CURVE ( 'NONE', #577, #1829, #1321, .T. ) ;
#2295 = DIRECTION ( 'NONE',  ( -0.000000000000000000, 1.000000000000000000, 0.000000000000000000 ) ) ;
#2296 = VECTOR ( 'NONE', #2311, 1000.000000000000000 ) ;
#2297 = CARTESIAN_POINT ( 'NONE',  ( 69.20000000000001705, 9.797174393178765753E-17, 7.599999999999999645 ) ) ;
#2298 = ORIENTED_EDGE ( 'NONE', *, *, #665, .F. ) ;
#2299 = DIRECTION ( 'NONE',  ( -0.000000000000000000, -0.000000000000000000, 1.000000000000000000 ) ) ;
#2300 = DIRECTION ( 'NONE',  ( 1.000000000000000000, 0.000000000000000000, 0.000000000000000000 ) ) ;
#2301 = EDGE_CURVE ( 'NONE', #247, #1739, #2025, .T. ) ;
#2302 = ORIENTED_EDGE ( 'NONE', *, *, #1375, .F. ) ;
#2303 = ORIENTED_EDGE ( 'NONE', *, *, #1827, .T. ) ;
#2304 = DIRECTION ( 'NONE',  ( 1.000000000000000000, 0.000000000000000000, 0.000000000000000000 ) ) ;
#2305 = EDGE_LOOP ( 'NONE', ( #1978, #818, #1753, #845 ) ) ;
#2306 = EDGE_CURVE ( 'NONE', #2039, #787, #1732, .T. ) ;
#2307 = AXIS2_PLACEMENT_3D ( 'NONE', #2208, #782, #1419 ) ;
#2308 = FACE_OUTER_BOUND ( 'NONE', #932, .T. ) ;
#2309 = CARTESIAN_POINT ( 'NONE',  ( 0.000000000000000000, 9.000000000000000000, 14.00000000000000000 ) ) ;
#2310 = ORIENTED_EDGE ( 'NONE', *, *, #1422, .T. ) ;
#2311 = DIRECTION ( 'NONE',  ( 0.000000000000000000, 0.000000000000000000, 1.000000000000000000 ) ) ;
#2312 = EDGE_CURVE ( 'NONE', #2237, #1323, #2283, .T. ) ;
#2313 = DIRECTION ( 'NONE',  ( 0.000000000000000000, 1.000000000000000000, 0.000000000000000000 ) ) ;
#2314 = EDGE_CURVE ( 'NONE', #1916, #370, #1036, .T. ) ;
#2315 = ORIENTED_EDGE ( 'NONE', *, *, #1293, .F. ) ;
#2316 = ORIENTED_EDGE ( 'NONE', *, *, #1774, .T. ) ;
#2317 =( GEOMETRIC_REPRESENTATION_CONTEXT ( 3 ) GLOBAL_UNCERTAINTY_ASSIGNED_CONTEXT ( ( #2083 ) ) GLOBAL_UNIT_ASSIGNED_CONTEXT ( ( #1548, #2552, #1968 ) ) REPRESENTATION_CONTEXT ( 'NONE', 'WORKASPACE' ) );
#2318 = CARTESIAN_POINT ( 'NONE',  ( 5.000000000000000000, -5.000000000000000000, -1.000000000000000000 ) ) ;
#2319 = ORIENTED_EDGE ( 'NONE', *, *, #2322, .F. ) ;
#2320 = VECTOR ( 'NONE', #2391, 1000.000000000000000 ) ;
#2321 = AXIS2_PLACEMENT_3D ( 'NONE', #2324, #494, #2086 ) ;
#2322 = EDGE_CURVE ( 'NONE', #2250, #868, #32, .T. ) ;
#2323 = CARTESIAN_POINT ( 'NONE',  ( 18.00000000000000000, 9.000000000000000000, 0.4000000000000000222 ) ) ;
#2324 = CARTESIAN_POINT ( 'NONE',  ( 46.00000000000000000, 4.500000000000000000, 3.600000000000000089 ) ) ;
#2325 = ORIENTED_EDGE ( 'NONE', *, *, #2067, .F. ) ;
#2326 = AXIS2_PLACEMENT_3D ( 'NONE', #2318, #2371, #1172 ) ;
#2327 = CARTESIAN_POINT ( 'NONE',  ( 61.00000000000000000, -4.500000000000000000, 3.600000000000000089 ) ) ;
#2328 = DIRECTION ( 'NONE',  ( 0.000000000000000000, 0.000000000000000000, 1.000000000000000000 ) ) ;
#2329 = ORIENTED_EDGE ( 'NONE', *, *, #1404, .T. ) ;
#2330 = DIRECTION ( 'NONE',  ( 0.000000000000000000, 1.000000000000000000, 0.000000000000000000 ) ) ;
#2331 = CARTESIAN_POINT ( 'NONE',  ( 61.00000000000000000, -6.500000000000000000, 4.599999999999999645 ) ) ;
#2332 = ORIENTED_EDGE ( 'NONE', *, *, #2571, .T. ) ;
#2333 = CIRCLE ( 'NONE', #1006, 0.7999999999999951594 ) ;
#2334 = DIRECTION ( 'NONE',  ( 0.000000000000000000, 1.000000000000000000, 0.000000000000000000 ) ) ;
#2335 = AXIS2_PLACEMENT_3D ( 'NONE', #1396, #177, #603 ) ;
#2336 = CARTESIAN_POINT ( 'NONE',  ( 70.00000000000000000, 0.000000000000000000, 6.400000000000000355 ) ) ;
#2337 = CARTESIAN_POINT ( 'NONE',  ( 46.00000000000000000, 6.500000000000000000, 4.599999999999999645 ) ) ;
#2338 = ORIENTED_EDGE ( 'NONE', *, *, #509, .T. ) ;
#2339 = DIRECTION ( 'NONE',  ( 1.000000000000000000, 0.000000000000000000, 0.000000000000000000 ) ) ;
#2340 = APPLICATION_CONTEXT ( 'automotive_design' ) ;
#2341 = ADVANCED_FACE ( 'NONE', ( #2308 ), #1489, .T. ) ;
#2342 = CARTESIAN_POINT ( 'NONE',  ( 70.00000000000000000, 0.000000000000000000, 7.599999999999999645 ) ) ;
#2343 = EDGE_LOOP ( 'NONE', ( #627, #1704, #343 ) ) ;
#2344 = CARTESIAN_POINT ( 'NONE',  ( 44.00000000000000000, -4.500000000000000000, 3.600000000000000089 ) ) ;
#2345 = LINE ( 'NONE', #555, #202 ) ;
#2346 = VERTEX_POINT ( 'NONE', #338 ) ;
#2347 = FACE_BOUND ( 'NONE', #1420, .T. ) ;
#2348 = DIRECTION ( 'NONE',  ( 0.000000000000000000, 0.000000000000000000, 1.000000000000000000 ) ) ;
#2349 = ORIENTED_EDGE ( 'NONE', *, *, #2044, .T. ) ;
#2350 = CARTESIAN_POINT ( 'NONE',  ( 69.47084973778599704, 9.000000000000000000, 6.400000000000000355 ) ) ;
#2351 = DIRECTION ( 'NONE',  ( 0.000000000000000000, 0.000000000000000000, 1.000000000000000000 ) ) ;
#2352 = EDGE_LOOP ( 'NONE', ( #1120, #152, #230, #1597 ) ) ;
#2353 = ORIENTED_EDGE ( 'NONE', *, *, #1395, .T. ) ;
#2354 = VECTOR ( 'NONE', #1608, 1000.000000000000000 ) ;
#2355 = FACE_OUTER_BOUND ( 'NONE', #294, .T. ) ;
#2356 = AXIS2_PLACEMENT_3D ( 'NONE', #2038, #56, #1671 ) ;
#2357 = ORIENTED_EDGE ( 'NONE', *, *, #1738, .T. ) ;
#2358 = AXIS2_PLACEMENT_3D ( 'NONE', #275, #648, #2428 ) ;
#2359 = DIRECTION ( 'NONE',  ( 0.000000000000000000, 0.000000000000000000, 1.000000000000000000 ) ) ;
#2360 = AXIS2_PLACEMENT_3D ( 'NONE', #449, #1254, #2042 ) ;
#2361 = ADVANCED_FACE ( 'NONE', ( #1790 ), #403, .T. ) ;
#2362 = SURFACE_STYLE_USAGE ( .BOTH. , #1390 ) ;
#2363 = AXIS2_PLACEMENT_3D ( 'NONE', #1137, #505, #684 ) ;
#2364 = CYLINDRICAL_SURFACE ( 'NONE', #1707, 1.499999999999999556 ) ;
#2365 = DIRECTION ( 'NONE',  ( 1.000000000000000000, -0.000000000000000000, 0.000000000000000000 ) ) ;
#2366 = CARTESIAN_POINT ( 'NONE',  ( 18.00000000000000000, -9.000000000000000000, 0.4000000000000000222 ) ) ;
#2367 = ORIENTED_EDGE ( 'NONE', *, *, #1524, .T. ) ;
#2368 = ORIENTED_EDGE ( 'NONE', *, *, #1668, .T. ) ;
#2369 = AXIS2_PLACEMENT_3D ( 'NONE', #1374, #1967, #1348 ) ;
#2370 = CARTESIAN_POINT ( 'NONE',  ( 45.00000000000000000, 4.500000000000000000, 3.600000000000000089 ) ) ;
#2371 = DIRECTION ( 'NONE',  ( 0.000000000000000000, 0.000000000000000000, 1.000000000000000000 ) ) ;
#2372 = ORIENTED_EDGE ( 'NONE', *, *, #945, .T. ) ;
#2373 = EDGE_CURVE ( 'NONE', #1701, #822, #611, .T. ) ;
#2374 = CARTESIAN_POINT ( 'NONE',  ( 62.00000000000000000, -4.500000000000000000, 4.599999999999999645 ) ) ;
#2375 = EDGE_CURVE ( 'NONE', #2414, #1323, #198, .T. ) ;
#2376 = CARTESIAN_POINT ( 'NONE',  ( 44.00000000000000000, -4.500000000000000000, 3.600000000000000089 ) ) ;
#2377 = CARTESIAN_POINT ( 'NONE',  ( 65.00000000000000000, 9.000000000000000000, 7.750000000000000000 ) ) ;
#2378 = CARTESIAN_POINT ( 'NONE',  ( 14.69999999999999929, -5.000000000000000000, 14.00000000000000000 ) ) ;
#2379 = AXIS2_PLACEMENT_3D ( 'NONE', #1003, #1583, #2384 ) ;
#2380 = FACE_OUTER_BOUND ( 'NONE', #936, .T. ) ;
#2381 = EDGE_LOOP ( 'NONE', ( #2549, #2288, #87, #55 ) ) ;
#2382 = DIRECTION ( 'NONE',  ( 0.000000000000000000, 0.000000000000000000, 1.000000000000000000 ) ) ;
#2383 = ADVANCED_FACE ( 'NONE', ( #2388 ), #1189, .T. ) ;
#2384 = DIRECTION ( 'NONE',  ( 0.000000000000000000, 0.000000000000000000, 1.000000000000000000 ) ) ;
#2385 = CARTESIAN_POINT ( 'NONE',  ( 70.79999999999999716, 0.000000000000000000, 0.000000000000000000 ) ) ;
#2386 = ORIENTED_EDGE ( 'NONE', *, *, #2373, .T. ) ;
#2387 = CARTESIAN_POINT ( 'NONE',  ( 46.00000000000000000, 6.500000000000000000, 3.600000000000000089 ) ) ;
#2388 = FACE_OUTER_BOUND ( 'NONE', #1316, .T. ) ;
#2389 = DIRECTION ( 'NONE',  ( 0.000000000000000000, 0.000000000000000000, 1.000000000000000000 ) ) ;
#2390 = EDGE_CURVE ( 'NONE', #1436, #421, #1155, .T. ) ;
#2391 = DIRECTION ( 'NONE',  ( 0.000000000000000000, 0.000000000000000000, 1.000000000000000000 ) ) ;
#2392 = DIRECTION ( 'NONE',  ( -0.000000000000000000, -1.000000000000000000, 0.000000000000000000 ) ) ;
#2393 = ORIENTED_EDGE ( 'NONE', *, *, #2520, .T. ) ;
#2394 = LINE ( 'NONE', #2002, #334 ) ;
#2395 = CIRCLE ( 'NONE', #598, 2.000000000000001776 ) ;
#2396 = EDGE_CURVE ( 'NONE', #735, #283, #946, .T. ) ;
#2397 = CARTESIAN_POINT ( 'NONE',  ( 70.00000000000000000, 9.000000000000000000, 7.000000000000000000 ) ) ;
#2398 = DIRECTION ( 'NONE',  ( 1.000000000000000000, 0.000000000000000000, 0.000000000000000000 ) ) ;
#2399 = VERTEX_POINT ( 'NONE', #417 ) ;
#2400 = DIRECTION ( 'NONE',  ( 0.000000000000000000, 0.000000000000000000, 1.000000000000000000 ) ) ;
#2401 = EDGE_LOOP ( 'NONE', ( #1069, #1734, #1055, #1244 ) ) ;
#2402 = DIRECTION ( 'NONE',  ( 0.000000000000000000, 0.000000000000000000, -1.000000000000000000 ) ) ;
#2403 = CARTESIAN_POINT ( 'NONE',  ( 65.00000000000000000, -9.000000000000000000, 7.000000000000000000 ) ) ;
#2404 = AXIS2_PLACEMENT_3D ( 'NONE', #2084, #119, #324 ) ;
#2405 = DIRECTION ( 'NONE',  ( 1.000000000000000000, 0.000000000000000000, 0.000000000000000000 ) ) ;
#2406 = EDGE_CURVE ( 'NONE', #2068, #2144, #764, .T. ) ;
#2407 = VECTOR ( 'NONE', #301, 1000.000000000000000 ) ;
#2408 = DIRECTION ( 'NONE',  ( 0.000000000000000000, 0.000000000000000000, -1.000000000000000000 ) ) ;
#2409 = ORIENTED_EDGE ( 'NONE', *, *, #913, .F. ) ;
#2410 = DIRECTION ( 'NONE',  ( 0.000000000000000000, 0.000000000000000000, 1.000000000000000000 ) ) ;
#2411 = DIRECTION ( 'NONE',  ( 0.000000000000000000, 1.000000000000000000, 0.000000000000000000 ) ) ;
#2412 = FACE_OUTER_BOUND ( 'NONE', #144, .T. ) ;
#2413 = ORIENTED_EDGE ( 'NONE', *, *, #264, .F. ) ;
#2414 = VERTEX_POINT ( 'NONE', #3 ) ;
#2415 = EDGE_CURVE ( 'NONE', #1357, #1898, #1163, .T. ) ;
#2416 = CYLINDRICAL_SURFACE ( 'NONE', #1240, 0.8000000000000003775 ) ;
#2417 = DIRECTION ( 'NONE',  ( 0.000000000000000000, 0.000000000000000000, 1.000000000000000000 ) ) ;
#2418 = ORIENTED_EDGE ( 'NONE', *, *, #1579, .F. ) ;
#2419 = CARTESIAN_POINT ( 'NONE',  ( 65.44999999999998863, -10.00000000000000000, 6.400000000000000355 ) ) ;
#2420 = CIRCLE ( 'NONE', #661, 0.7499999999999997780 ) ;
#2421 = EDGE_CURVE ( 'NONE', #1647, #208, #683, .T. ) ;
#2422 = DIRECTION ( 'NONE',  ( -0.000000000000000000, 1.000000000000000000, 0.000000000000000000 ) ) ;
#2423 = DIRECTION ( 'NONE',  ( 1.000000000000000000, 0.000000000000000000, 0.000000000000000000 ) ) ;
#2424 = ORIENTED_EDGE ( 'NONE', *, *, #1644, .T. ) ;
#2425 = AXIS2_PLACEMENT_3D ( 'NONE', #1563, #2365, #1529 ) ;
#2426 = DIRECTION ( 'NONE',  ( 1.000000000000000000, 0.000000000000000000, 0.000000000000000000 ) ) ;
#2427 = VERTEX_POINT ( 'NONE', #1218 ) ;
#2428 = DIRECTION ( 'NONE',  ( 0.000000000000000000, 0.000000000000000000, 1.000000000000000000 ) ) ;
#2429 = EDGE_CURVE ( 'NONE', #1885, #1538, #2193, .T. ) ;
#2430 = LINE ( 'NONE', #1852, #438 ) ;
#2431 = ORIENTED_EDGE ( 'NONE', *, *, #362, .F. ) ;
#2432 = DIRECTION ( 'NONE',  ( -0.000000000000000000, 1.000000000000000000, 0.000000000000000000 ) ) ;
#2433 = CARTESIAN_POINT ( 'NONE',  ( 69.20000000000001705, 9.797174393178765753E-17, 14.00000000000000000 ) ) ;
#2434 = CARTESIAN_POINT ( 'NONE',  ( 61.00000000000000000, -6.500000000000000000, 3.600000000000000089 ) ) ;
#2435 = EDGE_LOOP ( 'NONE', ( #1572, #559, #715 ) ) ;
#2436 = VECTOR ( 'NONE', #2408, 1000.000000000000000 ) ;
#2437 = CARTESIAN_POINT ( 'NONE',  ( 13.00000000000000000, -5.000000000000000000, 0.000000000000000000 ) ) ;
#2438 = ORIENTED_EDGE ( 'NONE', *, *, #1460, .T. ) ;
#2439 = FACE_BOUND ( 'NONE', #1267, .T. ) ;
#2440 = ADVANCED_FACE ( 'NONE', ( #956 ), #1760, .F. ) ;
#2441 = DIRECTION ( 'NONE',  ( 1.000000000000000000, 0.000000000000000000, 0.000000000000000000 ) ) ;
#2442 = ORIENTED_EDGE ( 'NONE', *, *, #694, .T. ) ;
#2443 = CARTESIAN_POINT ( 'NONE',  ( 42.00000000000000000, 9.000000000000000000, 0.4000000000000000222 ) ) ;
#2444 = VECTOR ( 'NONE', #1012, 1000.000000000000000 ) ;
#2445 = CIRCLE ( 'NONE', #2360, 1.499999999999999556 ) ;
#2446 = LINE ( 'NONE', #1238, #1146 ) ;
#2447 = ORIENTED_EDGE ( 'NONE', *, *, #1442, .T. ) ;
#2448 = FACE_OUTER_BOUND ( 'NONE', #697, .T. ) ;
#2449 = CIRCLE ( 'NONE', #653, 2.000000000000001776 ) ;
#2450 = VERTEX_POINT ( 'NONE', #2154 ) ;
#2451 = DIRECTION ( 'NONE',  ( 0.000000000000000000, 0.000000000000000000, 1.000000000000000000 ) ) ;
#2452 = EDGE_CURVE ( 'NONE', #94, #606, #1745, .T. ) ;
#2453 = MANIFOLD_SOLID_BREP ( 'M2x0.4 Tapped Hole1', #699 ) ;
#2454 = DIRECTION ( 'NONE',  ( 1.000000000000000000, 0.000000000000000000, 0.000000000000000000 ) ) ;
#2455 = ORIENTED_EDGE ( 'NONE', *, *, #1764, .T. ) ;
#2456 = DIRECTION ( 'NONE',  ( 1.000000000000000000, 0.000000000000000000, 0.000000000000000000 ) ) ;
#2457 = AXIS2_PLACEMENT_3D ( 'NONE', #437, #1242, #1800 ) ;
#2458 = DIRECTION ( 'NONE',  ( 1.000000000000000000, 0.000000000000000000, 0.000000000000000000 ) ) ;
#2459 = CIRCLE ( 'NONE', #214, 0.7999999999999951594 ) ;
#2460 = ORIENTED_EDGE ( 'NONE', *, *, #1759, .T. ) ;
#2461 = ORIENTED_EDGE ( 'NONE', *, *, #481, .F. ) ;
#2462 = DIRECTION ( 'NONE',  ( 0.000000000000000000, 0.000000000000000000, 1.000000000000000000 ) ) ;
#2463 = ORIENTED_EDGE ( 'NONE', *, *, #140, .T. ) ;
#2464 = CARTESIAN_POINT ( 'NONE',  ( 46.00000000000000000, 4.500000000000000000, 3.600000000000000089 ) ) ;
#2465 = CARTESIAN_POINT ( 'NONE',  ( 42.00000000000000000, 9.000000000000000000, 3.799999999999999822 ) ) ;
#2466 = EDGE_CURVE ( 'NONE', #1425, #2072, #1802, .T. ) ;
#2467 = ORIENTED_EDGE ( 'NONE', *, *, #2561, .T. ) ;
#2468 = FACE_OUTER_BOUND ( 'NONE', #769, .T. ) ;
#2469 = DIRECTION ( 'NONE',  ( 0.000000000000000000, 0.000000000000000000, 1.000000000000000000 ) ) ;
#2470 = ORIENTED_EDGE ( 'NONE', *, *, #1516, .T. ) ;
#2471 = ORIENTED_EDGE ( 'NONE', *, *, #2390, .T. ) ;
#2472 = EDGE_CURVE ( 'NONE', #1898, #2144, #819, .T. ) ;
#2473 = CARTESIAN_POINT ( 'NONE',  ( 44.00000000000000000, -4.500000000000000000, 3.600000000000000089 ) ) ;
#2474 = VERTEX_POINT ( 'NONE', #250 ) ;
#2475 =( LENGTH_UNIT ( ) NAMED_UNIT ( * ) SI_UNIT ( .MILLI., .METRE. ) );
#2476 = CIRCLE ( 'NONE', #1813, 1.000000000000000000 ) ;
#2477 = DIRECTION ( 'NONE',  ( 0.000000000000000000, 0.000000000000000000, 1.000000000000000000 ) ) ;
#2478 = CARTESIAN_POINT ( 'NONE',  ( 46.00000000000000000, -4.500000000000000000, 14.00000000000000000 ) ) ;
#2479 = VECTOR ( 'NONE', #1866, 1000.000000000000000 ) ;
#2480 = VERTEX_POINT ( 'NONE', #1850 ) ;
#2481 = EDGE_CURVE ( 'NONE', #1945, #1624, #2524, .T. ) ;
#2482 = DIRECTION ( 'NONE',  ( 0.000000000000000000, 0.000000000000000000, -1.000000000000000000 ) ) ;
#2483 = AXIS2_PLACEMENT_3D ( 'NONE', #2269, #849, #1023 ) ;
#2484 = ORIENTED_EDGE ( 'NONE', *, *, #1627, .T. ) ;
#2485 = EDGE_LOOP ( 'NONE', ( #2431, #1874, #502, #1451 ) ) ;
#2486 = VECTOR ( 'NONE', #2173, 1000.000000000000000 ) ;
#2487 = AXIS2_PLACEMENT_3D ( 'NONE', #174, #20, #587 ) ;
#2488 = DIRECTION ( 'NONE',  ( 0.000000000000000000, 0.000000000000000000, 1.000000000000000000 ) ) ;
#2489 = ORIENTED_EDGE ( 'NONE', *, *, #7, .F. ) ;
#2490 =( NAMED_UNIT ( * ) PLANE_ANGLE_UNIT ( ) SI_UNIT ( $, .RADIAN. ) );
#2491 = ADVANCED_FACE ( 'NONE', ( #31, #1826, #1616, #1653, #2439, #1246, #441 ), #455, .T. ) ;
#2492 = DIRECTION ( 'NONE',  ( 1.000000000000000000, 0.000000000000000000, 0.000000000000000000 ) ) ;
#2493 = DIRECTION ( 'NONE',  ( 1.000000000000000000, 0.000000000000000000, 0.000000000000000000 ) ) ;
#2494 = EDGE_LOOP ( 'NONE', ( #2139, #352, #839, #1381 ) ) ;
#2495 = CARTESIAN_POINT ( 'NONE',  ( 61.00000000000000000, -4.500000000000000000, 3.600000000000000089 ) ) ;
#2496 = CARTESIAN_POINT ( 'NONE',  ( 69.47084973778700601, -0.5999999999999998668, 7.599999999999999645 ) ) ;
#2497 = ORIENTED_EDGE ( 'NONE', *, *, #504, .T. ) ;
#2498 = EDGE_CURVE ( 'NONE', #2474, #921, #1063, .T. ) ;
#2499 = ORIENTED_EDGE ( 'NONE', *, *, #1865, .F. ) ;
#2500 = VECTOR ( 'NONE', #2330, 1000.000000000000000 ) ;
#2501 = DIRECTION ( 'NONE',  ( 0.000000000000000000, 1.000000000000000000, 0.000000000000000000 ) ) ;
#2502 = EDGE_LOOP ( 'NONE', ( #2135, #901, #1082, #1508 ) ) ;
#2503 = CIRCLE ( 'NONE', #1385, 1.500000000000000444 ) ;
#2504 = ADVANCED_FACE ( 'NONE', ( #479 ), #1814, .F. ) ;
#2505 = DIRECTION ( 'NONE',  ( 1.000000000000000000, 0.000000000000000000, 0.000000000000000000 ) ) ;
#2506 = ORIENTED_EDGE ( 'NONE', *, *, #91, .T. ) ;
#2507 = CARTESIAN_POINT ( 'NONE',  ( 32.50000000000000000, 9.000000000000000000, 7.599999999999999645 ) ) ;
#2508 = CARTESIAN_POINT ( 'NONE',  ( 70.00000000000000000, -10.00000000000000000, 7.000000000000000000 ) ) ;
#2509 = ORIENTED_EDGE ( 'NONE', *, *, #1262, .F. ) ;
#2510 = VERTEX_POINT ( 'NONE', #466 ) ;
#2511 = PRODUCT_DEFINITION_CONTEXT ( 'detailed design', #2340, 'design' ) ;
#2512 = DIRECTION ( 'NONE',  ( 0.000000000000000000, 0.000000000000000000, 1.000000000000000000 ) ) ;
#2513 = EDGE_LOOP ( 'NONE', ( #647, #881, #1491, #2338 ) ) ;
#2514 = ADVANCED_FACE ( 'NONE', ( #80 ), #2416, .F. ) ;
#2515 = CIRCLE ( 'NONE', #1101, 0.7999999999999951594 ) ;
#2516 = LINE ( 'NONE', #131, #1107 ) ;
#2517 = DIRECTION ( 'NONE',  ( 1.000000000000000000, 0.000000000000000000, 0.000000000000000000 ) ) ;
#2518 = ORIENTED_EDGE ( 'NONE', *, *, #1751, .T. ) ;
#2519 = CARTESIAN_POINT ( 'NONE',  ( 0.000000000000000000, -9.000000000000000000, 0.000000000000000000 ) ) ;
#2520 = EDGE_CURVE ( 'NONE', #1628, #1194, #1033, .T. ) ;
#2521 = DIRECTION ( 'NONE',  ( 0.000000000000000000, 0.000000000000000000, 1.000000000000000000 ) ) ;
#2522 = ORIENTED_EDGE ( 'NONE', *, *, #1744, .T. ) ;
#2523 = CARTESIAN_POINT ( 'NONE',  ( 18.00000000000000000, -10.00000000000000000, 2.299999999999999822 ) ) ;
#2524 = CIRCLE ( 'NONE', #1730, 1.500000000000000444 ) ;
#2525 = LINE ( 'NONE', #2562, #2245 ) ;
#2526 = EDGE_LOOP ( 'NONE', ( #306, #279, #1534, #1250 ) ) ;
#2527 = FACE_BOUND ( 'NONE', #1754, .T. ) ;
#2528 = VECTOR ( 'NONE', #594, 1000.000000000000000 ) ;
#2529 = ADVANCED_FACE ( 'NONE', ( #227 ), #480, .F. ) ;
#2530 = CARTESIAN_POINT ( 'NONE',  ( 42.00000000000000000, -9.000000000000000000, 10.20000000000000107 ) ) ;
#2531 = PLANE ( 'NONE',  #1281 ) ;
#2532 = ORIENTED_EDGE ( 'NONE', *, *, #1974, .F. ) ;
#2533 = CARTESIAN_POINT ( 'NONE',  ( 63.00000000000000000, 2.767949192431121919, 4.599999999999999645 ) ) ;
#2534 = LINE ( 'NONE', #1115, #1400 ) ;
#2535 = ORIENTED_EDGE ( 'NONE', *, *, #568, .T. ) ;
#2536 = ORIENTED_EDGE ( 'NONE', *, *, #1168, .F. ) ;
#2537 = CARTESIAN_POINT ( 'NONE',  ( 11.29999999999999893, -5.000000000000000000, -1.000000000000000000 ) ) ;
#2538 = ORIENTED_EDGE ( 'NONE', *, *, #1236, .F. ) ;
#2539 = PLANE ( 'NONE',  #2071 ) ;
#2540 = CIRCLE ( 'NONE', #747, 1.000000000000000000 ) ;
#2541 = FILL_AREA_STYLE ('',( #17 ) ) ;
#2542 = CARTESIAN_POINT ( 'NONE',  ( 62.00000000000000000, 2.767949192431121919, 4.599999999999999645 ) ) ;
#2543 = ORIENTED_EDGE ( 'NONE', *, *, #1470, .F. ) ;
#2544 = DIRECTION ( 'NONE',  ( -0.000000000000000000, -1.000000000000000000, 0.000000000000000000 ) ) ;
#2545 = DIRECTION ( 'NONE',  ( 0.000000000000000000, 0.000000000000000000, 1.000000000000000000 ) ) ;
#2546 = ORIENTED_EDGE ( 'NONE', *, *, #1495, .T. ) ;
#2547 = VERTEX_POINT ( 'NONE', #2048 ) ;
#2548 = DIRECTION ( 'NONE',  ( -1.000000000000000000, 0.000000000000000000, -0.000000000000000000 ) ) ;
#2549 = ORIENTED_EDGE ( 'NONE', *, *, #59, .T. ) ;
#2550 = EDGE_CURVE ( 'NONE', #326, #1494, #605, .T. ) ;
#2551 = DIRECTION ( 'NONE',  ( 0.000000000000000000, 0.000000000000000000, 1.000000000000000000 ) ) ;
#2552 =( NAMED_UNIT ( * ) PLANE_ANGLE_UNIT ( ) SI_UNIT ( $, .RADIAN. ) );
#2553 = FACE_OUTER_BOUND ( 'NONE', #2087, .T. ) ;
#2554 = DIRECTION ( 'NONE',  ( 1.000000000000000000, 0.000000000000000000, 0.000000000000000000 ) ) ;
#2555 = AXIS2_PLACEMENT_3D ( 'NONE', #2029, #1845, #49 ) ;
#2556 = CARTESIAN_POINT ( 'NONE',  ( 42.00000000000000000, 9.000000000000000000, 0.8000000000000000444 ) ) ;
#2557 = EDGE_CURVE ( 'NONE', #1485, #971, #67, .T. ) ;
#2558 = ORIENTED_EDGE ( 'NONE', *, *, #1136, .F. ) ;
#2559 = ORIENTED_EDGE ( 'NONE', *, *, #644, .F. ) ;
#2560 = CARTESIAN_POINT ( 'NONE',  ( 42.00000000000000000, 9.000000000000000000, 10.20000000000000107 ) ) ;
#2561 = EDGE_CURVE ( 'NONE', #1328, #2072, #428, .T. ) ;
#2562 = CARTESIAN_POINT ( 'NONE',  ( 70.52915026221299399, -10.00000000000000000, 7.599999999999999645 ) ) ;
#2563 = VECTOR ( 'NONE', #311, 1000.000000000000000 ) ;
#2564 = ORIENTED_EDGE ( 'NONE', *, *, #2498, .F. ) ;
#2565 = DIRECTION ( 'NONE',  ( 0.000000000000000000, 0.000000000000000000, 1.000000000000000000 ) ) ;
#2566 = ADVANCED_FACE ( 'NONE', ( #1230 ), #66, .F. ) ;
#2567 = AXIS2_PLACEMENT_3D ( 'NONE', #1823, #1018, #2242 ) ;
#2568 = DIRECTION ( 'NONE',  ( 0.000000000000000000, 0.000000000000000000, 1.000000000000000000 ) ) ;
#2569 = CARTESIAN_POINT ( 'NONE',  ( 46.00000000000000000, 4.500000000000000000, 4.599999999999999645 ) ) ;
#2570 = PLANE ( 'NONE',  #1175 ) ;
#2571 = EDGE_CURVE ( 'NONE', #2292, #1568, #635, .T. ) ;
#2572 = DIRECTION ( 'NONE',  ( 0.000000000000000000, 1.000000000000000000, 0.000000000000000000 ) ) ;
#2573 = AXIS2_PLACEMENT_3D ( 'NONE', #501, #321, #1305 ) ;
#2574 = ORIENTED_EDGE ( 'NONE', *, *, #1913, .F. ) ;
#2575 = DIRECTION ( 'NONE',  ( -1.000000000000000000, 0.000000000000000000, 0.000000000000000000 ) ) ;
#2576 = AXIS2_PLACEMENT_3D ( 'NONE', #736, #2152, #1399 ) ;
#2577 = CARTESIAN_POINT ( 'NONE',  ( 42.00000000000000000, -9.000000000000000000, 3.799999999999999822 ) ) ;
#2578 = CARTESIAN_POINT ( 'NONE',  ( 65.00000000000000000, -9.000000000000000000, 7.750000000000000000 ) ) ;
#2579 = ADVANCED_FACE ( 'NONE', ( #659 ), #1463, .F. ) ;
#2580 = ORIENTED_EDGE ( 'NONE', *, *, #1863, .F. ) ;
ENDSEC;
END-ISO-10303-21;
