ISO-10303-21;
HEADER;
FILE_DESCRIPTION (( 'STEP AP214' ),
    '1' );
FILE_NAME ('W3_ROBOT_6AXIS_RevA.STEP',
    '2026-10-09T23:33:09',
    ( '' ),
    ( '' ),
    'SwSTEP 2.0',
    'SolidWorks 2023',
    '' );
FILE_SCHEMA (( 'AUTOMOTIVE_DESIGN' ));
ENDSEC;

DATA;
#1 = ADVANCED_FACE ( 'NONE', ( #1784 ), #1835, .F. ) ;
#2 = DIRECTION ( 'NONE',  ( 0.000000000000000000, 0.000000000000000000, 1.000000000000000000 ) ) ;
#3 = EDGE_LOOP ( 'NONE', ( #2193, #1692, #1552, #2172 ) ) ;
#4 = FACE_OUTER_BOUND ( 'NONE', #1574, .T. ) ;
#5 = DIRECTION ( 'NONE',  ( 0.000000000000000000, 0.000000000000000000, 1.000000000000000000 ) ) ;
#6 = DIRECTION ( 'NONE',  ( 0.000000000000000000, 0.000000000000000000, 1.000000000000000000 ) ) ;
#7 = LINE ( 'NONE', #190, #2113 ) ;
#8 = ORIENTED_EDGE ( 'NONE', *, *, #2317, .T. ) ;
#9 = DIRECTION ( 'NONE',  ( 1.000000000000000000, 0.000000000000000000, 0.000000000000000000 ) ) ;
#10 = EDGE_LOOP ( 'NONE', ( #2269, #750, #1945, #615 ) ) ;
#11 = CARTESIAN_POINT ( 'NONE',  ( 0.000000000000000000, 0.000000000000000000, 16.00000000000000000 ) ) ;
#12 = ORIENTED_EDGE ( 'NONE', *, *, #160, .F. ) ;
#13 = AXIS2_PLACEMENT_3D ( 'NONE', #1801, #107, #1491 ) ;
#14 = DIRECTION ( 'NONE',  ( 0.000000000000000000, 0.000000000000000000, 1.000000000000000000 ) ) ;
#15 = EDGE_CURVE ( 'NONE', #1530, #2414, #791, .T. ) ;
#16 = DIRECTION ( 'NONE',  ( 0.000000000000000000, 0.000000000000000000, 1.000000000000000000 ) ) ;
#17 = ADVANCED_FACE ( 'NONE', ( #1638 ), #2397, .F. ) ;
#18 = AXIS2_PLACEMENT_3D ( 'NONE', #1055, #1790, #288 ) ;
#19 = FACE_OUTER_BOUND ( 'NONE', #1854, .T. ) ;
#20 = ORIENTED_EDGE ( 'NONE', *, *, #607, .F. ) ;
#21 = DIRECTION ( 'NONE',  ( 1.000000000000000000, 0.000000000000000000, 0.000000000000000000 ) ) ;
#22 = ORIENTED_EDGE ( 'NONE', *, *, #1089, .T. ) ;
#23 = CARTESIAN_POINT ( 'NONE',  ( -18.73832970144000143, -18.73832970144000143, 16.00000000000000000 ) ) ;
#24 = ORIENTED_EDGE ( 'NONE', *, *, #2067, .F. ) ;
#25 = VECTOR ( 'NONE', #2294, 1000.000000000000000 ) ;
#26 = DIRECTION ( 'NONE',  ( 1.000000000000000000, 0.000000000000000000, 0.000000000000000000 ) ) ;
#27 = VECTOR ( 'NONE', #1502, 1000.000000000000000 ) ;
#28 = CARTESIAN_POINT ( 'NONE',  ( 0.000000000000000000, 0.000000000000000000, 0.000000000000000000 ) ) ;
#29 = EDGE_CURVE ( 'NONE', #1994, #2020, #840, .T. ) ;
#30 = LINE ( 'NONE', #1155, #27 ) ;
#31 = ORIENTED_EDGE ( 'NONE', *, *, #164, .T. ) ;
#32 = CIRCLE ( 'NONE', #1694, 23.50000000000000000 ) ;
#33 = DIRECTION ( 'NONE',  ( 1.000000000000000000, 0.000000000000000000, 0.000000000000000000 ) ) ;
#34 = ORIENTED_EDGE ( 'NONE', *, *, #1587, .F. ) ;
#35 = ADVANCED_FACE ( 'NONE', ( #1626 ), #852, .F. ) ;
#36 = EDGE_CURVE ( 'NONE', #1948, #2152, #1113, .T. ) ;
#37 = DIRECTION ( 'NONE',  ( 0.000000000000000000, 0.000000000000000000, 1.000000000000000000 ) ) ;
#38 = EDGE_LOOP ( 'NONE', ( #1152, #850, #1207, #1453 ) ) ;
#39 = DIRECTION ( 'NONE',  ( 1.000000000000000000, 0.000000000000000000, 0.000000000000000000 ) ) ;
#40 = DIRECTION ( 'NONE',  ( 0.000000000000000000, -1.000000000000000000, 0.000000000000000000 ) ) ;
#41 = AXIS2_PLACEMENT_3D ( 'NONE', #28, #5, #2289 ) ;
#42 = PLANE ( 'NONE',  #1487 ) ;
#43 = EDGE_LOOP ( 'NONE', ( #2439, #2083 ) ) ;
#44 = EDGE_CURVE ( 'NONE', #1658, #1648, #1667, .T. ) ;
#45 = AXIS2_PLACEMENT_3D ( 'NONE', #1615, #1222, #2374 ) ;
#46 = CARTESIAN_POINT ( 'NONE',  ( 0.000000000000000000, 0.000000000000000000, 4.000000000000000000 ) ) ;
#47 = ORIENTED_EDGE ( 'NONE', *, *, #1203, .F. ) ;
#48 = CARTESIAN_POINT ( 'NONE',  ( 2.000000000000000000, 12.00000000000000000, 4.000000000000000000 ) ) ;
#49 = ORIENTED_EDGE ( 'NONE', *, *, #1782, .F. ) ;
#50 = DIRECTION ( 'NONE',  ( 0.000000000000000000, 0.000000000000000000, 1.000000000000000000 ) ) ;
#51 =( GEOMETRIC_REPRESENTATION_CONTEXT ( 3 ) GLOBAL_UNCERTAINTY_ASSIGNED_CONTEXT ( ( #2146 ) ) GLOBAL_UNIT_ASSIGNED_CONTEXT ( ( #1665, #2412, #1107 ) ) REPRESENTATION_CONTEXT ( 'NONE', 'WORKASPACE' ) );
#52 = LINE ( 'NONE', #1770, #1249 ) ;
#53 = EDGE_LOOP ( 'NONE', ( #818, #996, #622, #34 ) ) ;
#54 = DIRECTION ( 'NONE',  ( 0.000000000000000000, 0.000000000000000000, 1.000000000000000000 ) ) ;
#55 = VERTEX_POINT ( 'NONE', #126 ) ;
#56 = DIRECTION ( 'NONE',  ( 0.000000000000000000, 0.000000000000000000, 1.000000000000000000 ) ) ;
#57 = EDGE_LOOP ( 'NONE', ( #2162, #232, #858, #972, #949, #134, #566, #883 ) ) ;
#58 = EDGE_CURVE ( 'NONE', #257, #2341, #138, .T. ) ;
#59 = CARTESIAN_POINT ( 'NONE',  ( -10.50000000000000000, 1.285879139104720831E-15, 12.00000000000000000 ) ) ;
#60 = ORIENTED_EDGE ( 'NONE', *, *, #1193, .F. ) ;
#61 = CARTESIAN_POINT ( 'NONE',  ( 0.000000000000000000, 7.500000000000000000, 16.00000000000000000 ) ) ;
#62 = ORIENTED_EDGE ( 'NONE', *, *, #497, .F. ) ;
#63 = AXIS2_PLACEMENT_3D ( 'NONE', #1705, #165, #771 ) ;
#64 = DIRECTION ( 'NONE',  ( 1.000000000000000000, 0.000000000000000000, 0.000000000000000000 ) ) ;
#65 = EDGE_CURVE ( 'NONE', #597, #1971, #271, .T. ) ;
#66 = ORIENTED_EDGE ( 'NONE', *, *, #560, .T. ) ;
#67 = DIRECTION ( 'NONE',  ( 1.000000000000000000, 0.000000000000000000, 0.000000000000000000 ) ) ;
#68 = ORIENTED_EDGE ( 'NONE', *, *, #633, .T. ) ;
#69 = VECTOR ( 'NONE', #1220, 1000.000000000000000 ) ;
#70 = AXIS2_PLACEMENT_3D ( 'NONE', #1559, #800, #2135 ) ;
#71 = DIRECTION ( 'NONE',  ( 0.000000000000000000, 0.000000000000000000, 1.000000000000000000 ) ) ;
#72 = CARTESIAN_POINT ( 'NONE',  ( 0.000000000000000000, 0.000000000000000000, 12.00000000000000000 ) ) ;
#73 = EDGE_LOOP ( 'NONE', ( #1894, #2248, #1479, #178 ) ) ;
#74 = EDGE_CURVE ( 'NONE', #269, #1811, #2106, .T. ) ;
#75 = DIRECTION ( 'NONE',  ( 0.000000000000000000, 0.000000000000000000, 1.000000000000000000 ) ) ;
#76 = ORIENTED_EDGE ( 'NONE', *, *, #89, .F. ) ;
#77 = CYLINDRICAL_SURFACE ( 'NONE', #2005, 23.00000000000000000 ) ;
#78 = VERTEX_POINT ( 'NONE', #500 ) ;
#79 = AXIS2_PLACEMENT_3D ( 'NONE', #2422, #1614, #2395 ) ;
#80 = CARTESIAN_POINT ( 'NONE',  ( -23.50000000000000000, 2.877919977996280320E-15, 12.00000000000000000 ) ) ;
#81 = ORIENTED_EDGE ( 'NONE', *, *, #588, .F. ) ;
#82 = DIRECTION ( 'NONE',  ( 1.000000000000000000, 0.000000000000000000, 0.000000000000000000 ) ) ;
#83 = CARTESIAN_POINT ( 'NONE',  ( 0.000000000000000000, 0.000000000000000000, 16.00000000000000000 ) ) ;
#84 = ORIENTED_EDGE ( 'NONE', *, *, #1724, .T. ) ;
#85 = DIRECTION ( 'NONE',  ( 1.000000000000000000, 0.000000000000000000, 0.000000000000000000 ) ) ;
#86 = ORIENTED_EDGE ( 'NONE', *, *, #761, .T. ) ;
#87 = AXIS2_PLACEMENT_3D ( 'NONE', #745, #177, #1133 ) ;
#88 = CARTESIAN_POINT ( 'NONE',  ( 12.00000000000000000, 2.000000000000000000, 4.000000000000000000 ) ) ;
#89 = EDGE_CURVE ( 'NONE', #634, #1331, #1697, .T. ) ;
#90 = DIRECTION ( 'NONE',  ( 0.000000000000000000, 0.000000000000000000, 1.000000000000000000 ) ) ;
#91 = DIRECTION ( 'NONE',  ( 0.000000000000000000, -1.000000000000000000, 0.000000000000000000 ) ) ;
#92 = ORIENTED_EDGE ( 'NONE', *, *, #2181, .F. ) ;
#93 = PLANE ( 'NONE',  #1514 ) ;
#94 = CIRCLE ( 'NONE', #413, 1.500000000000000000 ) ;
#95 = CARTESIAN_POINT ( 'NONE',  ( 10.56000000000000050, 3.079999999999999627, 12.00000000000000000 ) ) ;
#96 = VERTEX_POINT ( 'NONE', #660 ) ;
#97 = LINE ( 'NONE', #1634, #347 ) ;
#98 = ORIENTED_EDGE ( 'NONE', *, *, #1095, .F. ) ;
#99 = MANIFOLD_SOLID_BREP ( 'M3x0.5 Tapped Hole1', #908 ) ;
#100 = CARTESIAN_POINT ( 'NONE',  ( 20.43832970144400107, 18.73832970144400178, -1.000000000000000000 ) ) ;
#101 = DIRECTION ( 'NONE',  ( 0.000000000000000000, 0.000000000000000000, 1.000000000000000000 ) ) ;
#102 = AXIS2_PLACEMENT_3D ( 'NONE', #1314, #144, #918 ) ;
#103 = EDGE_CURVE ( 'NONE', #555, #2077, #742, .T. ) ;
#104 = AXIS2_PLACEMENT_3D ( 'NONE', #916, #353, #1109 ) ;
#105 = CYLINDRICAL_SURFACE ( 'NONE', #1844, 23.00000000000000000 ) ;
#106 = EDGE_LOOP ( 'NONE', ( #2285, #1546 ) ) ;
#107 = DIRECTION ( 'NONE',  ( 0.000000000000000000, 0.000000000000000000, 1.000000000000000000 ) ) ;
#108 = LINE ( 'NONE', #503, #1842 ) ;
#109 = ORIENTED_EDGE ( 'NONE', *, *, #1531, .F. ) ;
#110 = DIRECTION ( 'NONE',  ( 1.000000000000000000, 0.000000000000000000, 0.000000000000000000 ) ) ;
#111 = AXIS2_PLACEMENT_3D ( 'NONE', #2276, #1910, #1549 ) ;
#112 = VERTEX_POINT ( 'NONE', #2229 ) ;
#113 = FACE_OUTER_BOUND ( 'NONE', #1012, .T. ) ;
#114 = CARTESIAN_POINT ( 'NONE',  ( 0.000000000000000000, 0.000000000000000000, 4.000000000000000000 ) ) ;
#115 = DIRECTION ( 'NONE',  ( 1.000000000000000000, 0.000000000000000000, 0.000000000000000000 ) ) ;
#116 = EDGE_LOOP ( 'NONE', ( #568, #2073, #894, #1652 ) ) ;
#117 = EDGE_CURVE ( 'NONE', #520, #993, #2259, .T. ) ;
#118 = CARTESIAN_POINT ( 'NONE',  ( -3.500000000000000000, -12.00000000000000000, 4.000000000000000000 ) ) ;
#119 = DIRECTION ( 'NONE',  ( 1.000000000000000000, 0.000000000000000000, 0.000000000000000000 ) ) ;
#120 = ORIENTED_EDGE ( 'NONE', *, *, #938, .F. ) ;
#121 = EDGE_CURVE ( 'NONE', #2346, #650, #569, .T. ) ;
#122 = DIRECTION ( 'NONE',  ( 0.000000000000000000, 0.000000000000000000, 1.000000000000000000 ) ) ;
#123 = ORIENTED_EDGE ( 'NONE', *, *, #1163, .T. ) ;
#124 = DIRECTION ( 'NONE',  ( 1.000000000000000000, 0.000000000000000000, 0.000000000000000000 ) ) ;
#125 = DIRECTION ( 'NONE',  ( 0.000000000000000000, 0.000000000000000000, 1.000000000000000000 ) ) ;
#126 = CARTESIAN_POINT ( 'NONE',  ( 23.50000000000000000, 0.000000000000000000, 0.000000000000000000 ) ) ;
#127 = CARTESIAN_POINT ( 'NONE',  ( 21.21320343559600019, 2.000000000000000000, 4.000000000000000000 ) ) ;
#128 = ORIENTED_EDGE ( 'NONE', *, *, #2016, .T. ) ;
#129 = FACE_OUTER_BOUND ( 'NONE', #1349, .T. ) ;
#130 = EDGE_LOOP ( 'NONE', ( #2101, #1613, #145, #821 ) ) ;
#131 = EDGE_CURVE ( 'NONE', #454, #2235, #1712, .T. ) ;
#132 = AXIS2_PLACEMENT_3D ( 'NONE', #2332, #1182, #2158 ) ;
#133 = DIRECTION ( 'NONE',  ( 1.000000000000000000, 0.000000000000000000, 0.000000000000000000 ) ) ;
#134 = ORIENTED_EDGE ( 'NONE', *, *, #899, .F. ) ;
#135 = EDGE_CURVE ( 'NONE', #1979, #2045, #937, .T. ) ;
#136 = CYLINDRICAL_SURFACE ( 'NONE', #822, 1.499999999999999778 ) ;
#137 = DIRECTION ( 'NONE',  ( 0.000000000000000000, -1.000000000000000000, 0.000000000000000000 ) ) ;
#138 = LINE ( 'NONE', #1260, #1779 ) ;
#139 = VECTOR ( 'NONE', #1696, 1000.000000000000000 ) ;
#140 = FACE_OUTER_BOUND ( 'NONE', #1522, .T. ) ;
#141 = CIRCLE ( 'NONE', #929, 1.700000000000000178 ) ;
#142 = ORIENTED_EDGE ( 'NONE', *, *, #2016, .F. ) ;
#143 = AXIS2_PLACEMENT_3D ( 'NONE', #1990, #1627, #478 ) ;
#144 = DIRECTION ( 'NONE',  ( -0.000000000000000000, 1.000000000000000000, 0.000000000000000000 ) ) ;
#145 = ORIENTED_EDGE ( 'NONE', *, *, #1717, .T. ) ;
#146 = FACE_BOUND ( 'NONE', #194, .T. ) ;
#147 = ORIENTED_EDGE ( 'NONE', *, *, #1353, .F. ) ;
#148 = EDGE_CURVE ( 'NONE', #597, #1375, #210, .T. ) ;
#149 = CIRCLE ( 'NONE', #187, 1.250000000000000222 ) ;
#150 = DIRECTION ( 'NONE',  ( 0.000000000000000000, -1.000000000000000000, 0.000000000000000000 ) ) ;
#151 = FACE_BOUND ( 'NONE', #172, .T. ) ;
#152 = LINE ( 'NONE', #876, #1386 ) ;
#153 = CARTESIAN_POINT ( 'NONE',  ( -10.50000000000000000, 1.285879139104720831E-15, 0.000000000000000000 ) ) ;
#154 = VERTEX_POINT ( 'NONE', #1344 ) ;
#155 = CARTESIAN_POINT ( 'NONE',  ( -3.500000000000000000, 21.21320343559600019, 4.000000000000000000 ) ) ;
#156 = ORIENTED_EDGE ( 'NONE', *, *, #825, .F. ) ;
#157 = VECTOR ( 'NONE', #873, 1000.000000000000000 ) ;
#158 = FACE_BOUND ( 'NONE', #243, .T. ) ;
#159 = ORIENTED_EDGE ( 'NONE', *, *, #1511, .T. ) ;
#160 = EDGE_CURVE ( 'NONE', #502, #2180, #1809, .T. ) ;
#161 = CARTESIAN_POINT ( 'NONE',  ( 0.000000000000000000, 0.000000000000000000, 12.00000000000000000 ) ) ;
#162 = CARTESIAN_POINT ( 'NONE',  ( -18.73832970144000143, -18.73832970144000143, 0.000000000000000000 ) ) ;
#163 = DIRECTION ( 'NONE',  ( 1.000000000000000000, 0.000000000000000000, 0.000000000000000000 ) ) ;
#164 = EDGE_CURVE ( 'NONE', #291, #1394, #348, .T. ) ;
#165 = DIRECTION ( 'NONE',  ( 0.000000000000000000, 0.000000000000000000, 1.000000000000000000 ) ) ;
#166 = CARTESIAN_POINT ( 'NONE',  ( 0.000000000000000000, 0.000000000000000000, 11.00000000000000000 ) ) ;
#167 = ORIENTED_EDGE ( 'NONE', *, *, #121, .T. ) ;
#168 = AXIS2_PLACEMENT_3D ( 'NONE', #2056, #1437, #1476 ) ;
#169 = DIRECTION ( 'NONE',  ( 0.000000000000000000, 0.000000000000000000, -1.000000000000000000 ) ) ;
#170 = VERTEX_POINT ( 'NONE', #223 ) ;
#171 = DIRECTION ( 'NONE',  ( 0.000000000000000000, 0.000000000000000000, 1.000000000000000000 ) ) ;
#172 = EDGE_LOOP ( 'NONE', ( #630, #1297 ) ) ;
#173 = CARTESIAN_POINT ( 'NONE',  ( 24.99999999999999645, 1.836970198721028208E-16, 16.00000000000000000 ) ) ;
#174 = CARTESIAN_POINT ( 'NONE',  ( 0.000000000000000000, 0.000000000000000000, 0.000000000000000000 ) ) ;
#175 = AXIS2_PLACEMENT_3D ( 'NONE', #23, #253, #1003 ) ;
#176 = CARTESIAN_POINT ( 'NONE',  ( 0.000000000000000000, 0.000000000000000000, -2.000000000000000000 ) ) ;
#177 = DIRECTION ( 'NONE',  ( 0.000000000000000000, 0.000000000000000000, 1.000000000000000000 ) ) ;
#178 = ORIENTED_EDGE ( 'NONE', *, *, #770, .T. ) ;
#179 = EDGE_CURVE ( 'NONE', #2352, #1585, #973, .T. ) ;
#180 = CARTESIAN_POINT ( 'NONE',  ( -6.553300858898999159, -5.303300858898999159, 0.000000000000000000 ) ) ;
#181 = ORIENTED_EDGE ( 'NONE', *, *, #1378, .F. ) ;
#182 = CIRCLE ( 'NONE', #2338, 10.50000000000000000 ) ;
#183 = CARTESIAN_POINT ( 'NONE',  ( 0.000000000000000000, 7.500000000000000000, 0.000000000000000000 ) ) ;
#184 = ORIENTED_EDGE ( 'NONE', *, *, #329, .F. ) ;
#185 = FACE_OUTER_BOUND ( 'NONE', #1198, .T. ) ;
#186 = DIRECTION ( 'NONE',  ( 1.000000000000000000, 0.000000000000000000, 0.000000000000000000 ) ) ;
#187 = AXIS2_PLACEMENT_3D ( 'NONE', #655, #689, #508 ) ;
#188 = CIRCLE ( 'NONE', #701, 1.250000000000000222 ) ;
#189 = CARTESIAN_POINT ( 'NONE',  ( 3.500000000000000000, -12.00000000000000000, 4.000000000000000000 ) ) ;
#190 = CARTESIAN_POINT ( 'NONE',  ( -22.69319437296000075, -3.744186046512000043, 4.000000000000000000 ) ) ;
#191 = ORIENTED_EDGE ( 'NONE', *, *, #1907, .T. ) ;
#192 = EDGE_CURVE ( 'NONE', #2111, #309, #1053, .T. ) ;
#193 = DIRECTION ( 'NONE',  ( 0.000000000000000000, 0.000000000000000000, 1.000000000000000000 ) ) ;
#194 = EDGE_LOOP ( 'NONE', ( #1991, #1103 ) ) ;
#195 = ADVANCED_FACE ( 'NONE', ( #1920 ), #1932, .F. ) ;
#196 = FACE_OUTER_BOUND ( 'NONE', #38, .T. ) ;
#197 = VERTEX_POINT ( 'NONE', #336 ) ;
#198 = CIRCLE ( 'NONE', #1662, 1.500000000000001332 ) ;
#199 = DIRECTION ( 'NONE',  ( 0.000000000000000000, 0.000000000000000000, 1.000000000000000000 ) ) ;
#200 = DIRECTION ( 'NONE',  ( 1.000000000000000000, 0.000000000000000000, 0.000000000000000000 ) ) ;
#201 = ADVANCED_FACE ( 'NONE', ( #523 ), #2122, .T. ) ;
#202 = CYLINDRICAL_SURFACE ( 'NONE', #1565, 1.500000000000000444 ) ;
#203 = VERTEX_POINT ( 'NONE', #1702 ) ;
#204 = APPLICATION_CONTEXT ( 'automotive_design' ) ;
#205 = CARTESIAN_POINT ( 'NONE',  ( -28.00000000000000000, 1.836970198721029934E-16, -1.000000000000000000 ) ) ;
#206 = VERTEX_POINT ( 'NONE', #779 ) ;
#207 = AXIS2_PLACEMENT_3D ( 'NONE', #2183, #1290, #480 ) ;
#208 = CARTESIAN_POINT ( 'NONE',  ( 5.303300858898999159, -5.303300858898999159, 16.00000000000000000 ) ) ;
#209 = ORIENTED_EDGE ( 'NONE', *, *, #2335, .T. ) ;
#210 = LINE ( 'NONE', #1850, #430 ) ;
#211 = EDGE_CURVE ( 'NONE', #309, #2111, #188, .T. ) ;
#212 = CARTESIAN_POINT ( 'NONE',  ( -2.000000000000000000, -12.00000000000000000, 12.00000000000000000 ) ) ;
#213 = EDGE_CURVE ( 'NONE', #2118, #1519, #507, .T. ) ;
#214 = CIRCLE ( 'NONE', #2434, 1.250000000000000222 ) ;
#215 = CARTESIAN_POINT ( 'NONE',  ( -21.21320343559000321, 2.000000000000000000, 4.000000000000000000 ) ) ;
#216 = ORIENTED_EDGE ( 'NONE', *, *, #2306, .T. ) ;
#217 = ADVANCED_FACE ( 'NONE', ( #4 ), #1162, .F. ) ;
#218 = DIRECTION ( 'NONE',  ( 0.000000000000000000, 0.000000000000000000, 1.000000000000000000 ) ) ;
#219 = ORIENTED_EDGE ( 'NONE', *, *, #252, .F. ) ;
#220 = CYLINDRICAL_SURFACE ( 'NONE', #1164, 1.250000000000000222 ) ;
#221 = ORIENTED_EDGE ( 'NONE', *, *, #1839, .T. ) ;
#222 = AXIS2_PLACEMENT_3D ( 'NONE', #999, #1763, #21 ) ;
#223 = CARTESIAN_POINT ( 'NONE',  ( -2.000000000000000000, 21.21320343559600019, 12.00000000000000000 ) ) ;
#224 = AXIS2_PLACEMENT_3D ( 'NONE', #1888, #2301, #596 ) ;
#225 = AXIS2_PLACEMENT_3D ( 'NONE', #273, #829, #1786 ) ;
#226 = DIRECTION ( 'NONE',  ( 0.000000000000000000, 0.000000000000000000, 1.000000000000000000 ) ) ;
#227 = ADVANCED_FACE ( 'NONE', ( #1523 ), #753, .F. ) ;
#228 = DIRECTION ( 'NONE',  ( 0.000000000000000000, 0.000000000000000000, 1.000000000000000000 ) ) ;
#229 = EDGE_LOOP ( 'NONE', ( #316, #1591, #2129, #734 ) ) ;
#230 = MECHANICAL_DESIGN_GEOMETRIC_PRESENTATION_REPRESENTATION (  '', ( #547 ), #1735 ) ;
#231 = CARTESIAN_POINT ( 'NONE',  ( 0.000000000000000000, 0.000000000000000000, 16.00000000000000000 ) ) ;
#232 = ORIENTED_EDGE ( 'NONE', *, *, #1193, .T. ) ;
#233 = DIRECTION ( 'NONE',  ( 1.000000000000000000, 0.000000000000000000, 0.000000000000000000 ) ) ;
#234 = EDGE_LOOP ( 'NONE', ( #1191, #1846, #713, #1000 ) ) ;
#235 = CARTESIAN_POINT ( 'NONE',  ( 0.000000000000000000, 0.000000000000000000, 4.000000000000000000 ) ) ;
#236 = DIRECTION ( 'NONE',  ( 0.000000000000000000, 0.000000000000000000, 1.000000000000000000 ) ) ;
#237 = CARTESIAN_POINT ( 'NONE',  ( -3.500000000000000000, 21.21320343559600019, 4.000000000000000000 ) ) ;
#238 = ORIENTED_EDGE ( 'NONE', *, *, #899, .T. ) ;
#239 = ADVANCED_FACE ( 'NONE', ( #185 ), #707, .T. ) ;
#240 = LINE ( 'NONE', #391, #578 ) ;
#241 = ORIENTED_EDGE ( 'NONE', *, *, #2367, .T. ) ;
#242 = CARTESIAN_POINT ( 'NONE',  ( -18.73832970144000143, -18.73832970144000143, -1.000000000000000000 ) ) ;
#243 = EDGE_LOOP ( 'NONE', ( #1056, #492 ) ) ;
#244 = CARTESIAN_POINT ( 'NONE',  ( 4.053300858898999159, 5.303300858898999159, 0.000000000000000000 ) ) ;
#245 = CIRCLE ( 'NONE', #168, 1.250000000000000222 ) ;
#246 = CARTESIAN_POINT ( 'NONE',  ( 10.50000000000000000, 0.000000000000000000, -1.000000000000000000 ) ) ;
#247 = EDGE_LOOP ( 'NONE', ( #2047, #191 ) ) ;
#248 = FACE_OUTER_BOUND ( 'NONE', #670, .T. ) ;
#249 = VERTEX_POINT ( 'NONE', #1369 ) ;
#250 = CARTESIAN_POINT ( 'NONE',  ( 21.21320343559600019, 2.000000000000000000, 12.00000000000000000 ) ) ;
#251 = VERTEX_POINT ( 'NONE', #617 ) ;
#252 = EDGE_CURVE ( 'NONE', #370, #313, #1655, .T. ) ;
#253 = DIRECTION ( 'NONE',  ( 0.000000000000000000, 0.000000000000000000, 1.000000000000000000 ) ) ;
#254 = VERTEX_POINT ( 'NONE', #436 ) ;
#255 = CARTESIAN_POINT ( 'NONE',  ( 12.00000000000000000, -3.500000000000000000, 4.000000000000000000 ) ) ;
#256 = AXIS2_PLACEMENT_3D ( 'NONE', #792, #1359, #464 ) ;
#257 = VERTEX_POINT ( 'NONE', #1184 ) ;
#258 = AXIS2_PLACEMENT_3D ( 'NONE', #542, #355, #737 ) ;
#259 = DIRECTION ( 'NONE',  ( 0.000000000000000000, 0.000000000000000000, 1.000000000000000000 ) ) ;
#260 = ORIENTED_EDGE ( 'NONE', *, *, #44, .T. ) ;
#261 = DIRECTION ( 'NONE',  ( 0.000000000000000000, 0.000000000000000000, 1.000000000000000000 ) ) ;
#262 = ORIENTED_EDGE ( 'NONE', *, *, #1135, .F. ) ;
#263 = VECTOR ( 'NONE', #1117, 1000.000000000000000 ) ;
#264 = CARTESIAN_POINT ( 'NONE',  ( -17.03832970144000214, -18.73832970144000143, 16.00000000000000000 ) ) ;
#265 = CARTESIAN_POINT ( 'NONE',  ( 6.553300858898999159, -5.303300858898999159, -1.000000000000000000 ) ) ;
#266 = VERTEX_POINT ( 'NONE', #244 ) ;
#267 = EDGE_CURVE ( 'NONE', #2341, #993, #1332, .T. ) ;
#268 = DIRECTION ( 'NONE',  ( 0.000000000000000000, 0.000000000000000000, 1.000000000000000000 ) ) ;
#269 = VERTEX_POINT ( 'NONE', #888 ) ;
#270 = DIRECTION ( 'NONE',  ( 0.000000000000000000, 1.000000000000000000, 0.000000000000000000 ) ) ;
#271 = LINE ( 'NONE', #2203, #714 ) ;
#272 = VECTOR ( 'NONE', #801, 1000.000000000000000 ) ;
#273 = CARTESIAN_POINT ( 'NONE',  ( -12.00000000000000000, -3.500000000000000000, 4.000000000000000000 ) ) ;
#274 = EDGE_LOOP ( 'NONE', ( #2431, #1280, #1188, #1884 ) ) ;
#275 = CARTESIAN_POINT ( 'NONE',  ( -3.079999999999999627, -10.56000000000000050, 4.000000000000000000 ) ) ;
#276 = DIRECTION ( 'NONE',  ( 0.000000000000000000, 0.000000000000000000, 1.000000000000000000 ) ) ;
#277 = ORIENTED_EDGE ( 'NONE', *, *, #663, .F. ) ;
#278 = CARTESIAN_POINT ( 'NONE',  ( -3.079999999999999627, -10.56000000000000050, 4.000000000000000000 ) ) ;
#279 = ORIENTED_EDGE ( 'NONE', *, *, #828, .T. ) ;
#280 = EDGE_CURVE ( 'NONE', #1161, #699, #498, .T. ) ;
#281 = CIRCLE ( 'NONE', #991, 1.700000000000000178 ) ;
#282 = CYLINDRICAL_SURFACE ( 'NONE', #1241, 1.499999999999999778 ) ;
#283 = DIRECTION ( 'NONE',  ( 0.000000000000000000, 0.000000000000000000, 1.000000000000000000 ) ) ;
#284 = CARTESIAN_POINT ( 'NONE',  ( -3.744186046512000043, -22.69319437296000075, 4.000000000000000000 ) ) ;
#285 = ORIENTED_EDGE ( 'NONE', *, *, #1431, .F. ) ;
#286 = DIRECTION ( 'NONE',  ( 0.000000000000000000, 0.000000000000000000, 1.000000000000000000 ) ) ;
#287 = CIRCLE ( 'NONE', #18, 1.700000000000000178 ) ;
#288 = DIRECTION ( 'NONE',  ( 1.000000000000000000, 0.000000000000000000, 0.000000000000000000 ) ) ;
#289 = ORIENTED_EDGE ( 'NONE', *, *, #1456, .F. ) ;
#290 = DIRECTION ( 'NONE',  ( 0.000000000000000000, 0.000000000000000000, 1.000000000000000000 ) ) ;
#291 = VERTEX_POINT ( 'NONE', #1449 ) ;
#292 = ADVANCED_FACE ( 'NONE', ( #2013, #2070, #1489, #511, #2228, #2055, #1874, #549 ), #1651, .T. ) ;
#293 = DIRECTION ( 'NONE',  ( 0.000000000000000000, 0.000000000000000000, -1.000000000000000000 ) ) ;
#294 = AXIS2_PLACEMENT_3D ( 'NONE', #706, #1462, #2240 ) ;
#295 = SURFACE_STYLE_FILL_AREA ( #2411 ) ;
#296 = AXIS2_PLACEMENT_3D ( 'NONE', #231, #1364, #33 ) ;
#297 = VECTOR ( 'NONE', #977, 1000.000000000000000 ) ;
#298 = CIRCLE ( 'NONE', #1490, 1.250000000000000222 ) ;
#299 = PLANE ( 'NONE',  #1288 ) ;
#300 = ORIENTED_EDGE ( 'NONE', *, *, #2415, .F. ) ;
#301 = DIRECTION ( 'NONE',  ( 0.000000000000000000, 0.000000000000000000, 1.000000000000000000 ) ) ;
#302 = LINE ( 'NONE', #2438, #139 ) ;
#303 = ORIENTED_EDGE ( 'NONE', *, *, #1002, .T. ) ;
#304 = CIRCLE ( 'NONE', #1211, 1.500000000000001332 ) ;
#305 = CARTESIAN_POINT ( 'NONE',  ( 5.303300858898999159, -5.303300858898999159, -1.000000000000000000 ) ) ;
#306 = ORIENTED_EDGE ( 'NONE', *, *, #1556, .T. ) ;
#307 = DIRECTION ( 'NONE',  ( 1.000000000000000000, 0.000000000000000000, 0.000000000000000000 ) ) ;
#308 = DIRECTION ( 'NONE',  ( 0.000000000000000000, 0.000000000000000000, 1.000000000000000000 ) ) ;
#309 = VERTEX_POINT ( 'NONE', #2025 ) ;
#310 = CARTESIAN_POINT ( 'NONE',  ( -12.00000000000000000, -2.000000000000000000, 4.000000000000000000 ) ) ;
#311 = VECTOR ( 'NONE', #1900, 1000.000000000000000 ) ;
#312 = CARTESIAN_POINT ( 'NONE',  ( -3.000000000000000000, 3.673940397442059868E-16, 16.00000000000000000 ) ) ;
#313 = VERTEX_POINT ( 'NONE', #2202 ) ;
#314 = EDGE_CURVE ( 'NONE', #1388, #1325, #534, .T. ) ;
#315 = CARTESIAN_POINT ( 'NONE',  ( 2.000000000000000000, -12.00000000000000000, 4.000000000000000000 ) ) ;
#316 = ORIENTED_EDGE ( 'NONE', *, *, #1067, .F. ) ;
#317 = ADVANCED_FACE ( 'NONE', ( #1862 ), #1245, .F. ) ;
#318 = DIRECTION ( 'NONE',  ( 0.000000000000000000, 0.000000000000000000, 1.000000000000000000 ) ) ;
#319 = ORIENTED_EDGE ( 'NONE', *, *, #1431, .T. ) ;
#320 = EDGE_CURVE ( 'NONE', #1179, #1472, #522, .T. ) ;
#321 = EDGE_CURVE ( 'NONE', #313, #370, #2011, .T. ) ;
#322 = DIRECTION ( 'NONE',  ( 0.000000000000000000, 0.000000000000000000, 1.000000000000000000 ) ) ;
#323 = CARTESIAN_POINT ( 'NONE',  ( 0.000000000000000000, 0.000000000000000000, 4.000000000000000000 ) ) ;
#324 = DIRECTION ( 'NONE',  ( 0.000000000000000000, -1.000000000000000000, 0.000000000000000000 ) ) ;
#325 = CIRCLE ( 'NONE', #913, 11.00000000000000000 ) ;
#326 = CIRCLE ( 'NONE', #1989, 23.50000000000000000 ) ;
#327 = CARTESIAN_POINT ( 'NONE',  ( -21.21320343559000321, 3.500000000000000000, 4.000000000000000000 ) ) ;
#328 = ORIENTED_EDGE ( 'NONE', *, *, #377, .T. ) ;
#329 = EDGE_CURVE ( 'NONE', #1313, #956, #1295, .T. ) ;
#330 = DIRECTION ( 'NONE',  ( 0.000000000000000000, 0.000000000000000000, 1.000000000000000000 ) ) ;
#331 = ORIENTED_EDGE ( 'NONE', *, *, #1717, .F. ) ;
#332 = DIRECTION ( 'NONE',  ( 1.000000000000000000, 0.000000000000000000, 0.000000000000000000 ) ) ;
#333 = VERTEX_POINT ( 'NONE', #2384 ) ;
#334 = DIRECTION ( 'NONE',  ( -0.000000000000000000, 1.000000000000000000, 0.000000000000000000 ) ) ;
#335 = FACE_BOUND ( 'NONE', #1774, .T. ) ;
#336 = CARTESIAN_POINT ( 'NONE',  ( -10.56000000000000050, 3.079999999999999627, 4.000000000000000000 ) ) ;
#337 = CARTESIAN_POINT ( 'NONE',  ( 3.079999999999999627, -10.56000000000000050, 12.00000000000000000 ) ) ;
#338 = DIRECTION ( 'NONE',  ( 1.000000000000000000, 0.000000000000000000, 0.000000000000000000 ) ) ;
#339 = ORIENTED_EDGE ( 'NONE', *, *, #426, .T. ) ;
#340 = CIRCLE ( 'NONE', #1804, 1.500000000000001332 ) ;
#341 = EDGE_CURVE ( 'NONE', #1325, #650, #1043, .T. ) ;
#342 = CARTESIAN_POINT ( 'NONE',  ( 5.303300858898999159, -5.303300858898999159, -1.000000000000000000 ) ) ;
#343 = ORIENTED_EDGE ( 'NONE', *, *, #1168, .F. ) ;
#344 = CARTESIAN_POINT ( 'NONE',  ( 0.000000000000000000, 0.000000000000000000, 12.00000000000000000 ) ) ;
#345 = ORIENTED_EDGE ( 'NONE', *, *, #1071, .F. ) ;
#346 = EDGE_CURVE ( 'NONE', #1519, #2118, #499, .T. ) ;
#347 = VECTOR ( 'NONE', #332, 1000.000000000000000 ) ;
#348 = CIRCLE ( 'NONE', #975, 1.500000000000001332 ) ;
#349 = CARTESIAN_POINT ( 'NONE',  ( 28.00000000000000000, 0.000000000000000000, 0.000000000000000000 ) ) ;
#350 = CARTESIAN_POINT ( 'NONE',  ( 5.303300858898999159, 5.303300858898999159, 16.00000000000000000 ) ) ;
#351 = LINE ( 'NONE', #362, #1310 ) ;
#352 = FACE_OUTER_BOUND ( 'NONE', #130, .T. ) ;
#353 = DIRECTION ( 'NONE',  ( 0.000000000000000000, 0.000000000000000000, 1.000000000000000000 ) ) ;
#354 = ORIENTED_EDGE ( 'NONE', *, *, #1847, .F. ) ;
#355 = DIRECTION ( 'NONE',  ( 0.000000000000000000, 0.000000000000000000, 1.000000000000000000 ) ) ;
#356 = VERTEX_POINT ( 'NONE', #2433 ) ;
#357 = FACE_OUTER_BOUND ( 'NONE', #766, .T. ) ;
#358 = ORIENTED_EDGE ( 'NONE', *, *, #756, .T. ) ;
#359 = DIRECTION ( 'NONE',  ( 0.000000000000000000, 0.000000000000000000, 1.000000000000000000 ) ) ;
#360 = EDGE_CURVE ( 'NONE', #688, #112, #809, .T. ) ;
#361 = DIRECTION ( 'NONE',  ( 0.000000000000000000, 0.000000000000000000, 1.000000000000000000 ) ) ;
#362 = CARTESIAN_POINT ( 'NONE',  ( 22.69319437296400110, -3.744186046512000043, 4.000000000000000000 ) ) ;
#363 = DIRECTION ( 'NONE',  ( 0.000000000000000000, 0.000000000000000000, 1.000000000000000000 ) ) ;
#364 = CARTESIAN_POINT ( 'NONE',  ( -2.000000000000000000, 12.00000000000000000, 4.000000000000000000 ) ) ;
#365 = EDGE_LOOP ( 'NONE', ( #1368, #980 ) ) ;
#366 = VECTOR ( 'NONE', #1878, 1000.000000000000000 ) ;
#367 = DIRECTION ( 'NONE',  ( 1.000000000000000000, 0.000000000000000000, 0.000000000000000000 ) ) ;
#368 = VERTEX_POINT ( 'NONE', #1821 ) ;
#369 = DIRECTION ( 'NONE',  ( 0.000000000000000000, 0.000000000000000000, 1.000000000000000000 ) ) ;
#370 = VERTEX_POINT ( 'NONE', #693 ) ;
#371 = CARTESIAN_POINT ( 'NONE',  ( -20.43832970144000072, 18.73832970144400178, -1.000000000000000000 ) ) ;
#372 = AXIS2_PLACEMENT_3D ( 'NONE', #208, #1160, #808 ) ;
#373 = EDGE_CURVE ( 'NONE', #2134, #1083, #926, .T. ) ;
#374 = DIRECTION ( 'NONE',  ( 0.000000000000000000, 0.000000000000000000, 1.000000000000000000 ) ) ;
#375 = DIRECTION ( 'NONE',  ( 0.000000000000000000, 0.000000000000000000, 1.000000000000000000 ) ) ;
#376 = ORIENTED_EDGE ( 'NONE', *, *, #1347, .T. ) ;
#377 = EDGE_CURVE ( 'NONE', #1967, #2066, #2207, .T. ) ;
#378 = FACE_OUTER_BOUND ( 'NONE', #2030, .T. ) ;
#379 = ORIENTED_EDGE ( 'NONE', *, *, #65, .F. ) ;
#380 = AXIS2_PLACEMENT_3D ( 'NONE', #744, #1322, #2267 ) ;
#381 = AXIS2_PLACEMENT_3D ( 'NONE', #1041, #1802, #687 ) ;
#382 = CYLINDRICAL_SURFACE ( 'NONE', #1011, 1.250000000000000222 ) ;
#383 = ORIENTED_EDGE ( 'NONE', *, *, #1218, .F. ) ;
#384 = CARTESIAN_POINT ( 'NONE',  ( 0.000000000000000000, 0.000000000000000000, 11.00000000000000000 ) ) ;
#385 = DIRECTION ( 'NONE',  ( 1.000000000000000000, 0.000000000000000000, 0.000000000000000000 ) ) ;
#386 = AXIS2_PLACEMENT_3D ( 'NONE', #344, #2, #921 ) ;
#387 = AXIS2_PLACEMENT_3D ( 'NONE', #384, #1092, #26 ) ;
#388 = DIRECTION ( 'NONE',  ( -1.000000000000000000, 0.000000000000000000, 0.000000000000000000 ) ) ;
#389 = FACE_BOUND ( 'NONE', #1446, .T. ) ;
#390 = ORIENTED_EDGE ( 'NONE', *, *, #560, .F. ) ;
#391 = CARTESIAN_POINT ( 'NONE',  ( 10.56000000000000050, -3.079999999999999627, 4.000000000000000000 ) ) ;
#392 = ORIENTED_EDGE ( 'NONE', *, *, #2232, .T. ) ;
#393 = ADVANCED_FACE ( 'NONE', ( #2040, #1091, #335, #1849, #151, #900, #718 ), #1475, .T. ) ;
#394 = CARTESIAN_POINT ( 'NONE',  ( -24.99999999999999645, 0.000000000000000000, 16.00000000000000000 ) ) ;
#395 = VERTEX_POINT ( 'NONE', #1348 ) ;
#396 = CIRCLE ( 'NONE', #2300, 1.499999999999999556 ) ;
#397 = DIRECTION ( 'NONE',  ( 0.2800000000000000822, -0.9599999999999999645, 0.000000000000000000 ) ) ;
#398 = ADVANCED_FACE ( 'NONE', ( #19 ), #1726, .F. ) ;
#399 = LINE ( 'NONE', #755, #514 ) ;
#400 = EDGE_CURVE ( 'NONE', #946, #1983, #2323, .T. ) ;
#401 = EDGE_CURVE ( 'NONE', #2077, #1519, #915, .T. ) ;
#402 = CARTESIAN_POINT ( 'NONE',  ( 3.500000000000000000, 12.00000000000000000, 4.000000000000000000 ) ) ;
#403 = ORIENTED_EDGE ( 'NONE', *, *, #914, .T. ) ;
#404 = FACE_OUTER_BOUND ( 'NONE', #1405, .T. ) ;
#405 = EDGE_LOOP ( 'NONE', ( #1186, #1581, #2376, #869 ) ) ;
#406 = CIRCLE ( 'NONE', #1785, 11.00000000000000000 ) ;
#407 = EDGE_CURVE ( 'NONE', #2045, #727, #2125, .T. ) ;
#408 = FACE_BOUND ( 'NONE', #1140, .T. ) ;
#409 = ORIENTED_EDGE ( 'NONE', *, *, #1218, .T. ) ;
#410 = DIRECTION ( 'NONE',  ( 1.000000000000000000, 0.000000000000000000, 0.000000000000000000 ) ) ;
#411 = DIRECTION ( 'NONE',  ( 1.000000000000000000, 0.000000000000000000, 0.000000000000000000 ) ) ;
#412 = APPLICATION_CONTEXT ( 'automotive_design' ) ;
#413 = AXIS2_PLACEMENT_3D ( 'NONE', #1845, #531, #1128 ) ;
#414 = DIRECTION ( 'NONE',  ( 0.000000000000000000, -1.000000000000000000, 0.000000000000000000 ) ) ;
#415 = ORIENTED_EDGE ( 'NONE', *, *, #2067, .T. ) ;
#416 = DIRECTION ( 'NONE',  ( 0.000000000000000000, 0.000000000000000000, 1.000000000000000000 ) ) ;
#417 = EDGE_LOOP ( 'NONE', ( #1224, #120, #392, #1841 ) ) ;
#418 = LINE ( 'NONE', #1151, #920 ) ;
#419 = AXIS2_PLACEMENT_3D ( 'NONE', #729, #308, #1061 ) ;
#420 = VERTEX_POINT ( 'NONE', #215 ) ;
#421 = AXIS2_PLACEMENT_3D ( 'NONE', #2144, #627, #1928 ) ;
#422 = DIRECTION ( 'NONE',  ( 0.000000000000000000, -1.000000000000000000, 0.000000000000000000 ) ) ;
#423 = AXIS2_PLACEMENT_3D ( 'NONE', #1009, #1409, #2151 ) ;
#424 = VECTOR ( 'NONE', #261, 1000.000000000000000 ) ;
#425 = DIRECTION ( 'NONE',  ( 0.000000000000000000, -1.000000000000000000, 0.000000000000000000 ) ) ;
#426 = EDGE_CURVE ( 'NONE', #78, #837, #1686, .T. ) ;
#427 = FACE_OUTER_BOUND ( 'NONE', #274, .T. ) ;
#428 = VECTOR ( 'NONE', #2137, 1000.000000000000000 ) ;
#429 = ORIENTED_EDGE ( 'NONE', *, *, #1298, .F. ) ;
#430 = VECTOR ( 'NONE', #605, 1000.000000000000000 ) ;
#431 = LINE ( 'NONE', #2117, #541 ) ;
#432 = ORIENTED_EDGE ( 'NONE', *, *, #1089, .F. ) ;
#433 = DIRECTION ( 'NONE',  ( 0.000000000000000000, 0.000000000000000000, 1.000000000000000000 ) ) ;
#434 = EDGE_LOOP ( 'NONE', ( #1548, #793, #910, #806 ) ) ;
#435 = EDGE_CURVE ( 'NONE', #2134, #1711, #730, .T. ) ;
#436 = CARTESIAN_POINT ( 'NONE',  ( -30.00000000000000000, 3.673940397442059178E-15, 16.00000000000000000 ) ) ;
#437 = VECTOR ( 'NONE', #1308, 1000.000000000000000 ) ;
#438 = CYLINDRICAL_SURFACE ( 'NONE', #2406, 3.000000000000000000 ) ;
#439 = EDGE_LOOP ( 'NONE', ( #1046, #662, #1022, #2168, #1542, #694, #553, #1066 ) ) ;
#440 = ADVANCED_FACE ( 'NONE', ( #1301 ), #202, .F. ) ;
#441 = DIRECTION ( 'NONE',  ( 1.000000000000000000, 0.000000000000000000, 0.000000000000000000 ) ) ;
#442 = ORIENTED_EDGE ( 'NONE', *, *, #963, .F. ) ;
#443 = CARTESIAN_POINT ( 'NONE',  ( -26.50000000000000000, 0.000000000000000000, 0.000000000000000000 ) ) ;
#444 = ORIENTED_EDGE ( 'NONE', *, *, #131, .T. ) ;
#445 = DIRECTION ( 'NONE',  ( 1.000000000000000000, 0.000000000000000000, 0.000000000000000000 ) ) ;
#446 = VERTEX_POINT ( 'NONE', #964 ) ;
#447 = CIRCLE ( 'NONE', #1589, 1.500000000000001332 ) ;
#448 = DIRECTION ( 'NONE',  ( 0.000000000000000000, 0.000000000000000000, 1.000000000000000000 ) ) ;
#449 = ORIENTED_EDGE ( 'NONE', *, *, #1812, .F. ) ;
#450 = DIRECTION ( 'NONE',  ( 0.000000000000000000, 0.000000000000000000, 1.000000000000000000 ) ) ;
#451 = ORIENTED_EDGE ( 'NONE', *, *, #1946, .F. ) ;
#452 = ADVANCED_FACE ( 'NONE', ( #2291 ), #757, .F. ) ;
#453 = CARTESIAN_POINT ( 'NONE',  ( 2.000000000000000000, -12.00000000000000000, 4.000000000000000000 ) ) ;
#454 = VERTEX_POINT ( 'NONE', #782 ) ;
#455 = EDGE_CURVE ( 'NONE', #956, #2253, #30, .T. ) ;
#456 = DIRECTION ( 'NONE',  ( 0.000000000000000000, -1.000000000000000000, 0.000000000000000000 ) ) ;
#457 = CARTESIAN_POINT ( 'NONE',  ( 28.00000000000000000, 0.000000000000000000, -1.000000000000000000 ) ) ;
#458 = ORIENTED_EDGE ( 'NONE', *, *, #579, .T. ) ;
#459 = CIRCLE ( 'NONE', #2442, 1.500000000000000000 ) ;
#460 = CARTESIAN_POINT ( 'NONE',  ( 3.744186046512000043, 22.69319437296400110, 4.000000000000000000 ) ) ;
#461 = AXIS2_PLACEMENT_3D ( 'NONE', #402, #1715, #388 ) ;
#462 = ORIENTED_EDGE ( 'NONE', *, *, #940, .F. ) ;
#463 = CIRCLE ( 'NONE', #1366, 1.500000000000000000 ) ;
#464 = DIRECTION ( 'NONE',  ( 1.000000000000000000, 0.000000000000000000, 0.000000000000000000 ) ) ;
#465 = FILL_AREA_STYLE_COLOUR ( '', #1616 ) ;
#466 = DIRECTION ( 'NONE',  ( 0.000000000000000000, 0.000000000000000000, 1.000000000000000000 ) ) ;
#467 = ORIENTED_EDGE ( 'NONE', *, *, #1661, .T. ) ;
#468 = CIRCLE ( 'NONE', #1852, 1.500000000000001332 ) ;
#469 = CARTESIAN_POINT ( 'NONE',  ( 2.000000000000000000, -12.00000000000000000, 4.000000000000000000 ) ) ;
#470 = EDGE_CURVE ( 'NONE', #1399, #685, #1320, .T. ) ;
#471 = LINE ( 'NONE', #1404, #2324 ) ;
#472 = ORIENTED_EDGE ( 'NONE', *, *, #164, .F. ) ;
#473 = CARTESIAN_POINT ( 'NONE',  ( -24.00000000000000000, 2.000000000000000000, -2.000000000000000000 ) ) ;
#474 = VERTEX_POINT ( 'NONE', #572 ) ;
#475 = DIRECTION ( 'NONE',  ( 0.000000000000000000, 0.000000000000000000, 1.000000000000000000 ) ) ;
#476 = CARTESIAN_POINT ( 'NONE',  ( -12.00000000000000000, -3.500000000000000000, 4.000000000000000000 ) ) ;
#477 = VECTOR ( 'NONE', #268, 1000.000000000000000 ) ;
#478 = DIRECTION ( 'NONE',  ( 1.000000000000000000, 0.000000000000000000, 0.000000000000000000 ) ) ;
#479 = ORIENTED_EDGE ( 'NONE', *, *, #867, .T. ) ;
#480 = DIRECTION ( 'NONE',  ( 1.000000000000000000, 0.000000000000000000, 0.000000000000000000 ) ) ;
#481 = FACE_OUTER_BOUND ( 'NONE', #73, .T. ) ;
#482 = ORIENTED_EDGE ( 'NONE', *, *, #341, .F. ) ;
#483 = EDGE_CURVE ( 'NONE', #1530, #1963, #561, .T. ) ;
#484 = FACE_OUTER_BOUND ( 'NONE', #668, .T. ) ;
#485 = ORIENTED_EDGE ( 'NONE', *, *, #2156, .F. ) ;
#486 = AXIS2_PLACEMENT_3D ( 'NONE', #118, #71, #1789 ) ;
#487 = FACE_OUTER_BOUND ( 'NONE', #53, .T. ) ;
#488 = CARTESIAN_POINT ( 'NONE',  ( 2.000000000000000000, -12.00000000000000000, 12.00000000000000000 ) ) ;
#489 = EDGE_LOOP ( 'NONE', ( #1624, #1517, #241, #1254 ) ) ;
#490 = CARTESIAN_POINT ( 'NONE',  ( 0.000000000000000000, 0.000000000000000000, 0.000000000000000000 ) ) ;
#491 = DIRECTION ( 'NONE',  ( 0.000000000000000000, -1.000000000000000000, 0.000000000000000000 ) ) ;
#492 = ORIENTED_EDGE ( 'NONE', *, *, #571, .T. ) ;
#493 = ADVANCED_FACE ( 'NONE', ( #1311 ), #2071, .T. ) ;
#494 = CARTESIAN_POINT ( 'NONE',  ( 6.553300858898999159, 5.303300858898999159, 0.000000000000000000 ) ) ;
#495 = ORIENTED_EDGE ( 'NONE', *, *, #1666, .F. ) ;
#496 = CARTESIAN_POINT ( 'NONE',  ( 12.00000000000000000, 3.500000000000000000, 4.000000000000000000 ) ) ;
#497 = EDGE_CURVE ( 'NONE', #2235, #727, #1903, .T. ) ;
#498 = LINE ( 'NONE', #874, #263 ) ;
#499 = CIRCLE ( 'NONE', #1885, 10.50000000000000000 ) ;
#500 = CARTESIAN_POINT ( 'NONE',  ( -24.99999999999999645, 0.000000000000000000, 0.000000000000000000 ) ) ;
#501 = DIRECTION ( 'NONE',  ( 0.000000000000000000, 0.000000000000000000, 1.000000000000000000 ) ) ;
#502 = VERTEX_POINT ( 'NONE', #2257 ) ;
#503 = CARTESIAN_POINT ( 'NONE',  ( 2.000000000000000000, -12.00000000000000000, 12.00000000000000000 ) ) ;
#504 = ORIENTED_EDGE ( 'NONE', *, *, #2156, .T. ) ;
#505 = EDGE_CURVE ( 'NONE', #2023, #2223, #2288, .T. ) ;
#506 = VECTOR ( 'NONE', #290, 1000.000000000000000 ) ;
#507 = CIRCLE ( 'NONE', #2097, 10.50000000000000000 ) ;
#508 = DIRECTION ( 'NONE',  ( 1.000000000000000000, 0.000000000000000000, 0.000000000000000000 ) ) ;
#509 = EDGE_LOOP ( 'NONE', ( #2417, #1818, #1167, #1115 ) ) ;
#510 = DIRECTION ( 'NONE',  ( 0.000000000000000000, 0.000000000000000000, 1.000000000000000000 ) ) ;
#511 = FACE_BOUND ( 'NONE', #716, .T. ) ;
#512 = CARTESIAN_POINT ( 'NONE',  ( -3.000000000000000000, 3.673940397442059868E-16, -1.000000000000000000 ) ) ;
#513 = EDGE_CURVE ( 'NONE', #1585, #1375, #1284, .T. ) ;
#514 = VECTOR ( 'NONE', #2277, 1000.000000000000000 ) ;
#515 = DIRECTION ( 'NONE',  ( 1.000000000000000000, 0.000000000000000000, 0.000000000000000000 ) ) ;
#516 = ORIENTED_EDGE ( 'NONE', *, *, #74, .T. ) ;
#517 = CARTESIAN_POINT ( 'NONE',  ( 22.69319437296400110, 3.744186046512000043, 12.00000000000000000 ) ) ;
#518 = ORIENTED_EDGE ( 'NONE', *, *, #1230, .F. ) ;
#519 = CARTESIAN_POINT ( 'NONE',  ( 4.053300858898999159, -5.303300858898999159, 0.000000000000000000 ) ) ;
#520 = VERTEX_POINT ( 'NONE', #1877 ) ;
#521 = DIRECTION ( 'NONE',  ( -0.9599999999999999645, -0.2800000000000000822, 0.000000000000000000 ) ) ;
#522 = LINE ( 'NONE', #1076, #2214 ) ;
#523 = FACE_OUTER_BOUND ( 'NONE', #1793, .T. ) ;
#524 = DIRECTION ( 'NONE',  ( 1.000000000000000000, 0.000000000000000000, 0.000000000000000000 ) ) ;
#525 = DIRECTION ( 'NONE',  ( 0.000000000000000000, 0.000000000000000000, 1.000000000000000000 ) ) ;
#526 = VERTEX_POINT ( 'NONE', #2081 ) ;
#527 = CARTESIAN_POINT ( 'NONE',  ( 18.73832970144400178, -18.73832970144000143, 16.00000000000000000 ) ) ;
#528 = ORIENTED_EDGE ( 'NONE', *, *, #15, .T. ) ;
#529 = ADVANCED_FACE ( 'NONE', ( #2349 ), #1374, .F. ) ;
#530 = CIRCLE ( 'NONE', #2200, 1.500000000000000000 ) ;
#531 = DIRECTION ( 'NONE',  ( 0.000000000000000000, 0.000000000000000000, 1.000000000000000000 ) ) ;
#532 = ORIENTED_EDGE ( 'NONE', *, *, #2035, .F. ) ;
#533 = DIRECTION ( 'NONE',  ( 0.000000000000000000, -1.000000000000000000, 0.000000000000000000 ) ) ;
#534 = LINE ( 'NONE', #1272, #1969 ) ;
#535 = DIRECTION ( 'NONE',  ( 1.000000000000000000, 0.000000000000000000, 0.000000000000000000 ) ) ;
#536 = CARTESIAN_POINT ( 'NONE',  ( 18.73832970144400178, -18.73832970144000143, 16.00000000000000000 ) ) ;
#537 = CIRCLE ( 'NONE', #885, 1.500000000000001332 ) ;
#538 = CARTESIAN_POINT ( 'NONE',  ( -5.303300858898999159, -5.303300858898999159, -1.000000000000000000 ) ) ;
#539 = AXIS2_PLACEMENT_3D ( 'NONE', #2189, #475, #1808 ) ;
#540 = VERTEX_POINT ( 'NONE', #986 ) ;
#541 = VECTOR ( 'NONE', #1180, 1000.000000000000000 ) ;
#542 = CARTESIAN_POINT ( 'NONE',  ( -21.21320343559000321, -3.500000000000000000, 4.000000000000000000 ) ) ;
#543 = ORIENTED_EDGE ( 'NONE', *, *, #1895, .F. ) ;
#544 = EDGE_CURVE ( 'NONE', #1313, #474, #1397, .T. ) ;
#545 = CARTESIAN_POINT ( 'NONE',  ( -10.50000000000000000, 1.285879139104720831E-15, 16.00000000000000000 ) ) ;
#546 = ORIENTED_EDGE ( 'NONE', *, *, #1084, .T. ) ;
#547 = STYLED_ITEM ( 'NONE', ( #1600 ), #99 ) ;
#548 = CARTESIAN_POINT ( 'NONE',  ( 18.73832970144400178, 18.73832970144400178, 16.00000000000000000 ) ) ;
#549 = FACE_OUTER_BOUND ( 'NONE', #247, .T. ) ;
#550 = CARTESIAN_POINT ( 'NONE',  ( 0.000000000000000000, 0.000000000000000000, 0.000000000000000000 ) ) ;
#551 = DIRECTION ( 'NONE',  ( 0.000000000000000000, 0.000000000000000000, 1.000000000000000000 ) ) ;
#552 = DIRECTION ( 'NONE',  ( 0.000000000000000000, 0.000000000000000000, 1.000000000000000000 ) ) ;
#553 = ORIENTED_EDGE ( 'NONE', *, *, #1633, .F. ) ;
#554 = DIRECTION ( 'NONE',  ( 0.000000000000000000, 0.000000000000000000, 1.000000000000000000 ) ) ;
#555 = VERTEX_POINT ( 'NONE', #1166 ) ;
#556 = DIRECTION ( 'NONE',  ( 1.000000000000000000, 0.000000000000000000, 0.000000000000000000 ) ) ;
#557 = ORIENTED_EDGE ( 'NONE', *, *, #360, .T. ) ;
#558 = ADVANCED_FACE ( 'NONE', ( #1575 ), #1210, .F. ) ;
#559 = DIRECTION ( 'NONE',  ( 1.000000000000000000, 0.000000000000000000, 0.000000000000000000 ) ) ;
#560 = EDGE_CURVE ( 'NONE', #2253, #474, #774, .T. ) ;
#561 = LINE ( 'NONE', #1913, #2250 ) ;
#562 = CARTESIAN_POINT ( 'NONE',  ( 30.00000000000000000, 0.000000000000000000, 16.00000000000000000 ) ) ;
#563 = ORIENTED_EDGE ( 'NONE', *, *, #58, .T. ) ;
#564 = AXIS2_PLACEMENT_3D ( 'NONE', #1992, #286, #1040 ) ;
#565 = CARTESIAN_POINT ( 'NONE',  ( 3.500000000000000000, 21.21320343559600019, 12.00000000000000000 ) ) ;
#566 = ORIENTED_EDGE ( 'NONE', *, *, #1739, .F. ) ;
#567 = FACE_OUTER_BOUND ( 'NONE', #2062, .T. ) ;
#568 = ORIENTED_EDGE ( 'NONE', *, *, #2035, .T. ) ;
#569 = LINE ( 'NONE', #1463, #1412 ) ;
#570 = CYLINDRICAL_SURFACE ( 'NONE', #41, 23.50000000000000000 ) ;
#571 = EDGE_CURVE ( 'NONE', #395, #1618, #733, .T. ) ;
#572 = CARTESIAN_POINT ( 'NONE',  ( -20.43832970144000072, -18.73832970144000143, 16.00000000000000000 ) ) ;
#573 = CARTESIAN_POINT ( 'NONE',  ( 2.000000000000000000, -12.00000000000000000, 12.00000000000000000 ) ) ;
#574 = EDGE_LOOP ( 'NONE', ( #721, #1787, #2139, #1385 ) ) ;
#575 = EDGE_CURVE ( 'NONE', #827, #1007, #1688, .T. ) ;
#576 = DIRECTION ( 'NONE',  ( 1.000000000000000000, 0.000000000000000000, 0.000000000000000000 ) ) ;
#577 = VERTEX_POINT ( 'NONE', #813 ) ;
#578 = VECTOR ( 'NONE', #416, 1000.000000000000000 ) ;
#579 = EDGE_CURVE ( 'NONE', #969, #2010, #1936, .T. ) ;
#580 = ADVANCED_FACE ( 'NONE', ( #1199 ), #42, .F. ) ;
#581 = FACE_BOUND ( 'NONE', #1482, .T. ) ;
#582 = EDGE_LOOP ( 'NONE', ( #68, #1927, #2148, #1828, #1929, #2212, #799, #1039 ) ) ;
#583 = DIRECTION ( 'NONE',  ( 0.000000000000000000, 0.000000000000000000, 1.000000000000000000 ) ) ;
#584 = FACE_OUTER_BOUND ( 'NONE', #2380, .T. ) ;
#585 = AXIS2_PLACEMENT_3D ( 'NONE', #61, #1381, #2124 ) ;
#586 = DIRECTION ( 'NONE',  ( 0.000000000000000000, 0.000000000000000000, 1.000000000000000000 ) ) ;
#587 = ORIENTED_EDGE ( 'NONE', *, *, #663, .T. ) ;
#588 = EDGE_CURVE ( 'NONE', #1648, #1879, #1187, .T. ) ;
#589 = DIRECTION ( 'NONE',  ( 0.000000000000000000, 0.000000000000000000, 1.000000000000000000 ) ) ;
#590 = EDGE_LOOP ( 'NONE', ( #262, #2344 ) ) ;
#591 = DIRECTION ( 'NONE',  ( 0.000000000000000000, 0.000000000000000000, 1.000000000000000000 ) ) ;
#592 = ORIENTED_EDGE ( 'NONE', *, *, #505, .F. ) ;
#593 = AXIS2_PLACEMENT_3D ( 'NONE', #548, #911, #1130 ) ;
#594 = CARTESIAN_POINT ( 'NONE',  ( -5.303300858898999159, 5.303300858898999159, 0.000000000000000000 ) ) ;
#595 = LINE ( 'NONE', #246, #272 ) ;
#596 = DIRECTION ( 'NONE',  ( 1.000000000000000000, 0.000000000000000000, 0.000000000000000000 ) ) ;
#597 = VERTEX_POINT ( 'NONE', #88 ) ;
#598 = ADVANCED_FACE ( 'NONE', ( #248 ), #1958, .F. ) ;
#599 = DIRECTION ( 'NONE',  ( 1.000000000000000000, 0.000000000000000000, 0.000000000000000000 ) ) ;
#600 = ORIENTED_EDGE ( 'NONE', *, *, #1899, .F. ) ;
#601 = AXIS2_PLACEMENT_3D ( 'NONE', #1467, #1122, #2082 ) ;
#602 = ADVANCED_FACE ( 'NONE', ( #427 ), #1586, .F. ) ;
#603 = CARTESIAN_POINT ( 'NONE',  ( -6.553300858898999159, 5.303300858898999159, 16.00000000000000000 ) ) ;
#604 = ORIENTED_EDGE ( 'NONE', *, *, #1527, .T. ) ;
#605 = DIRECTION ( 'NONE',  ( 0.000000000000000000, 0.000000000000000000, 1.000000000000000000 ) ) ;
#606 = LINE ( 'NONE', #2345, #1460 ) ;
#607 = EDGE_CURVE ( 'NONE', #1530, #2333, #2127, .T. ) ;
#608 = CIRCLE ( 'NONE', #768, 23.00000000000000000 ) ;
#609 = DIRECTION ( 'NONE',  ( 0.000000000000000000, 0.000000000000000000, 1.000000000000000000 ) ) ;
#610 = EDGE_LOOP ( 'NONE', ( #1747, #854, #1195, #2034 ) ) ;
#611 = CARTESIAN_POINT ( 'NONE',  ( -6.553300858898999159, -5.303300858898999159, 16.00000000000000000 ) ) ;
#612 = ORIENTED_EDGE ( 'NONE', *, *, #1448, .F. ) ;
#613 = DIRECTION ( 'NONE',  ( 0.000000000000000000, 0.000000000000000000, 1.000000000000000000 ) ) ;
#614 = VECTOR ( 'NONE', #2092, 1000.000000000000000 ) ;
#615 = ORIENTED_EDGE ( 'NONE', *, *, #1150, .T. ) ;
#616 = CIRCLE ( 'NONE', #1923, 1.500000000000001332 ) ;
#617 = CARTESIAN_POINT ( 'NONE',  ( 2.000000000000000000, -21.21320343559000321, 12.00000000000000000 ) ) ;
#618 = AXIS2_PLACEMENT_3D ( 'NONE', #826, #623, #1737 ) ;
#619 = ADVANCED_FACE ( 'NONE', ( #1748 ), #77, .F. ) ;
#620 = AXIS2_PLACEMENT_3D ( 'NONE', #538, #903, #1291 ) ;
#621 = CARTESIAN_POINT ( 'NONE',  ( 3.079999999999999627, 10.56000000000000050, 12.00000000000000000 ) ) ;
#622 = ORIENTED_EDGE ( 'NONE', *, *, #1298, .T. ) ;
#623 = DIRECTION ( 'NONE',  ( 0.000000000000000000, 0.000000000000000000, 1.000000000000000000 ) ) ;
#624 = AXIS2_PLACEMENT_3D ( 'NONE', #1445, #1240, #85 ) ;
#625 = ORIENTED_EDGE ( 'NONE', *, *, #1168, .T. ) ;
#626 = AXIS2_PLACEMENT_3D ( 'NONE', #2361, #2026, #324 ) ;
#627 = DIRECTION ( 'NONE',  ( 0.000000000000000000, 0.000000000000000000, 1.000000000000000000 ) ) ;
#628 = EDGE_LOOP ( 'NONE', ( #300, #904, #1744, #1752 ) ) ;
#629 = LINE ( 'NONE', #48, #802 ) ;
#630 = ORIENTED_EDGE ( 'NONE', *, *, #1383, .F. ) ;
#631 = AXIS2_PLACEMENT_3D ( 'NONE', #2103, #1887, #385 ) ;
#632 = DIRECTION ( 'NONE',  ( 1.000000000000000000, 0.000000000000000000, 0.000000000000000000 ) ) ;
#633 = EDGE_CURVE ( 'NONE', #1083, #1161, #1088, .T. ) ;
#634 = VERTEX_POINT ( 'NONE', #2128 ) ;
#635 = CARTESIAN_POINT ( 'NONE',  ( -20.43832970144000072, -18.73832970144000143, -1.000000000000000000 ) ) ;
#636 = EDGE_CURVE ( 'NONE', #788, #1760, #141, .T. ) ;
#637 = ORIENTED_EDGE ( 'NONE', *, *, #736, .T. ) ;
#638 = CARTESIAN_POINT ( 'NONE',  ( 18.73832970144400178, -18.73832970144000143, 0.000000000000000000 ) ) ;
#639 = ORIENTED_EDGE ( 'NONE', *, *, #1008, .F. ) ;
#640 = DIRECTION ( 'NONE',  ( 0.000000000000000000, 0.000000000000000000, 1.000000000000000000 ) ) ;
#641 = FACE_OUTER_BOUND ( 'NONE', #1562, .T. ) ;
#642 = ORIENTED_EDGE ( 'NONE', *, *, #15, .F. ) ;
#643 = CARTESIAN_POINT ( 'NONE',  ( -30.00000000000000000, 3.673940397442059178E-15, 0.000000000000000000 ) ) ;
#644 = ORIENTED_EDGE ( 'NONE', *, *, #957, .F. ) ;
#645 = CARTESIAN_POINT ( 'NONE',  ( 0.000000000000000000, 0.000000000000000000, -1.000000000000000000 ) ) ;
#646 = ORIENTED_EDGE ( 'NONE', *, *, #314, .T. ) ;
#647 = ADVANCED_FACE ( 'NONE', ( #1947 ), #997, .F. ) ;
#648 = CIRCLE ( 'NONE', #372, 1.250000000000000222 ) ;
#649 = FACE_OUTER_BOUND ( 'NONE', #628, .T. ) ;
#650 = VERTEX_POINT ( 'NONE', #1244 ) ;
#651 = LINE ( 'NONE', #469, #1031 ) ;
#652 = CARTESIAN_POINT ( 'NONE',  ( -28.00000000000000000, 1.836970198721028208E-16, 16.00000000000000000 ) ) ;
#653 = VERTEX_POINT ( 'NONE', #1447 ) ;
#654 = AXIS2_PLACEMENT_3D ( 'NONE', #2033, #2234, #945 ) ;
#655 = CARTESIAN_POINT ( 'NONE',  ( -5.303300858898999159, -5.303300858898999159, 16.00000000000000000 ) ) ;
#656 = AXIS2_PLACEMENT_3D ( 'NONE', #2373, #334, #1422 ) ;
#657 = ORIENTED_EDGE ( 'NONE', *, *, #691, .F. ) ;
#658 = AXIS2_PLACEMENT_3D ( 'NONE', #1213, #1962, #1014 ) ;
#659 = CARTESIAN_POINT ( 'NONE',  ( -21.21320343559000321, 3.500000000000000000, 4.000000000000000000 ) ) ;
#660 = CARTESIAN_POINT ( 'NONE',  ( -2.000000000000000000, 21.21320343559600019, 4.000000000000000000 ) ) ;
#661 = DIRECTION ( 'NONE',  ( 1.000000000000000000, 0.000000000000000000, 0.000000000000000000 ) ) ;
#662 = ORIENTED_EDGE ( 'NONE', *, *, #881, .T. ) ;
#663 = EDGE_CURVE ( 'NONE', #2180, #1331, #2216, .T. ) ;
#664 = VECTOR ( 'NONE', #1085, 1000.000000000000000 ) ;
#665 = VECTOR ( 'NONE', #1734, 1000.000000000000000 ) ;
#666 = CYLINDRICAL_SURFACE ( 'NONE', #207, 1.700000000000000178 ) ;
#667 = DIRECTION ( 'NONE',  ( 0.000000000000000000, 0.000000000000000000, 1.000000000000000000 ) ) ;
#668 = EDGE_LOOP ( 'NONE', ( #880, #1123, #1328, #783 ) ) ;
#669 = PLANE ( 'NONE',  #2132 ) ;
#670 = EDGE_LOOP ( 'NONE', ( #1380, #403, #1721, #285 ) ) ;
#671 = CARTESIAN_POINT ( 'NONE',  ( 21.21320343559600019, -2.000000000000000000, 4.000000000000000000 ) ) ;
#672 = DIRECTION ( 'NONE',  ( 1.000000000000000000, 0.000000000000000000, 0.000000000000000000 ) ) ;
#673 = CARTESIAN_POINT ( 'NONE',  ( -24.99999999999999645, 0.000000000000000000, -1.000000000000000000 ) ) ;
#674 = EDGE_LOOP ( 'NONE', ( #1263, #485 ) ) ;
#675 = DIRECTION ( 'NONE',  ( 0.000000000000000000, 0.000000000000000000, 1.000000000000000000 ) ) ;
#676 = DIRECTION ( 'NONE',  ( 0.000000000000000000, 0.000000000000000000, 1.000000000000000000 ) ) ;
#677 = EDGE_LOOP ( 'NONE', ( #1588, #238, #467, #1317 ) ) ;
#678 = ADVANCED_FACE ( 'NONE', ( #1848 ), #1271, .F. ) ;
#679 = DIRECTION ( 'NONE',  ( 0.000000000000000000, 0.000000000000000000, 1.000000000000000000 ) ) ;
#680 = EDGE_LOOP ( 'NONE', ( #518, #345 ) ) ;
#681 = CIRCLE ( 'NONE', #486, 1.499999999999999556 ) ;
#682 = DIRECTION ( 'NONE',  ( 1.000000000000000000, 0.000000000000000000, 0.000000000000000000 ) ) ;
#683 = DIRECTION ( 'NONE',  ( 0.000000000000000000, 0.000000000000000000, 1.000000000000000000 ) ) ;
#684 = DIRECTION ( 'NONE',  ( 0.000000000000000000, 0.000000000000000000, 1.000000000000000000 ) ) ;
#685 = VERTEX_POINT ( 'NONE', #1650 ) ;
#686 = FACE_BOUND ( 'NONE', #1738, .T. ) ;
#687 = DIRECTION ( 'NONE',  ( 1.000000000000000000, 0.000000000000000000, 0.000000000000000000 ) ) ;
#688 = VERTEX_POINT ( 'NONE', #1987 ) ;
#689 = DIRECTION ( 'NONE',  ( 0.000000000000000000, 0.000000000000000000, 1.000000000000000000 ) ) ;
#690 = VERTEX_POINT ( 'NONE', #1625 ) ;
#691 = EDGE_CURVE ( 'NONE', #2370, #1137, #2325, .T. ) ;
#692 = DIRECTION ( 'NONE',  ( 0.9866606249115165150, 0.1627906976740855216, 0.000000000000000000 ) ) ;
#693 = CARTESIAN_POINT ( 'NONE',  ( 6.553300858898999159, 5.303300858898999159, 16.00000000000000000 ) ) ;
#694 = ORIENTED_EDGE ( 'NONE', *, *, #2141, .F. ) ;
#695 = CIRCLE ( 'NONE', #1044, 11.00000000000000000 ) ;
#696 = CARTESIAN_POINT ( 'NONE',  ( 21.21320343559600019, -2.000000000000000000, 4.000000000000000000 ) ) ;
#697 = ORIENTED_EDGE ( 'NONE', *, *, #1534, .F. ) ;
#698 = LINE ( 'NONE', #1216, #2286 ) ;
#699 = VERTEX_POINT ( 'NONE', #1461 ) ;
#700 = VECTOR ( 'NONE', #1209, 1000.000000000000000 ) ;
#701 = AXIS2_PLACEMENT_3D ( 'NONE', #594, #2089, #2112 ) ;
#702 = CARTESIAN_POINT ( 'NONE',  ( 2.000000000000000000, 21.21320343559600019, 4.000000000000000000 ) ) ;
#703 = EDGE_LOOP ( 'NONE', ( #22, #917, #1256, #2337 ) ) ;
#704 = ADVANCED_FACE ( 'NONE', ( #717 ), #282, .F. ) ;
#705 = DIRECTION ( 'NONE',  ( 1.000000000000000000, 0.000000000000000000, 0.000000000000000000 ) ) ;
#706 = CARTESIAN_POINT ( 'NONE',  ( 0.000000000000000000, 7.500000000000000000, 0.000000000000000000 ) ) ;
#707 = CYLINDRICAL_SURFACE ( 'NONE', #2407, 30.00000000000000000 ) ;
#708 = ADVANCED_FACE ( 'NONE', ( #898 ), #1832, .F. ) ;
#709 = AXIS2_PLACEMENT_3D ( 'NONE', #2321, #995, #632 ) ;
#710 = CARTESIAN_POINT ( 'NONE',  ( 23.50000000000000000, 0.000000000000000000, 16.00000000000000000 ) ) ;
#711 = ORIENTED_EDGE ( 'NONE', *, *, #1946, .T. ) ;
#712 = FACE_OUTER_BOUND ( 'NONE', #1506, .T. ) ;
#713 = ORIENTED_EDGE ( 'NONE', *, *, #1264, .F. ) ;
#714 = VECTOR ( 'NONE', #875, 1000.000000000000000 ) ;
#715 = FACE_BOUND ( 'NONE', #582, .T. ) ;
#716 = EDGE_LOOP ( 'NONE', ( #1018, #697 ) ) ;
#717 = FACE_OUTER_BOUND ( 'NONE', #1183, .T. ) ;
#718 = FACE_OUTER_BOUND ( 'NONE', #106, .T. ) ;
#719 = CIRCLE ( 'NONE', #1473, 1.700000000000000178 ) ;
#720 = CARTESIAN_POINT ( 'NONE',  ( 5.303300858898999159, 5.303300858898999159, 0.000000000000000000 ) ) ;
#721 = ORIENTED_EDGE ( 'NONE', *, *, #1633, .T. ) ;
#722 = ADVANCED_FACE ( 'NONE', ( #487 ), #1796, .F. ) ;
#723 = CARTESIAN_POINT ( 'NONE',  ( 10.56000000000000050, -3.079999999999999627, 4.000000000000000000 ) ) ;
#724 = ORIENTED_EDGE ( 'NONE', *, *, #1847, .T. ) ;
#725 = CIRCLE ( 'NONE', #132, 3.000000000000000000 ) ;
#726 = CARTESIAN_POINT ( 'NONE',  ( -5.303300858898999159, -5.303300858898999159, -1.000000000000000000 ) ) ;
#727 = VERTEX_POINT ( 'NONE', #2039 ) ;
#728 = DIRECTION ( 'NONE',  ( 0.000000000000000000, 0.000000000000000000, 1.000000000000000000 ) ) ;
#729 = CARTESIAN_POINT ( 'NONE',  ( 3.500000000000000000, -12.00000000000000000, 4.000000000000000000 ) ) ;
#730 = LINE ( 'NONE', #2449, #614 ) ;
#731 = AXIS2_PLACEMENT_3D ( 'NONE', #1505, #330, #367 ) ;
#732 = CARTESIAN_POINT ( 'NONE',  ( 3.500000000000000000, 12.00000000000000000, 12.00000000000000000 ) ) ;
#733 = CIRCLE ( 'NONE', #2363, 1.700000000000000178 ) ;
#734 = ORIENTED_EDGE ( 'NONE', *, *, #2394, .T. ) ;
#735 = CIRCLE ( 'NONE', #658, 23.00000000000000000 ) ;
#736 = EDGE_CURVE ( 'NONE', #2077, #555, #182, .T. ) ;
#737 = DIRECTION ( 'NONE',  ( -0.9866606249115165150, -0.1627906976740855216, 0.000000000000000000 ) ) ;
#738 = ORIENTED_EDGE ( 'NONE', *, *, #1935, .F. ) ;
#739 = AXIS2_PLACEMENT_3D ( 'NONE', #1521, #765, #1499 ) ;
#740 = DIRECTION ( 'NONE',  ( 0.000000000000000000, 0.000000000000000000, 1.000000000000000000 ) ) ;
#741 = ORIENTED_EDGE ( 'NONE', *, *, #1378, .T. ) ;
#742 = CIRCLE ( 'NONE', #2061, 10.50000000000000000 ) ;
#743 = FACE_OUTER_BOUND ( 'NONE', #1134, .T. ) ;
#744 = CARTESIAN_POINT ( 'NONE',  ( -18.73832970144000143, -18.73832970144000143, -1.000000000000000000 ) ) ;
#745 = CARTESIAN_POINT ( 'NONE',  ( -18.73832970144000143, 18.73832970144400178, 0.000000000000000000 ) ) ;
#746 = EDGE_LOOP ( 'NONE', ( #449, #432, #2206, #1791 ) ) ;
#747 = CIRCLE ( 'NONE', #2143, 11.00000000000000000 ) ;
#748 = EDGE_CURVE ( 'NONE', #1618, #1214, #1663, .T. ) ;
#749 = CYLINDRICAL_SURFACE ( 'NONE', #731, 11.00000000000000000 ) ;
#750 = ORIENTED_EDGE ( 'NONE', *, *, #483, .F. ) ;
#751 = DIRECTION ( 'NONE',  ( 1.000000000000000000, 0.000000000000000000, 0.000000000000000000 ) ) ;
#752 = ORIENTED_EDGE ( 'NONE', *, *, #1346, .T. ) ;
#753 = CYLINDRICAL_SURFACE ( 'NONE', #1013, 1.500000000000000000 ) ;
#754 = ADVANCED_FACE ( 'NONE', ( #113 ), #1258, .F. ) ;
#755 = CARTESIAN_POINT ( 'NONE',  ( -2.000000000000000000, -12.00000000000000000, 12.00000000000000000 ) ) ;
#756 = EDGE_CURVE ( 'NONE', #1266, #2180, #1998, .T. ) ;
#757 = CYLINDRICAL_SURFACE ( 'NONE', #461, 1.500000000000000000 ) ;
#758 = DIRECTION ( 'NONE',  ( 0.000000000000000000, 0.000000000000000000, 1.000000000000000000 ) ) ;
#759 = EDGE_LOOP ( 'NONE', ( #1781, #1159 ) ) ;
#760 = EDGE_CURVE ( 'NONE', #1585, #1052, #1257, .T. ) ;
#761 = EDGE_CURVE ( 'NONE', #1994, #969, #2021, .T. ) ;
#762 = AXIS2_PLACEMENT_3D ( 'NONE', #2072, #375, #1452 ) ;
#763 = CYLINDRICAL_SURFACE ( 'NONE', #1132, 1.250000000000000222 ) ;
#764 = ORIENTED_EDGE ( 'NONE', *, *, #74, .F. ) ;
#765 = DIRECTION ( 'NONE',  ( 0.000000000000000000, 0.000000000000000000, 1.000000000000000000 ) ) ;
#766 = EDGE_LOOP ( 'NONE', ( #2387, #2356, #2382, #1719 ) ) ;
#767 = DIRECTION ( 'NONE',  ( 0.000000000000000000, -1.000000000000000000, 0.000000000000000000 ) ) ;
#768 = AXIS2_PLACEMENT_3D ( 'NONE', #2252, #1508, #1139 ) ;
#769 = FACE_OUTER_BOUND ( 'NONE', #1671, .T. ) ;
#770 = EDGE_CURVE ( 'NONE', #2313, #865, #198, .T. ) ;
#771 = DIRECTION ( 'NONE',  ( 1.000000000000000000, 0.000000000000000000, 0.000000000000000000 ) ) ;
#772 = ORIENTED_EDGE ( 'NONE', *, *, #148, .F. ) ;
#773 = VECTOR ( 'NONE', #1495, 1000.000000000000000 ) ;
#774 = CIRCLE ( 'NONE', #256, 1.700000000000000178 ) ;
#775 = CARTESIAN_POINT ( 'NONE',  ( 4.053300858898999159, 5.303300858898999159, -1.000000000000000000 ) ) ;
#776 = ORIENTED_EDGE ( 'NONE', *, *, #2215, .F. ) ;
#777 = FACE_OUTER_BOUND ( 'NONE', #509, .T. ) ;
#778 = ORIENTED_EDGE ( 'NONE', *, *, #1935, .T. ) ;
#779 = CARTESIAN_POINT ( 'NONE',  ( 12.00000000000000000, -2.000000000000000000, 12.00000000000000000 ) ) ;
#780 = FACE_OUTER_BOUND ( 'NONE', #610, .T. ) ;
#781 = CIRCLE ( 'NONE', #386, 23.00000000000000000 ) ;
#782 = CARTESIAN_POINT ( 'NONE',  ( -2.000000000000000000, -12.00000000000000000, 4.000000000000000000 ) ) ;
#783 = ORIENTED_EDGE ( 'NONE', *, *, #2424, .T. ) ;
#784 = ADVANCED_FACE ( 'NONE', ( #1434 ), #136, .F. ) ;
#785 = DIRECTION ( 'NONE',  ( 1.000000000000000000, 0.000000000000000000, 0.000000000000000000 ) ) ;
#786 = VERTEX_POINT ( 'NONE', #1703 ) ;
#787 = FACE_BOUND ( 'NONE', #2350, .T. ) ;
#788 = VERTEX_POINT ( 'NONE', #951 ) ;
#789 = CIRCLE ( 'NONE', #2058, 1.500000000000000000 ) ;
#790 = CARTESIAN_POINT ( 'NONE',  ( -17.03832970144000214, -18.73832970144000143, 0.000000000000000000 ) ) ;
#791 = CIRCLE ( 'NONE', #2187, 1.500000000000000000 ) ;
#792 = CARTESIAN_POINT ( 'NONE',  ( -18.73832970144000143, -18.73832970144000143, 16.00000000000000000 ) ) ;
#793 = ORIENTED_EDGE ( 'NONE', *, *, #1724, .F. ) ;
#794 = LINE ( 'NONE', #1158, #1525 ) ;
#795 = ORIENTED_EDGE ( 'NONE', *, *, #2095, .F. ) ;
#796 = ADVANCED_FACE ( 'NONE', ( #1860 ), #570, .F. ) ;
#797 = CIRCLE ( 'NONE', #2078, 1.500000000000001332 ) ;
#798 = DIRECTION ( 'NONE',  ( 1.000000000000000000, 0.000000000000000000, 0.000000000000000000 ) ) ;
#799 = ORIENTED_EDGE ( 'NONE', *, *, #1953, .F. ) ;
#800 = DIRECTION ( 'NONE',  ( 0.000000000000000000, 0.000000000000000000, 1.000000000000000000 ) ) ;
#801 = DIRECTION ( 'NONE',  ( 0.000000000000000000, 0.000000000000000000, 1.000000000000000000 ) ) ;
#802 = VECTOR ( 'NONE', #1367, 1000.000000000000000 ) ;
#803 = CARTESIAN_POINT ( 'NONE',  ( 0.000000000000000000, 0.000000000000000000, 0.000000000000000000 ) ) ;
#804 = ORIENTED_EDGE ( 'NONE', *, *, #1196, .T. ) ;
#805 = CYLINDRICAL_SURFACE ( 'NONE', #2362, 10.50000000000000000 ) ;
#806 = ORIENTED_EDGE ( 'NONE', *, *, #1177, .T. ) ;
#807 = ADVANCED_FACE ( 'NONE', ( #584 ), #1334, .T. ) ;
#808 = DIRECTION ( 'NONE',  ( 1.000000000000000000, 0.000000000000000000, 0.000000000000000000 ) ) ;
#809 = CIRCLE ( 'NONE', #419, 1.499999999999999556 ) ;
#810 = ORIENTED_EDGE ( 'NONE', *, *, #455, .T. ) ;
#811 = EDGE_CURVE ( 'NONE', #170, #368, #399, .T. ) ;
#812 = DIRECTION ( 'NONE',  ( 0.000000000000000000, 0.000000000000000000, 1.000000000000000000 ) ) ;
#813 = CARTESIAN_POINT ( 'NONE',  ( -22.69319437296000075, 3.744186046512000043, 12.00000000000000000 ) ) ;
#814 = CIRCLE ( 'NONE', #1451, 1.500000000000000000 ) ;
#815 = EDGE_LOOP ( 'NONE', ( #1660, #331 ) ) ;
#816 = AXIS2_PLACEMENT_3D ( 'NONE', #1259, #361, #1300 ) ;
#817 = CARTESIAN_POINT ( 'NONE',  ( 3.000000000000000000, 0.000000000000000000, 16.00000000000000000 ) ) ;
#818 = ORIENTED_EDGE ( 'NONE', *, *, #1984, .F. ) ;
#819 = LINE ( 'NONE', #866, #1350 ) ;
#820 = CARTESIAN_POINT ( 'NONE',  ( 0.000000000000000000, 0.000000000000000000, 0.000000000000000000 ) ) ;
#821 = ORIENTED_EDGE ( 'NONE', *, *, #1002, .F. ) ;
#822 = AXIS2_PLACEMENT_3D ( 'NONE', #1048, #861, #692 ) ;
#823 = FACE_OUTER_BOUND ( 'NONE', #489, .T. ) ;
#824 = VERTEX_POINT ( 'NONE', #2079 ) ;
#825 = EDGE_CURVE ( 'NONE', #154, #727, #1524, .T. ) ;
#826 = CARTESIAN_POINT ( 'NONE',  ( 0.000000000000000000, 0.000000000000000000, 4.000000000000000000 ) ) ;
#827 = VERTEX_POINT ( 'NONE', #1116 ) ;
#828 = EDGE_CURVE ( 'NONE', #2358, #2341, #1512, .T. ) ;
#829 = DIRECTION ( 'NONE',  ( 0.000000000000000000, 0.000000000000000000, 1.000000000000000000 ) ) ;
#830 = EDGE_LOOP ( 'NONE', ( #959, #612 ) ) ;
#831 = EDGE_CURVE ( 'NONE', #1418, #1728, #1319, .T. ) ;
#832 = FACE_BOUND ( 'NONE', #365, .T. ) ;
#833 = DIRECTION ( 'NONE',  ( 1.000000000000000000, 0.000000000000000000, 0.000000000000000000 ) ) ;
#834 = ORIENTED_EDGE ( 'NONE', *, *, #2278, .T. ) ;
#835 = AXIS2_PLACEMENT_3D ( 'NONE', #550, #1119, #1875 ) ;
#836 = CYLINDRICAL_SURFACE ( 'NONE', #1050, 1.250000000000000222 ) ;
#837 = VERTEX_POINT ( 'NONE', #1714 ) ;
#838 = EDGE_CURVE ( 'NONE', #1214, #786, #944, .T. ) ;
#839 = DIRECTION ( 'NONE',  ( 1.000000000000000000, 0.000000000000000000, 0.000000000000000000 ) ) ;
#840 = LINE ( 'NONE', #512, #1466 ) ;
#841 = CIRCLE ( 'NONE', #2354, 1.500000000000000000 ) ;
#842 = DIRECTION ( 'NONE',  ( 1.000000000000000000, 0.000000000000000000, 0.000000000000000000 ) ) ;
#843 = ORIENTED_EDGE ( 'NONE', *, *, #1448, .T. ) ;
#844 = CARTESIAN_POINT ( 'NONE',  ( 3.500000000000000000, 12.00000000000000000, 4.000000000000000000 ) ) ;
#845 = CARTESIAN_POINT ( 'NONE',  ( 3.500000000000000000, -21.21320343559000321, 4.000000000000000000 ) ) ;
#846 = ORIENTED_EDGE ( 'NONE', *, *, #1895, .T. ) ;
#847 = AXIS2_PLACEMENT_3D ( 'NONE', #1518, #589, #67 ) ;
#848 = LINE ( 'NONE', #1228, #664 ) ;
#849 = AXIS2_PLACEMENT_3D ( 'NONE', #176, #551, #1143 ) ;
#850 = ORIENTED_EDGE ( 'NONE', *, *, #179, .F. ) ;
#851 = CARTESIAN_POINT ( 'NONE',  ( -12.00000000000000000, -2.000000000000000000, 4.000000000000000000 ) ) ;
#852 = CYLINDRICAL_SURFACE ( 'NONE', #45, 1.500000000000000000 ) ;
#853 = CARTESIAN_POINT ( 'NONE',  ( 0.000000000000000000, 0.000000000000000000, -1.000000000000000000 ) ) ;
#854 = ORIENTED_EDGE ( 'NONE', *, *, #2215, .T. ) ;
#855 = EDGE_CURVE ( 'NONE', #1963, #333, #747, .T. ) ;
#856 = DIRECTION ( 'NONE',  ( 0.000000000000000000, 0.000000000000000000, 1.000000000000000000 ) ) ;
#857 = DIRECTION ( 'NONE',  ( 0.000000000000000000, -1.000000000000000000, 0.000000000000000000 ) ) ;
#858 = ORIENTED_EDGE ( 'NONE', *, *, #1543, .T. ) ;
#859 = DIRECTION ( 'NONE',  ( 0.000000000000000000, 0.000000000000000000, 1.000000000000000000 ) ) ;
#860 = ORIENTED_EDGE ( 'NONE', *, *, #135, .T. ) ;
#861 = DIRECTION ( 'NONE',  ( 0.000000000000000000, 0.000000000000000000, 1.000000000000000000 ) ) ;
#862 =( NAMED_UNIT ( * ) SI_UNIT ( $, .STERADIAN. ) SOLID_ANGLE_UNIT ( ) );
#863 = PRODUCT_CONTEXT ( 'NONE', #412, 'mechanical' ) ;
#864 = DIRECTION ( 'NONE',  ( 0.000000000000000000, 0.000000000000000000, 1.000000000000000000 ) ) ;
#865 = VERTEX_POINT ( 'NONE', #173 ) ;
#866 = CARTESIAN_POINT ( 'NONE',  ( 24.99999999999999645, 1.836970198721029934E-16, -1.000000000000000000 ) ) ;
#867 = EDGE_CURVE ( 'NONE', #356, #653, #1020, .T. ) ;
#868 = DIRECTION ( 'NONE',  ( 0.000000000000000000, 0.000000000000000000, 1.000000000000000000 ) ) ;
#869 = ORIENTED_EDGE ( 'NONE', *, *, #947, .F. ) ;
#870 = CARTESIAN_POINT ( 'NONE',  ( 2.000000000000000000, -21.21320343559000321, 4.000000000000000000 ) ) ;
#871 = ORIENTED_EDGE ( 'NONE', *, *, #633, .F. ) ;
#872 = CIRCLE ( 'NONE', #2275, 10.50000000000000000 ) ;
#873 = DIRECTION ( 'NONE',  ( 0.000000000000000000, 0.000000000000000000, 1.000000000000000000 ) ) ;
#874 = CARTESIAN_POINT ( 'NONE',  ( 2.000000000000000000, 21.21320343559600019, 4.000000000000000000 ) ) ;
#875 = DIRECTION ( 'NONE',  ( 1.000000000000000000, 0.000000000000000000, 0.000000000000000000 ) ) ;
#876 = CARTESIAN_POINT ( 'NONE',  ( 3.744186046512000043, 22.69319437296400110, 4.000000000000000000 ) ) ;
#877 = DIRECTION ( 'NONE',  ( 0.000000000000000000, 0.000000000000000000, 1.000000000000000000 ) ) ;
#878 = ORIENTED_EDGE ( 'NONE', *, *, #400, .T. ) ;
#879 = CARTESIAN_POINT ( 'NONE',  ( -10.50000000000000000, 1.285879139104720831E-15, 4.000000000000000000 ) ) ;
#880 = ORIENTED_EDGE ( 'NONE', *, *, #1901, .F. ) ;
#881 = EDGE_CURVE ( 'NONE', #1711, #1909, #2182, .T. ) ;
#882 = CARTESIAN_POINT ( 'NONE',  ( 0.000000000000000000, 0.000000000000000000, 4.000000000000000000 ) ) ;
#883 = ORIENTED_EDGE ( 'NONE', *, *, #1309, .T. ) ;
#884 = ADVANCED_FACE ( 'NONE', ( #769 ), #1299, .F. ) ;
#885 = AXIS2_PLACEMENT_3D ( 'NONE', #155, #169, #2247 ) ;
#886 = AXIS2_PLACEMENT_3D ( 'NONE', #2115, #363, #1121 ) ;
#887 = CARTESIAN_POINT ( 'NONE',  ( -3.500000000000000000, -21.21320343559000321, 4.000000000000000000 ) ) ;
#888 = CARTESIAN_POINT ( 'NONE',  ( -23.50000000000000000, 2.877919977996280320E-15, 4.000000000000000000 ) ) ;
#889 = DIRECTION ( 'NONE',  ( 0.000000000000000000, 0.000000000000000000, 1.000000000000000000 ) ) ;
#890 = AXIS2_PLACEMENT_3D ( 'NONE', #2261, #1304, #2074 ) ;
#891 = DIRECTION ( 'NONE',  ( 0.000000000000000000, -1.000000000000000000, 0.000000000000000000 ) ) ;
#892 = ORIENTED_EDGE ( 'NONE', *, *, #1901, .T. ) ;
#893 = DIRECTION ( 'NONE',  ( 0.000000000000000000, 0.000000000000000000, 1.000000000000000000 ) ) ;
#894 = ORIENTED_EDGE ( 'NONE', *, *, #2278, .F. ) ;
#895 = CIRCLE ( 'NONE', #1731, 23.00000000000000000 ) ;
#896 = FACE_BOUND ( 'NONE', #1869, .T. ) ;
#897 = EDGE_LOOP ( 'NONE', ( #2297, #1919, #319, #479 ) ) ;
#898 = FACE_OUTER_BOUND ( 'NONE', #677, .T. ) ;
#899 = EDGE_CURVE ( 'NONE', #96, #2152, #1689, .T. ) ;
#900 = FACE_BOUND ( 'NONE', #590, .T. ) ;
#901 = DIRECTION ( 'NONE',  ( 0.000000000000000000, 0.000000000000000000, 1.000000000000000000 ) ) ;
#902 = VECTOR ( 'NONE', #448, 1000.000000000000000 ) ;
#903 = DIRECTION ( 'NONE',  ( 0.000000000000000000, 0.000000000000000000, 1.000000000000000000 ) ) ;
#904 = ORIENTED_EDGE ( 'NONE', *, *, #373, .F. ) ;
#905 = FACE_OUTER_BOUND ( 'NONE', #1576, .T. ) ;
#906 = VERTEX_POINT ( 'NONE', #2447 ) ;
#907 = ADVANCED_FACE ( 'NONE', ( #743 ), #939, .F. ) ;
#908 = CLOSED_SHELL ( 'NONE', ( #1999, #2199, #317, #1861, #1019, #1454, #2270, #933, #598, #722, #1693, #1321, #1713, #1094, #2138, #1498, #1278, #2238, #1373, #17, #1035, #1507, #907, #1145, #2123, #884, #1619, #2348, #1189, #217, #398, #239, #807, #796, #393, #292, #1248, #1287, #452, #754, #1975, #1795, #647, #784, #1972, #1610, #35, #195, #1104, #708, #529, #558, #1788, #1680, #227, #440, #1649, #1601, #1, #1582, #619, #201, #1400, #493, #602, #2050, #580, #678, #704, #1753, #2028, #2246 ) ) ;
#909 = DIRECTION ( 'NONE',  ( 0.000000000000000000, 0.000000000000000000, 1.000000000000000000 ) ) ;
#910 = ORIENTED_EDGE ( 'NONE', *, *, #2160, .T. ) ;
#911 = DIRECTION ( 'NONE',  ( 0.000000000000000000, 0.000000000000000000, 1.000000000000000000 ) ) ;
#912 = DIRECTION ( 'NONE',  ( 1.000000000000000000, 0.000000000000000000, 0.000000000000000000 ) ) ;
#913 = AXIS2_PLACEMENT_3D ( 'NONE', #2015, #901, #535 ) ;
#914 = EDGE_CURVE ( 'NONE', #1983, #653, #1142, .T. ) ;
#915 = LINE ( 'NONE', #1677, #1799 ) ;
#916 = CARTESIAN_POINT ( 'NONE',  ( 5.303300858898999159, -5.303300858898999159, 16.00000000000000000 ) ) ;
#917 = ORIENTED_EDGE ( 'NONE', *, *, #2359, .T. ) ;
#918 = DIRECTION ( 'NONE',  ( 1.000000000000000000, 0.000000000000000000, 0.000000000000000000 ) ) ;
#919 = ORIENTED_EDGE ( 'NONE', *, *, #1177, .F. ) ;
#920 = VECTOR ( 'NONE', #1194, 1000.000000000000000 ) ;
#921 = DIRECTION ( 'NONE',  ( 1.000000000000000000, 0.000000000000000000, 0.000000000000000000 ) ) ;
#922 = EDGE_LOOP ( 'NONE', ( #2099, #429 ) ) ;
#923 = DIRECTION ( 'NONE',  ( 0.000000000000000000, 0.000000000000000000, -1.000000000000000000 ) ) ;
#924 = DIRECTION ( 'NONE',  ( 1.000000000000000000, 0.000000000000000000, 0.000000000000000000 ) ) ;
#925 = DIRECTION ( 'NONE',  ( 1.000000000000000000, 0.000000000000000000, 0.000000000000000000 ) ) ;
#926 = CIRCLE ( 'NONE', #1761, 23.00000000000000000 ) ;
#927 = AXIS2_PLACEMENT_3D ( 'NONE', #2369, #1966, #2355 ) ;
#928 = CARTESIAN_POINT ( 'NONE',  ( -26.50000000000000000, 0.000000000000000000, 16.00000000000000000 ) ) ;
#929 = AXIS2_PLACEMENT_3D ( 'NONE', #1178, #54, #441 ) ;
#930 = VERTEX_POINT ( 'NONE', #349 ) ;
#931 = FACE_OUTER_BOUND ( 'NONE', #746, .T. ) ;
#932 = EDGE_LOOP ( 'NONE', ( #2121, #24, #379, #2037 ) ) ;
#933 = ADVANCED_FACE ( 'NONE', ( #1501 ), #1105, .F. ) ;
#934 = FACE_OUTER_BOUND ( 'NONE', #1679, .T. ) ;
#935 = ORIENTED_EDGE ( 'NONE', *, *, #2290, .F. ) ;
#936 = AXIS2_PLACEMENT_3D ( 'NONE', #174, #2255, #924 ) ;
#937 = LINE ( 'NONE', #2309, #1497 ) ;
#938 = EDGE_CURVE ( 'NONE', #2370, #1979, #2224, .T. ) ;
#939 = CYLINDRICAL_SURFACE ( 'NONE', #1419, 3.000000000000000000 ) ;
#940 = EDGE_CURVE ( 'NONE', #2111, #685, #2299, .T. ) ;
#941 = DIRECTION ( 'NONE',  ( -0.2800000000000000822, 0.9599999999999999645, 0.000000000000000000 ) ) ;
#942 = FACE_BOUND ( 'NONE', #759, .T. ) ;
#943 = ORIENTED_EDGE ( 'NONE', *, *, #988, .T. ) ;
#944 = CIRCLE ( 'NONE', #593, 1.700000000000000178 ) ;
#945 = DIRECTION ( 'NONE',  ( 1.000000000000000000, 0.000000000000000000, 0.000000000000000000 ) ) ;
#946 = VERTEX_POINT ( 'NONE', #1185 ) ;
#947 = EDGE_CURVE ( 'NONE', #555, #2118, #595, .T. ) ;
#948 = DIRECTION ( 'NONE',  ( 1.000000000000000000, 0.000000000000000000, 0.000000000000000000 ) ) ;
#949 = ORIENTED_EDGE ( 'NONE', *, *, #36, .T. ) ;
#950 = CARTESIAN_POINT ( 'NONE',  ( 3.500000000000000000, -21.21320343559000321, 4.000000000000000000 ) ) ;
#951 = CARTESIAN_POINT ( 'NONE',  ( 17.03832970144400250, -18.73832970144000143, 0.000000000000000000 ) ) ;
#952 = DIRECTION ( 'NONE',  ( 0.000000000000000000, 0.000000000000000000, 1.000000000000000000 ) ) ;
#953 = ORIENTED_EDGE ( 'NONE', *, *, #131, .F. ) ;
#954 = AXIS2_PLACEMENT_3D ( 'NONE', #2157, #1016, #1813 ) ;
#955 = CARTESIAN_POINT ( 'NONE',  ( 24.99999999999999645, 1.836970198721028208E-16, 0.000000000000000000 ) ) ;
#956 = VERTEX_POINT ( 'NONE', #790 ) ;
#957 = EDGE_CURVE ( 'NONE', #203, #1496, #606, .T. ) ;
#958 = FACE_OUTER_BOUND ( 'NONE', #1292, .T. ) ;
#959 = ORIENTED_EDGE ( 'NONE', *, *, #575, .F. ) ;
#960 = DIRECTION ( 'NONE',  ( 0.000000000000000000, 0.000000000000000000, 1.000000000000000000 ) ) ;
#961 = AXIS2_PLACEMENT_3D ( 'NONE', #1870, #171, #2076 ) ;
#962 = DIRECTION ( 'NONE',  ( 0.000000000000000000, -1.000000000000000000, 0.000000000000000000 ) ) ;
#963 = EDGE_CURVE ( 'NONE', #154, #333, #396, .T. ) ;
#964 = CARTESIAN_POINT ( 'NONE',  ( 3.079999999999999627, 10.56000000000000050, 4.000000000000000000 ) ) ;
#965 = ORIENTED_EDGE ( 'NONE', *, *, #44, .F. ) ;
#966 = AXIS2_PLACEMENT_3D ( 'NONE', #1982, #667, #119 ) ;
#967 = VECTOR ( 'NONE', #1599, 1000.000000000000000 ) ;
#968 = CARTESIAN_POINT ( 'NONE',  ( 2.000000000000000000, 12.00000000000000000, 12.00000000000000000 ) ) ;
#969 = VERTEX_POINT ( 'NONE', #2311 ) ;
#970 = AXIS2_PLACEMENT_3D ( 'NONE', #2167, #864, #2017 ) ;
#971 = DIRECTION ( 'NONE',  ( 0.000000000000000000, 0.000000000000000000, 1.000000000000000000 ) ) ;
#972 = ORIENTED_EDGE ( 'NONE', *, *, #2160, .F. ) ;
#973 = LINE ( 'NONE', #2102, #665 ) ;
#974 = LINE ( 'NONE', #2161, #700 ) ;
#975 = AXIS2_PLACEMENT_3D ( 'NONE', #950, #1356, #422 ) ;
#976 = EDGE_CURVE ( 'NONE', #1871, #2145, #1775, .T. ) ;
#977 = DIRECTION ( 'NONE',  ( 0.000000000000000000, 0.000000000000000000, 1.000000000000000000 ) ) ;
#978 = ORIENTED_EDGE ( 'NONE', *, *, #321, .F. ) ;
#979 = DIRECTION ( 'NONE',  ( -0.000000000000000000, 1.000000000000000000, 0.000000000000000000 ) ) ;
#980 = ORIENTED_EDGE ( 'NONE', *, *, #1353, .T. ) ;
#981 = CARTESIAN_POINT ( 'NONE',  ( -5.303300858898999159, -5.303300858898999159, 0.000000000000000000 ) ) ;
#982 = ORIENTED_EDGE ( 'NONE', *, *, #1120, .T. ) ;
#983 = CARTESIAN_POINT ( 'NONE',  ( 12.00000000000000000, -3.500000000000000000, 4.000000000000000000 ) ) ;
#984 = DIRECTION ( 'NONE',  ( 1.000000000000000000, 0.000000000000000000, 0.000000000000000000 ) ) ;
#985 = EDGE_LOOP ( 'NONE', ( #47, #1305, #1307, #1352 ) ) ;
#986 = CARTESIAN_POINT ( 'NONE',  ( 6.553300858898999159, -5.303300858898999159, 0.000000000000000000 ) ) ;
#987 = ORIENTED_EDGE ( 'NONE', *, *, #1765, .T. ) ;
#988 = EDGE_CURVE ( 'NONE', #309, #1399, #1345, .T. ) ;
#989 = CARTESIAN_POINT ( 'NONE',  ( 0.000000000000000000, 0.000000000000000000, 12.00000000000000000 ) ) ;
#990 = ORIENTED_EDGE ( 'NONE', *, *, #2394, .F. ) ;
#991 = AXIS2_PLACEMENT_3D ( 'NONE', #2256, #1093, #163 ) ;
#992 = FACE_OUTER_BOUND ( 'NONE', #2272, .T. ) ;
#993 = VERTEX_POINT ( 'NONE', #2114 ) ;
#994 = DIRECTION ( 'NONE',  ( 0.000000000000000000, 0.000000000000000000, 1.000000000000000000 ) ) ;
#995 = DIRECTION ( 'NONE',  ( 0.000000000000000000, 0.000000000000000000, 1.000000000000000000 ) ) ;
#996 = ORIENTED_EDGE ( 'NONE', *, *, #2293, .T. ) ;
#997 = CYLINDRICAL_SURFACE ( 'NONE', #539, 1.499999999999999778 ) ;
#998 = ORIENTED_EDGE ( 'NONE', *, *, #1782, .T. ) ;
#999 = CARTESIAN_POINT ( 'NONE',  ( 0.000000000000000000, 0.000000000000000000, 16.00000000000000000 ) ) ;
#1000 = ORIENTED_EDGE ( 'NONE', *, *, #2339, .F. ) ;
#1001 = VECTOR ( 'NONE', #322, 1000.000000000000000 ) ;
#1002 = EDGE_CURVE ( 'NONE', #1760, #906, #1934, .T. ) ;
#1003 = DIRECTION ( 'NONE',  ( 1.000000000000000000, 0.000000000000000000, 0.000000000000000000 ) ) ;
#1004 = ORIENTED_EDGE ( 'NONE', *, *, #1661, .F. ) ;
#1005 = AXIS2_PLACEMENT_3D ( 'NONE', #1657, #1868, #9 ) ;
#1006 = CARTESIAN_POINT ( 'NONE',  ( 0.000000000000000000, 0.000000000000000000, 0.000000000000000000 ) ) ;
#1007 = VERTEX_POINT ( 'NONE', #643 ) ;
#1008 = EDGE_CURVE ( 'NONE', #1156, #370, #1393, .T. ) ;
#1009 = CARTESIAN_POINT ( 'NONE',  ( -18.73832970144000143, 18.73832970144400178, -1.000000000000000000 ) ) ;
#1010 = EDGE_CURVE ( 'NONE', #1266, #1755, #789, .T. ) ;
#1011 = AXIS2_PLACEMENT_3D ( 'NONE', #2236, #740, #948 ) ;
#1012 = EDGE_LOOP ( 'NONE', ( #1202, #2002, #772, #1831 ) ) ;
#1013 = AXIS2_PLACEMENT_3D ( 'NONE', #983, #2287, #1745 ) ;
#1014 = DIRECTION ( 'NONE',  ( 1.000000000000000000, 0.000000000000000000, 0.000000000000000000 ) ) ;
#1015 = ORIENTED_EDGE ( 'NONE', *, *, #1095, .T. ) ;
#1016 = DIRECTION ( 'NONE',  ( 0.000000000000000000, 0.000000000000000000, 1.000000000000000000 ) ) ;
#1017 = CYLINDRICAL_SURFACE ( 'NONE', #2208, 1.499999999999999778 ) ;
#1018 = ORIENTED_EDGE ( 'NONE', *, *, #867, .F. ) ;
#1019 = ADVANCED_FACE ( 'NONE', ( #780 ), #2149, .T. ) ;
#1020 = CIRCLE ( 'NONE', #1059, 1.700000000000000178 ) ;
#1021 = CARTESIAN_POINT ( 'NONE',  ( -3.500000000000000000, -21.21320343559000321, 4.000000000000000000 ) ) ;
#1022 = ORIENTED_EDGE ( 'NONE', *, *, #1695, .F. ) ;
#1023 = CARTESIAN_POINT ( 'NONE',  ( 3.000000000000000000, 0.000000000000000000, -1.000000000000000000 ) ) ;
#1024 = AXIS2_PLACEMENT_3D ( 'NONE', #1436, #1977, #1212 ) ;
#1025 = SURFACE_STYLE_USAGE ( .BOTH. , #2190 ) ;
#1026 = CARTESIAN_POINT ( 'NONE',  ( 21.21320343559600019, 2.000000000000000000, 4.000000000000000000 ) ) ;
#1027 = ORIENTED_EDGE ( 'NONE', *, *, #1953, .T. ) ;
#1028 = DIRECTION ( 'NONE',  ( 1.000000000000000000, 0.000000000000000000, 0.000000000000000000 ) ) ;
#1029 = LINE ( 'NONE', #1441, #1598 ) ;
#1030 = ORIENTED_EDGE ( 'NONE', *, *, #940, .T. ) ;
#1031 = VECTOR ( 'NONE', #1215, 1000.000000000000000 ) ;
#1032 = DIRECTION ( 'NONE',  ( -0.000000000000000000, 1.000000000000000000, 0.000000000000000000 ) ) ;
#1033 = EDGE_LOOP ( 'NONE', ( #2274, #711, #354, #1858 ) ) ;
#1034 = DIRECTION ( 'NONE',  ( -0.1627906976740855216, -0.9866606249115165150, 0.000000000000000000 ) ) ;
#1035 = ADVANCED_FACE ( 'NONE', ( #1176 ), #1358, .F. ) ;
#1036 = DIRECTION ( 'NONE',  ( 0.000000000000000000, 0.000000000000000000, 1.000000000000000000 ) ) ;
#1037 = CIRCLE ( 'NONE', #961, 23.00000000000000000 ) ;
#1038 = DIRECTION ( 'NONE',  ( 0.000000000000000000, -1.000000000000000000, 0.000000000000000000 ) ) ;
#1039 = ORIENTED_EDGE ( 'NONE', *, *, #373, .T. ) ;
#1040 = DIRECTION ( 'NONE',  ( 0.000000000000000000, -1.000000000000000000, 0.000000000000000000 ) ) ;
#1041 = CARTESIAN_POINT ( 'NONE',  ( 26.50000000000000000, 0.000000000000000000, -1.000000000000000000 ) ) ;
#1042 = ORIENTED_EDGE ( 'NONE', *, *, #1049, .T. ) ;
#1043 = CIRCLE ( 'NONE', #2441, 10.50000000000000000 ) ;
#1044 = AXIS2_PLACEMENT_3D ( 'NONE', #989, #1741, #599 ) ;
#1045 = CARTESIAN_POINT ( 'NONE',  ( 0.000000000000000000, 7.500000000000000000, 16.00000000000000000 ) ) ;
#1046 = ORIENTED_EDGE ( 'NONE', *, *, #1326, .F. ) ;
#1047 = AXIS2_PLACEMENT_3D ( 'NONE', #327, #1096, #2244 ) ;
#1048 = CARTESIAN_POINT ( 'NONE',  ( 21.21320343559600019, 3.500000000000000000, 4.000000000000000000 ) ) ;
#1049 = EDGE_CURVE ( 'NONE', #1137, #203, #52, .T. ) ;
#1050 = AXIS2_PLACEMENT_3D ( 'NONE', #305, #1985, #1647 ) ;
#1051 = CYLINDRICAL_SURFACE ( 'NONE', #970, 23.50000000000000000 ) ;
#1052 = VERTEX_POINT ( 'NONE', #621 ) ;
#1053 = CIRCLE ( 'NONE', #2174, 1.250000000000000222 ) ;
#1054 = CARTESIAN_POINT ( 'NONE',  ( -12.00000000000000000, 2.000000000000000000, 12.00000000000000000 ) ) ;
#1055 = CARTESIAN_POINT ( 'NONE',  ( -18.73832970144000143, 18.73832970144400178, 16.00000000000000000 ) ) ;
#1056 = ORIENTED_EDGE ( 'NONE', *, *, #2219, .T. ) ;
#1057 = DIRECTION ( 'NONE',  ( 0.000000000000000000, 0.000000000000000000, 1.000000000000000000 ) ) ;
#1058 = EDGE_LOOP ( 'NONE', ( #1644, #2053, #277, #12 ) ) ;
#1059 = AXIS2_PLACEMENT_3D ( 'NONE', #1912, #728, #1675 ) ;
#1060 = DIRECTION ( 'NONE',  ( 1.000000000000000000, 0.000000000000000000, 0.000000000000000000 ) ) ;
#1061 = DIRECTION ( 'NONE',  ( 0.000000000000000000, -1.000000000000000000, 0.000000000000000000 ) ) ;
#1062 = CARTESIAN_POINT ( 'NONE',  ( -5.303300858898999159, -5.303300858898999159, 0.000000000000000000 ) ) ;
#1063 = DIRECTION ( 'NONE',  ( 1.000000000000000000, 0.000000000000000000, 0.000000000000000000 ) ) ;
#1064 = PRODUCT_DEFINITION ( 'UNKNOWN', '', #1674, #1940 ) ;
#1065 = FACE_OUTER_BOUND ( 'NONE', #417, .T. ) ;
#1066 = ORIENTED_EDGE ( 'NONE', *, *, #1765, .F. ) ;
#1067 = EDGE_CURVE ( 'NONE', #1086, #269, #974, .T. ) ;
#1068 = UNCERTAINTY_MEASURE_WITH_UNIT (LENGTH_MEASURE( 1.000000000000000082E-05 ), #1411, 'distance_accuracy_value', 'NONE');
#1069 = CARTESIAN_POINT ( 'NONE',  ( -12.00000000000000000, 3.500000000000000000, 4.000000000000000000 ) ) ;
#1070 = ORIENTED_EDGE ( 'NONE', *, *, #1267, .F. ) ;
#1071 = EDGE_CURVE ( 'NONE', #1097, #1242, #2448, .T. ) ;
#1072 = DIRECTION ( 'NONE',  ( 1.000000000000000000, 0.000000000000000000, 0.000000000000000000 ) ) ;
#1073 = ORIENTED_EDGE ( 'NONE', *, *, #1974, .F. ) ;
#1074 = CIRCLE ( 'NONE', #1157, 1.700000000000000178 ) ;
#1075 = CARTESIAN_POINT ( 'NONE',  ( -2.000000000000000000, -24.00000000000000000, -2.000000000000000000 ) ) ;
#1076 = CARTESIAN_POINT ( 'NONE',  ( 4.053300858898999159, -5.303300858898999159, -1.000000000000000000 ) ) ;
#1077 = CARTESIAN_POINT ( 'NONE',  ( 0.000000000000000000, 0.000000000000000000, 0.000000000000000000 ) ) ;
#1078 = APPLICATION_PROTOCOL_DEFINITION ( 'draft international standard', 'automotive_design', 1998, #204 ) ;
#1079 = FACE_OUTER_BOUND ( 'NONE', #2295, .T. ) ;
#1080 = ORIENTED_EDGE ( 'NONE', *, *, #470, .F. ) ;
#1081 = VECTOR ( 'NONE', #1814, 1000.000000000000000 ) ;
#1082 = DIRECTION ( 'NONE',  ( 0.000000000000000000, 0.000000000000000000, 1.000000000000000000 ) ) ;
#1083 = VERTEX_POINT ( 'NONE', #460 ) ;
#1084 = EDGE_CURVE ( 'NONE', #1979, #2235, #304, .T. ) ;
#1085 = DIRECTION ( 'NONE',  ( 0.000000000000000000, 0.000000000000000000, 1.000000000000000000 ) ) ;
#1086 = VERTEX_POINT ( 'NONE', #1550 ) ;
#1087 = CIRCLE ( 'NONE', #222, 3.000000000000000000 ) ;
#1088 = CIRCLE ( 'NONE', #1402, 1.500000000000001332 ) ;
#1089 = EDGE_CURVE ( 'NONE', #688, #2372, #2334, .T. ) ;
#1090 = CARTESIAN_POINT ( 'NONE',  ( 0.000000000000000000, 0.000000000000000000, 0.000000000000000000 ) ) ;
#1091 = FACE_BOUND ( 'NONE', #680, .T. ) ;
#1092 = DIRECTION ( 'NONE',  ( 0.000000000000000000, 0.000000000000000000, 1.000000000000000000 ) ) ;
#1093 = DIRECTION ( 'NONE',  ( 0.000000000000000000, 0.000000000000000000, 1.000000000000000000 ) ) ;
#1094 = ADVANCED_FACE ( 'NONE', ( #823 ), #438, .F. ) ;
#1095 = EDGE_CURVE ( 'NONE', #291, #502, #895, .T. ) ;
#1096 = DIRECTION ( 'NONE',  ( 0.000000000000000000, 0.000000000000000000, 1.000000000000000000 ) ) ;
#1097 = VERTEX_POINT ( 'NONE', #1596 ) ;
#1098 = LINE ( 'NONE', #2271, #1725 ) ;
#1099 = ORIENTED_EDGE ( 'NONE', *, *, #988, .F. ) ;
#1100 = AXIS2_PLACEMENT_3D ( 'NONE', #1006, #236, #411 ) ;
#1101 = VECTOR ( 'NONE', #2042, 1000.000000000000000 ) ;
#1102 = FACE_BOUND ( 'NONE', #57, .T. ) ;
#1103 = ORIENTED_EDGE ( 'NONE', *, *, #1984, .T. ) ;
#1104 = ADVANCED_FACE ( 'NONE', ( #2357 ), #669, .T. ) ;
#1105 = CYLINDRICAL_SURFACE ( 'NONE', #1980, 1.500000000000001332 ) ;
#1106 = DIRECTION ( 'NONE',  ( 1.000000000000000000, 0.000000000000000000, 0.000000000000000000 ) ) ;
#1107 =( NAMED_UNIT ( * ) SI_UNIT ( $, .STERADIAN. ) SOLID_ANGLE_UNIT ( ) );
#1108 = DIRECTION ( 'NONE',  ( 0.000000000000000000, 0.000000000000000000, 1.000000000000000000 ) ) ;
#1109 = DIRECTION ( 'NONE',  ( 1.000000000000000000, 0.000000000000000000, 0.000000000000000000 ) ) ;
#1110 = ORIENTED_EDGE ( 'NONE', *, *, #280, .F. ) ;
#1111 = CARTESIAN_POINT ( 'NONE',  ( 17.03832970144400250, -18.73832970144000143, -1.000000000000000000 ) ) ;
#1112 = EDGE_LOOP ( 'NONE', ( #1174, #98, #1709, #128 ) ) ;
#1113 = CIRCLE ( 'NONE', #1423, 1.499999999999999556 ) ;
#1114 = DIRECTION ( 'NONE',  ( 0.000000000000000000, 0.000000000000000000, 1.000000000000000000 ) ) ;
#1115 = ORIENTED_EDGE ( 'NONE', *, *, #1640, .F. ) ;
#1116 = CARTESIAN_POINT ( 'NONE',  ( 30.00000000000000000, 0.000000000000000000, 0.000000000000000000 ) ) ;
#1117 = DIRECTION ( 'NONE',  ( 0.000000000000000000, 0.000000000000000000, 1.000000000000000000 ) ) ;
#1118 = CIRCLE ( 'NONE', #1949, 1.250000000000000222 ) ;
#1119 = DIRECTION ( 'NONE',  ( 0.000000000000000000, 0.000000000000000000, 1.000000000000000000 ) ) ;
#1120 = EDGE_CURVE ( 'NONE', #1394, #251, #2381, .T. ) ;
#1121 = DIRECTION ( 'NONE',  ( 0.000000000000000000, -1.000000000000000000, 0.000000000000000000 ) ) ;
#1122 = DIRECTION ( 'NONE',  ( 0.000000000000000000, 0.000000000000000000, 1.000000000000000000 ) ) ;
#1123 = ORIENTED_EDGE ( 'NONE', *, *, #426, .F. ) ;
#1124 = ADVANCED_BREP_SHAPE_REPRESENTATION ( 'W3_ROBOT_6AXIS_RevA', ( #99, #835 ), #51 ) ;
#1125 = CARTESIAN_POINT ( 'NONE',  ( -4.053300858898999159, -5.303300858898999159, 0.000000000000000000 ) ) ;
#1126 = EDGE_LOOP ( 'NONE', ( #1698, #1942 ) ) ;
#1127 = AXIS2_PLACEMENT_3D ( 'NONE', #1330, #1281, #2100 ) ;
#1128 = DIRECTION ( 'NONE',  ( 0.000000000000000000, -1.000000000000000000, 0.000000000000000000 ) ) ;
#1129 = EDGE_LOOP ( 'NONE', ( #1631, #216 ) ) ;
#1130 = DIRECTION ( 'NONE',  ( 1.000000000000000000, 0.000000000000000000, 0.000000000000000000 ) ) ;
#1131 = DIRECTION ( 'NONE',  ( 0.000000000000000000, 0.000000000000000000, 1.000000000000000000 ) ) ;
#1132 = AXIS2_PLACEMENT_3D ( 'NONE', #342, #193, #2222 ) ;
#1133 = DIRECTION ( 'NONE',  ( 1.000000000000000000, 0.000000000000000000, 0.000000000000000000 ) ) ;
#1134 = EDGE_LOOP ( 'NONE', ( #2281, #181, #458, #2283 ) ) ;
#1135 = EDGE_CURVE ( 'NONE', #1555, #1879, #149, .T. ) ;
#1136 = FACE_OUTER_BOUND ( 'NONE', #1567, .T. ) ;
#1137 = VERTEX_POINT ( 'NONE', #1420 ) ;
#1138 = VECTOR ( 'NONE', #679, 1000.000000000000000 ) ;
#1139 = DIRECTION ( 'NONE',  ( 1.000000000000000000, 0.000000000000000000, 0.000000000000000000 ) ) ;
#1140 = EDGE_LOOP ( 'NONE', ( #2393, #2094 ) ) ;
#1141 = CARTESIAN_POINT ( 'NONE',  ( 18.73832970144400178, -18.73832970144000143, -1.000000000000000000 ) ) ;
#1142 = LINE ( 'NONE', #371, #311 ) ;
#1143 = DIRECTION ( 'NONE',  ( 1.000000000000000000, 0.000000000000000000, 0.000000000000000000 ) ) ;
#1144 = EDGE_LOOP ( 'NONE', ( #546, #953, #209, #20, #528, #1798, #657, #1392 ) ) ;
#1145 = ADVANCED_FACE ( 'NONE', ( #2392 ), #836, .F. ) ;
#1146 = AXIS2_PLACEMENT_3D ( 'NONE', #2266, #1165, #1561 ) ;
#1147 = EDGE_CURVE ( 'NONE', #685, #1399, #1891, .T. ) ;
#1148 = LINE ( 'NONE', #205, #25 ) ;
#1149 = ORIENTED_EDGE ( 'NONE', *, *, #831, .T. ) ;
#1150 = EDGE_CURVE ( 'NONE', #2333, #333, #2211, .T. ) ;
#1151 = CARTESIAN_POINT ( 'NONE',  ( 3.744186046512000043, -22.69319437296000075, 4.000000000000000000 ) ) ;
#1152 = ORIENTED_EDGE ( 'NONE', *, *, #760, .F. ) ;
#1153 = CARTESIAN_POINT ( 'NONE',  ( 21.21320343559600019, -3.500000000000000000, 4.000000000000000000 ) ) ;
#1154 = CARTESIAN_POINT ( 'NONE',  ( -3.744186046512000043, 22.69319437296400110, 4.000000000000000000 ) ) ;
#1155 = CARTESIAN_POINT ( 'NONE',  ( -17.03832970144000214, -18.73832970144000143, -1.000000000000000000 ) ) ;
#1156 = VERTEX_POINT ( 'NONE', #494 ) ;
#1157 = AXIS2_PLACEMENT_3D ( 'NONE', #536, #2194, #82 ) ;
#1158 = CARTESIAN_POINT ( 'NONE',  ( -21.21320343559000321, 2.000000000000000000, 4.000000000000000000 ) ) ;
#1159 = ORIENTED_EDGE ( 'NONE', *, *, #211, .T. ) ;
#1160 = DIRECTION ( 'NONE',  ( 0.000000000000000000, 0.000000000000000000, 1.000000000000000000 ) ) ;
#1161 = VERTEX_POINT ( 'NONE', #702 ) ;
#1162 = CYLINDRICAL_SURFACE ( 'NONE', #1572, 1.700000000000000178 ) ;
#1163 = EDGE_CURVE ( 'NONE', #2210, #203, #1410, .T. ) ;
#1164 = AXIS2_PLACEMENT_3D ( 'NONE', #1930, #971, #233 ) ;
#1165 = DIRECTION ( 'NONE',  ( 0.000000000000000000, 0.000000000000000000, 1.000000000000000000 ) ) ;
#1166 = CARTESIAN_POINT ( 'NONE',  ( 10.50000000000000000, 0.000000000000000000, 0.000000000000000000 ) ) ;
#1167 = ORIENTED_EDGE ( 'NONE', *, *, #1071, .T. ) ;
#1168 = EDGE_CURVE ( 'NONE', #1086, #55, #32, .T. ) ;
#1169 = AXIS2_PLACEMENT_3D ( 'NONE', #659, #1771, #2163 ) ;
#1170 = FACE_OUTER_BOUND ( 'NONE', #405, .T. ) ;
#1171 = ORIENTED_EDGE ( 'NONE', *, *, #117, .T. ) ;
#1172 = VECTOR ( 'NONE', #501, 1000.000000000000000 ) ;
#1173 = CYLINDRICAL_SURFACE ( 'NONE', #1560, 1.500000000000000000 ) ;
#1174 = ORIENTED_EDGE ( 'NONE', *, *, #2446, .F. ) ;
#1175 = DIRECTION ( 'NONE',  ( 0.000000000000000000, 0.000000000000000000, 1.000000000000000000 ) ) ;
#1176 = FACE_OUTER_BOUND ( 'NONE', #985, .T. ) ;
#1177 = EDGE_CURVE ( 'NONE', #197, #993, #2022, .T. ) ;
#1178 = CARTESIAN_POINT ( 'NONE',  ( 18.73832970144400178, -18.73832970144000143, 0.000000000000000000 ) ) ;
#1179 = VERTEX_POINT ( 'NONE', #519 ) ;
#1180 = DIRECTION ( 'NONE',  ( 0.000000000000000000, 0.000000000000000000, 1.000000000000000000 ) ) ;
#1181 = ORIENTED_EDGE ( 'NONE', *, *, #1527, .F. ) ;
#1182 = DIRECTION ( 'NONE',  ( 0.000000000000000000, 0.000000000000000000, 1.000000000000000000 ) ) ;
#1183 = EDGE_LOOP ( 'NONE', ( #860, #2018, #62, #1459 ) ) ;
#1184 = CARTESIAN_POINT ( 'NONE',  ( -12.00000000000000000, 2.000000000000000000, 4.000000000000000000 ) ) ;
#1185 = CARTESIAN_POINT ( 'NONE',  ( -17.03832970144000214, 18.73832970144400178, 0.000000000000000000 ) ) ;
#1186 = ORIENTED_EDGE ( 'NONE', *, *, #103, .T. ) ;
#1187 = LINE ( 'NONE', #1783, #297 ) ;
#1188 = ORIENTED_EDGE ( 'NONE', *, *, #1150, .F. ) ;
#1189 = ADVANCED_FACE ( 'NONE', ( #484 ), #1255, .F. ) ;
#1190 = DIRECTION ( 'NONE',  ( 1.000000000000000000, 0.000000000000000000, 0.000000000000000000 ) ) ;
#1191 = ORIENTED_EDGE ( 'NONE', *, *, #1416, .T. ) ;
#1192 = AXIS2_PLACEMENT_3D ( 'NONE', #1289, #1639, #2027 ) ;
#1193 = EDGE_CURVE ( 'NONE', #420, #257, #1268, .T. ) ;
#1194 = DIRECTION ( 'NONE',  ( 0.000000000000000000, 0.000000000000000000, 1.000000000000000000 ) ) ;
#1195 = ORIENTED_EDGE ( 'NONE', *, *, #1340, .F. ) ;
#1196 = EDGE_CURVE ( 'NONE', #206, #1331, #97, .T. ) ;
#1197 = CARTESIAN_POINT ( 'NONE',  ( -4.053300858898999159, 5.303300858898999159, -1.000000000000000000 ) ) ;
#1198 = EDGE_LOOP ( 'NONE', ( #776, #843, #1408, #2245 ) ) ;
#1199 = FACE_OUTER_BOUND ( 'NONE', #1227, .T. ) ;
#1200 = ORIENTED_EDGE ( 'NONE', *, *, #1570, .F. ) ;
#1201 = FACE_OUTER_BOUND ( 'NONE', #1564, .T. ) ;
#1202 = ORIENTED_EDGE ( 'NONE', *, *, #179, .T. ) ;
#1203 = EDGE_CURVE ( 'NONE', #1967, #1097, #848, .T. ) ;
#1204 = AXIS2_PLACEMENT_3D ( 'NONE', #1551, #450, #839 ) ;
#1205 = CARTESIAN_POINT ( 'NONE',  ( 10.50000000000000000, 0.000000000000000000, 12.00000000000000000 ) ) ;
#1206 = DIRECTION ( 'NONE',  ( 0.000000000000000000, 0.000000000000000000, 1.000000000000000000 ) ) ;
#1207 = ORIENTED_EDGE ( 'NONE', *, *, #2418, .T. ) ;
#1208 = CIRCLE ( 'NONE', #2443, 1.500000000000001332 ) ;
#1209 = DIRECTION ( 'NONE',  ( 0.000000000000000000, 0.000000000000000000, 1.000000000000000000 ) ) ;
#1210 = CYLINDRICAL_SURFACE ( 'NONE', #2049, 1.499999999999999778 ) ;
#1211 = AXIS2_PLACEMENT_3D ( 'NONE', #1021, #226, #40 ) ;
#1212 = DIRECTION ( 'NONE',  ( 1.000000000000000000, 0.000000000000000000, 0.000000000000000000 ) ) ;
#1213 = CARTESIAN_POINT ( 'NONE',  ( 0.000000000000000000, 0.000000000000000000, 12.00000000000000000 ) ) ;
#1214 = VERTEX_POINT ( 'NONE', #2173 ) ;
#1215 = DIRECTION ( 'NONE',  ( 0.000000000000000000, -1.000000000000000000, 0.000000000000000000 ) ) ;
#1216 = CARTESIAN_POINT ( 'NONE',  ( -4.053300858898999159, -5.303300858898999159, -1.000000000000000000 ) ) ;
#1217 = EDGE_LOOP ( 'NONE', ( #1433, #1890, #1838, #644 ) ) ;
#1218 = EDGE_CURVE ( 'NONE', #395, #786, #2371, .T. ) ;
#1219 = AXIS2_PLACEMENT_3D ( 'NONE', #2012, #1221, #124 ) ;
#1220 = DIRECTION ( 'NONE',  ( 0.000000000000000000, 0.000000000000000000, 1.000000000000000000 ) ) ;
#1221 = DIRECTION ( 'NONE',  ( 0.000000000000000000, 0.000000000000000000, 1.000000000000000000 ) ) ;
#1222 = DIRECTION ( 'NONE',  ( 0.000000000000000000, 0.000000000000000000, 1.000000000000000000 ) ) ;
#1223 = LINE ( 'NONE', #673, #2251 ) ;
#1224 = ORIENTED_EDGE ( 'NONE', *, *, #135, .F. ) ;
#1225 = CARTESIAN_POINT ( 'NONE',  ( 10.56000000000000050, 3.079999999999999627, 4.000000000000000000 ) ) ;
#1226 = CYLINDRICAL_SURFACE ( 'NONE', #381, 1.500000000000001332 ) ;
#1227 = EDGE_LOOP ( 'NONE', ( #1716, #444, #1939, #156 ) ) ;
#1228 = CARTESIAN_POINT ( 'NONE',  ( -1.500000000000000000, 7.500000000000000000, -1.000000000000000000 ) ) ;
#1229 = ORIENTED_EDGE ( 'NONE', *, *, #1826, .F. ) ;
#1230 = EDGE_CURVE ( 'NONE', #1242, #1097, #814, .T. ) ;
#1231 = DIRECTION ( 'NONE',  ( 0.000000000000000000, 0.000000000000000000, 1.000000000000000000 ) ) ;
#1232 = CIRCLE ( 'NONE', #175, 1.700000000000000178 ) ;
#1233 = DIRECTION ( 'NONE',  ( 0.000000000000000000, 0.000000000000000000, 1.000000000000000000 ) ) ;
#1234 = EDGE_LOOP ( 'NONE', ( #390, #1758 ) ) ;
#1235 = DIRECTION ( 'NONE',  ( 0.000000000000000000, 0.000000000000000000, 1.000000000000000000 ) ) ;
#1236 = LINE ( 'NONE', #1417, #1323 ) ;
#1237 = ORIENTED_EDGE ( 'NONE', *, *, #435, .F. ) ;
#1238 = AXIS2_PLACEMENT_3D ( 'NONE', #1335, #1690, #2104 ) ;
#1239 = VECTOR ( 'NONE', #1265, 1000.000000000000000 ) ;
#1240 = DIRECTION ( 'NONE',  ( 0.000000000000000000, 0.000000000000000000, 1.000000000000000000 ) ) ;
#1241 = AXIS2_PLACEMENT_3D ( 'NONE', #887, #2408, #1034 ) ;
#1242 = VERTEX_POINT ( 'NONE', #1623 ) ;
#1243 = EDGE_CURVE ( 'NONE', #2210, #2045, #2213, .T. ) ;
#1244 = CARTESIAN_POINT ( 'NONE',  ( 10.50000000000000000, 0.000000000000000000, 16.00000000000000000 ) ) ;
#1245 = CYLINDRICAL_SURFACE ( 'NONE', #936, 23.50000000000000000 ) ;
#1246 = CARTESIAN_POINT ( 'NONE',  ( -3.500000000000000000, 12.00000000000000000, 4.000000000000000000 ) ) ;
#1247 = CARTESIAN_POINT ( 'NONE',  ( 0.000000000000000000, 0.000000000000000000, 4.000000000000000000 ) ) ;
#1248 = ADVANCED_FACE ( 'NONE', ( #715, #1102, #581, #1484, #934, #1684 ), #1883, .F. ) ;
#1249 = VECTOR ( 'NONE', #75, 1000.000000000000000 ) ;
#1250 = CARTESIAN_POINT ( 'NONE',  ( -20.43832970144000072, 18.73832970144400178, 0.000000000000000000 ) ) ;
#1251 = AXIS2_PLACEMENT_3D ( 'NONE', #2298, #1722, #397 ) ;
#1252 = ORIENTED_EDGE ( 'NONE', *, *, #407, .F. ) ;
#1253 = DIRECTION ( 'NONE',  ( 0.000000000000000000, 0.000000000000000000, 1.000000000000000000 ) ) ;
#1254 = ORIENTED_EDGE ( 'NONE', *, *, #579, .F. ) ;
#1255 = CYLINDRICAL_SURFACE ( 'NONE', #624, 1.500000000000001332 ) ;
#1256 = ORIENTED_EDGE ( 'NONE', *, *, #2057, .F. ) ;
#1257 = CIRCLE ( 'NONE', #1219, 11.00000000000000000 ) ;
#1258 = CYLINDRICAL_SURFACE ( 'NONE', #2068, 1.500000000000000444 ) ;
#1259 = CARTESIAN_POINT ( 'NONE',  ( 0.000000000000000000, 0.000000000000000000, 16.00000000000000000 ) ) ;
#1260 = CARTESIAN_POINT ( 'NONE',  ( -12.00000000000000000, 2.000000000000000000, 4.000000000000000000 ) ) ;
#1261 = APPLICATION_PROTOCOL_DEFINITION ( 'draft international standard', 'automotive_design', 1998, #412 ) ;
#1262 = DIRECTION ( 'NONE',  ( 1.000000000000000000, 0.000000000000000000, 0.000000000000000000 ) ) ;
#1263 = ORIENTED_EDGE ( 'NONE', *, *, #2424, .F. ) ;
#1264 = EDGE_CURVE ( 'NONE', #446, #1052, #2420, .T. ) ;
#1265 = DIRECTION ( 'NONE',  ( 1.000000000000000000, 0.000000000000000000, 0.000000000000000000 ) ) ;
#1266 = VERTEX_POINT ( 'NONE', #2087 ) ;
#1267 = EDGE_CURVE ( 'NONE', #1728, #577, #781, .T. ) ;
#1268 = LINE ( 'NONE', #2036, #1571 ) ;
#1269 = ORIENTED_EDGE ( 'NONE', *, *, #2186, .F. ) ;
#1270 = AXIS2_PLACEMENT_3D ( 'NONE', #166, #2220, #338 ) ;
#1271 = PLANE ( 'NONE',  #656 ) ;
#1272 = CARTESIAN_POINT ( 'NONE',  ( -10.50000000000000000, 1.285879139104720831E-15, 11.00000000000000000 ) ) ;
#1273 = CARTESIAN_POINT ( 'NONE',  ( -2.000000000000000000, -12.00000000000000000, 4.000000000000000000 ) ) ;
#1274 = DIRECTION ( 'NONE',  ( 0.000000000000000000, 0.000000000000000000, 1.000000000000000000 ) ) ;
#1275 = FACE_OUTER_BOUND ( 'NONE', #1538, .T. ) ;
#1276 = ORIENTED_EDGE ( 'NONE', *, *, #1483, .F. ) ;
#1277 = CIRCLE ( 'NONE', #2316, 1.499999999999999556 ) ;
#1278 = ADVANCED_FACE ( 'NONE', ( #567 ), #382, .F. ) ;
#1279 = CARTESIAN_POINT ( 'NONE',  ( 0.000000000000000000, 0.000000000000000000, 16.00000000000000000 ) ) ;
#1280 = ORIENTED_EDGE ( 'NONE', *, *, #963, .T. ) ;
#1281 = DIRECTION ( 'NONE',  ( 0.000000000000000000, 0.000000000000000000, 1.000000000000000000 ) ) ;
#1282 = ORIENTED_EDGE ( 'NONE', *, *, #320, .F. ) ;
#1283 = CIRCLE ( 'NONE', #421, 1.500000000000000000 ) ;
#1284 = CIRCLE ( 'NONE', #886, 1.500000000000000000 ) ;
#1285 = CARTESIAN_POINT ( 'NONE',  ( 0.000000000000000000, 0.000000000000000000, -1.000000000000000000 ) ) ;
#1286 = DIRECTION ( 'NONE',  ( 0.000000000000000000, 0.000000000000000000, 1.000000000000000000 ) ) ;
#1287 = ADVANCED_FACE ( 'NONE', ( #196 ), #2430, .T. ) ;
#1288 = AXIS2_PLACEMENT_3D ( 'NONE', #2375, #115, #1773 ) ;
#1289 = CARTESIAN_POINT ( 'NONE',  ( -26.50000000000000000, 0.000000000000000000, 16.00000000000000000 ) ) ;
#1290 = DIRECTION ( 'NONE',  ( 0.000000000000000000, 0.000000000000000000, 1.000000000000000000 ) ) ;
#1291 = DIRECTION ( 'NONE',  ( 1.000000000000000000, 0.000000000000000000, 0.000000000000000000 ) ) ;
#1292 = EDGE_LOOP ( 'NONE', ( #1656, #2437, #604, #2159 ) ) ;
#1293 = LINE ( 'NONE', #2452, #2048 ) ;
#1294 = EDGE_LOOP ( 'NONE', ( #84, #2329, #1004, #1442 ) ) ;
#1295 = CIRCLE ( 'NONE', #2003, 1.700000000000000178 ) ;
#1296 = CARTESIAN_POINT ( 'NONE',  ( 26.50000000000000000, 0.000000000000000000, 16.00000000000000000 ) ) ;
#1297 = ORIENTED_EDGE ( 'NONE', *, *, #2086, .F. ) ;
#1298 = EDGE_CURVE ( 'NONE', #865, #2313, #468, .T. ) ;
#1299 = CYLINDRICAL_SURFACE ( 'NONE', #2419, 1.700000000000000178 ) ;
#1300 = DIRECTION ( 'NONE',  ( 1.000000000000000000, 0.000000000000000000, 0.000000000000000000 ) ) ;
#1301 = FACE_OUTER_BOUND ( 'NONE', #703, .T. ) ;
#1302 = CARTESIAN_POINT ( 'NONE',  ( 22.69319437296400110, 3.744186046512000043, 4.000000000000000000 ) ) ;
#1303 = ORIENTED_EDGE ( 'NONE', *, *, #211, .F. ) ;
#1304 = DIRECTION ( 'NONE',  ( 0.000000000000000000, 0.000000000000000000, -1.000000000000000000 ) ) ;
#1305 = ORIENTED_EDGE ( 'NONE', *, *, #1347, .F. ) ;
#1306 = DIRECTION ( 'NONE',  ( 1.000000000000000000, 0.000000000000000000, 0.000000000000000000 ) ) ;
#1307 = ORIENTED_EDGE ( 'NONE', *, *, #1640, .T. ) ;
#1308 = DIRECTION ( 'NONE',  ( 0.000000000000000000, 0.000000000000000000, 1.000000000000000000 ) ) ;
#1309 = EDGE_CURVE ( 'NONE', #1418, #526, #608, .T. ) ;
#1310 = VECTOR ( 'NONE', #2204, 1000.000000000000000 ) ;
#1311 = FACE_OUTER_BOUND ( 'NONE', #10, .T. ) ;
#1312 = CYLINDRICAL_SURFACE ( 'NONE', #762, 1.250000000000000222 ) ;
#1313 = VERTEX_POINT ( 'NONE', #1896 ) ;
#1314 = CARTESIAN_POINT ( 'NONE',  ( -24.00000000000000000, -2.000000000000000000, -2.000000000000000000 ) ) ;
#1315 = ORIENTED_EDGE ( 'NONE', *, *, #103, .F. ) ;
#1316 = DIRECTION ( 'NONE',  ( 0.000000000000000000, 0.000000000000000000, 1.000000000000000000 ) ) ;
#1317 = ORIENTED_EDGE ( 'NONE', *, *, #811, .F. ) ;
#1318 = DIRECTION ( 'NONE',  ( 0.000000000000000000, 0.000000000000000000, 1.000000000000000000 ) ) ;
#1319 = LINE ( 'NONE', #1154, #437 ) ;
#1320 = CIRCLE ( 'NONE', #1605, 1.250000000000000222 ) ;
#1321 = ADVANCED_FACE ( 'NONE', ( #357 ), #2263, .F. ) ;
#1322 = DIRECTION ( 'NONE',  ( 0.000000000000000000, 0.000000000000000000, 1.000000000000000000 ) ) ;
#1323 = VECTOR ( 'NONE', #1630, 1000.000000000000000 ) ;
#1324 = DIRECTION ( 'NONE',  ( 0.000000000000000000, 0.000000000000000000, 1.000000000000000000 ) ) ;
#1325 = VERTEX_POINT ( 'NONE', #545 ) ;
#1326 = EDGE_CURVE ( 'NONE', #1711, #1642, #1037, .T. ) ;
#1327 = DIRECTION ( 'NONE',  ( 0.000000000000000000, 0.000000000000000000, 1.000000000000000000 ) ) ;
#1328 = ORIENTED_EDGE ( 'NONE', *, *, #1974, .T. ) ;
#1329 = AXIS2_PLACEMENT_3D ( 'NONE', #1432, #2225, #1612 ) ;
#1330 = CARTESIAN_POINT ( 'NONE',  ( 5.303300858898999159, -5.303300858898999159, 0.000000000000000000 ) ) ;
#1331 = VERTEX_POINT ( 'NONE', #1710 ) ;
#1332 = CIRCLE ( 'NONE', #1892, 1.500000000000000000 ) ;
#1333 = DIRECTION ( 'NONE',  ( 0.000000000000000000, 0.000000000000000000, 1.000000000000000000 ) ) ;
#1334 = CYLINDRICAL_SURFACE ( 'NONE', #631, 10.50000000000000000 ) ;
#1335 = CARTESIAN_POINT ( 'NONE',  ( -26.50000000000000000, 0.000000000000000000, 0.000000000000000000 ) ) ;
#1336 = EDGE_LOOP ( 'NONE', ( #219, #978 ) ) ;
#1337 = AXIS2_PLACEMENT_3D ( 'NONE', #2254, #923, #962 ) ;
#1338 = DIRECTION ( 'NONE',  ( 0.000000000000000000, 0.000000000000000000, 1.000000000000000000 ) ) ;
#1339 = EDGE_LOOP ( 'NONE', ( #1282, #92, #2150, #1558 ) ) ;
#1340 = EDGE_CURVE ( 'NONE', #2085, #254, #1794, .T. ) ;
#1341 = AXIS2_PLACEMENT_3D ( 'NONE', #114, #101, #2164 ) ;
#1342 = DIRECTION ( 'NONE',  ( 1.000000000000000000, 0.000000000000000000, 0.000000000000000000 ) ) ;
#1343 = EDGE_LOOP ( 'NONE', ( #1027, #415, #2175, #1237 ) ) ;
#1344 = CARTESIAN_POINT ( 'NONE',  ( -2.000000000000000000, -12.00000000000000000, 12.00000000000000000 ) ) ;
#1345 = LINE ( 'NONE', #1736, #1544 ) ;
#1346 = EDGE_CURVE ( 'NONE', #206, #2264, #94, .T. ) ;
#1347 = EDGE_CURVE ( 'NONE', #2066, #1967, #841, .T. ) ;
#1348 = CARTESIAN_POINT ( 'NONE',  ( 17.03832970144400250, 18.73832970144400178, 0.000000000000000000 ) ) ;
#1349 = EDGE_LOOP ( 'NONE', ( #31, #982, #795, #289 ) ) ;
#1350 = VECTOR ( 'NONE', #301, 1000.000000000000000 ) ;
#1351 = CARTESIAN_POINT ( 'NONE',  ( -3.079999999999999627, 10.56000000000000050, 4.000000000000000000 ) ) ;
#1352 = ORIENTED_EDGE ( 'NONE', *, *, #1230, .T. ) ;
#1353 = EDGE_CURVE ( 'NONE', #1179, #540, #1756, .T. ) ;
#1354 = DIRECTION ( 'NONE',  ( 0.000000000000000000, -1.000000000000000000, 0.000000000000000000 ) ) ;
#1355 = ORIENTED_EDGE ( 'NONE', *, *, #2391, .F. ) ;
#1356 = DIRECTION ( 'NONE',  ( 0.000000000000000000, 0.000000000000000000, -1.000000000000000000 ) ) ;
#1357 = AXIS2_PLACEMENT_3D ( 'NONE', #726, #2052, #1672 ) ;
#1358 = CYLINDRICAL_SURFACE ( 'NONE', #1370, 1.500000000000000000 ) ;
#1359 = DIRECTION ( 'NONE',  ( 0.000000000000000000, 0.000000000000000000, 1.000000000000000000 ) ) ;
#1360 = ORIENTED_EDGE ( 'NONE', *, *, #1922, .F. ) ;
#1361 = AXIS2_PLACEMENT_3D ( 'NONE', #1528, #586, #2435 ) ;
#1362 = AXIS2_PLACEMENT_3D ( 'NONE', #443, #1338, #1718 ) ;
#1363 = VECTOR ( 'NONE', #1384, 1000.000000000000000 ) ;
#1364 = DIRECTION ( 'NONE',  ( 0.000000000000000000, 0.000000000000000000, 1.000000000000000000 ) ) ;
#1365 = VERTEX_POINT ( 'NONE', #394 ) ;
#1366 = AXIS2_PLACEMENT_3D ( 'NONE', #1602, #1413, #1038 ) ;
#1367 = DIRECTION ( 'NONE',  ( 0.000000000000000000, 0.000000000000000000, 1.000000000000000000 ) ) ;
#1368 = ORIENTED_EDGE ( 'NONE', *, *, #2181, .T. ) ;
#1369 = CARTESIAN_POINT ( 'NONE',  ( 3.744186046512000043, -22.69319437296000075, 12.00000000000000000 ) ) ;
#1370 = AXIS2_PLACEMENT_3D ( 'NONE', #1746, #1757, #1921 ) ;
#1371 = CARTESIAN_POINT ( 'NONE',  ( 3.079999999999999627, -10.56000000000000050, 4.000000000000000000 ) ) ;
#1372 = EDGE_LOOP ( 'NONE', ( #2366, #846, #2008, #642 ) ) ;
#1373 = ADVANCED_FACE ( 'NONE', ( #158, #146, #896, #1659, #1580, #787, #408, #2296 ), #1754, .F. ) ;
#1374 = CYLINDRICAL_SURFACE ( 'NONE', #1169, 1.499999999999999778 ) ;
#1375 = VERTEX_POINT ( 'NONE', #1732 ) ;
#1376 = CARTESIAN_POINT ( 'NONE',  ( -24.00000000000000000, 2.000000000000000000, -2.000000000000000000 ) ) ;
#1377 = ORIENTED_EDGE ( 'NONE', *, *, #831, .F. ) ;
#1378 = EDGE_CURVE ( 'NONE', #969, #1994, #725, .T. ) ;
#1379 = CYLINDRICAL_SURFACE ( 'NONE', #1834, 1.700000000000000178 ) ;
#1380 = ORIENTED_EDGE ( 'NONE', *, *, #2153, .F. ) ;
#1381 = DIRECTION ( 'NONE',  ( 0.000000000000000000, 0.000000000000000000, 1.000000000000000000 ) ) ;
#1382 = ORIENTED_EDGE ( 'NONE', *, *, #2038, .T. ) ;
#1383 = EDGE_CURVE ( 'NONE', #690, #1472, #648, .T. ) ;
#1384 = DIRECTION ( 'NONE',  ( 0.000000000000000000, 0.000000000000000000, 1.000000000000000000 ) ) ;
#1385 = ORIENTED_EDGE ( 'NONE', *, *, #280, .T. ) ;
#1386 = VECTOR ( 'NONE', #1823, 1000.000000000000000 ) ;
#1387 = CYLINDRICAL_SURFACE ( 'NONE', #225, 1.500000000000000444 ) ;
#1388 = VERTEX_POINT ( 'NONE', #59 ) ;
#1389 = AXIS2_PLACEMENT_3D ( 'NONE', #1503, #1324, #1516 ) ;
#1390 = DIRECTION ( 'NONE',  ( 0.000000000000000000, 0.000000000000000000, 1.000000000000000000 ) ) ;
#1391 = CARTESIAN_POINT ( 'NONE',  ( 0.000000000000000000, 0.000000000000000000, 0.000000000000000000 ) ) ;
#1392 = ORIENTED_EDGE ( 'NONE', *, *, #938, .T. ) ;
#1393 = LINE ( 'NONE', #1956, #1859 ) ;
#1394 = VERTEX_POINT ( 'NONE', #1954 ) ;
#1395 = AXIS2_PLACEMENT_3D ( 'NONE', #83, #2389, #833 ) ;
#1396 = PRODUCT_RELATED_PRODUCT_CATEGORY ( 'part', '', ( #1976 ) ) ;
#1397 = LINE ( 'NONE', #635, #967 ) ;
#1398 = CARTESIAN_POINT ( 'NONE',  ( 0.000000000000000000, 0.000000000000000000, 12.00000000000000000 ) ) ;
#1399 = VERTEX_POINT ( 'NONE', #603 ) ;
#1400 = ADVANCED_FACE ( 'NONE', ( #958 ), #2307, .F. ) ;
#1401 = VECTOR ( 'NONE', #676, 1000.000000000000000 ) ;
#1402 = AXIS2_PLACEMENT_3D ( 'NONE', #1925, #259, #414 ) ;
#1403 = FACE_BOUND ( 'NONE', #439, .T. ) ;
#1404 = CARTESIAN_POINT ( 'NONE',  ( -2.000000000000000000, 21.21320343559600019, 4.000000000000000000 ) ) ;
#1405 = EDGE_LOOP ( 'NONE', ( #935, #2305, #1149, #1569 ) ) ;
#1406 = AXIS2_PLACEMENT_3D ( 'NONE', #1398, #466, #661 ) ;
#1407 = DIRECTION ( 'NONE',  ( 1.000000000000000000, 0.000000000000000000, 0.000000000000000000 ) ) ;
#1408 = ORIENTED_EDGE ( 'NONE', *, *, #2031, .T. ) ;
#1409 = DIRECTION ( 'NONE',  ( 0.000000000000000000, 0.000000000000000000, 1.000000000000000000 ) ) ;
#1410 = CIRCLE ( 'NONE', #1329, 1.500000000000000000 ) ;
#1411 =( LENGTH_UNIT ( ) NAMED_UNIT ( * ) SI_UNIT ( .MILLI., .METRE. ) );
#1412 = VECTOR ( 'NONE', #1318, 1000.000000000000000 ) ;
#1413 = DIRECTION ( 'NONE',  ( 0.000000000000000000, 0.000000000000000000, -1.000000000000000000 ) ) ;
#1414 = ORIENTED_EDGE ( 'NONE', *, *, #691, .T. ) ;
#1415 = FACE_BOUND ( 'NONE', #1485, .T. ) ;
#1416 = EDGE_CURVE ( 'NONE', #824, #1856, #629, .T. ) ;
#1417 = CARTESIAN_POINT ( 'NONE',  ( -23.50000000000000000, 2.877919977996280320E-15, 12.00000000000000000 ) ) ;
#1418 = VERTEX_POINT ( 'NONE', #1918 ) ;
#1419 = AXIS2_PLACEMENT_3D ( 'NONE', #1285, #2054, #2069 ) ;
#1420 = CARTESIAN_POINT ( 'NONE',  ( -21.21320343559000321, -2.000000000000000000, 4.000000000000000000 ) ) ;
#1421 = ORIENTED_EDGE ( 'NONE', *, *, #1899, .T. ) ;
#1422 = DIRECTION ( 'NONE',  ( 1.000000000000000000, 0.000000000000000000, 0.000000000000000000 ) ) ;
#1423 = AXIS2_PLACEMENT_3D ( 'NONE', #1246, #283, #2000 ) ;
#1424 = CARTESIAN_POINT ( 'NONE',  ( -5.303300858898999159, 5.303300858898999159, 0.000000000000000000 ) ) ;
#1425 = LINE ( 'NONE', #2205, #1172 ) ;
#1426 = ORIENTED_EDGE ( 'NONE', *, *, #2265, .F. ) ;
#1427 = CARTESIAN_POINT ( 'NONE',  ( 28.00000000000000000, 0.000000000000000000, 16.00000000000000000 ) ) ;
#1428 = FACE_OUTER_BOUND ( 'NONE', #116, .T. ) ;
#1429 = ORIENTED_EDGE ( 'NONE', *, *, #544, .F. ) ;
#1430 = CIRCLE ( 'NONE', #87, 1.700000000000000178 ) ;
#1431 = EDGE_CURVE ( 'NONE', #946, #356, #1941, .T. ) ;
#1432 = CARTESIAN_POINT ( 'NONE',  ( -21.21320343559000321, -3.500000000000000000, 12.00000000000000000 ) ) ;
#1433 = ORIENTED_EDGE ( 'NONE', *, *, #1049, .F. ) ;
#1434 = FACE_OUTER_BOUND ( 'NONE', #1343, .T. ) ;
#1435 = DIRECTION ( 'NONE',  ( 0.000000000000000000, 0.000000000000000000, 1.000000000000000000 ) ) ;
#1436 = CARTESIAN_POINT ( 'NONE',  ( 5.303300858898999159, 5.303300858898999159, -1.000000000000000000 ) ) ;
#1437 = DIRECTION ( 'NONE',  ( 0.000000000000000000, 0.000000000000000000, 1.000000000000000000 ) ) ;
#1438 = VECTOR ( 'NONE', #2133, 1000.000000000000000 ) ;
#1439 = DIRECTION ( 'NONE',  ( 1.000000000000000000, 0.000000000000000000, 0.000000000000000000 ) ) ;
#1440 = ORIENTED_EDGE ( 'NONE', *, *, #2086, .T. ) ;
#1441 = CARTESIAN_POINT ( 'NONE',  ( 23.50000000000000000, 0.000000000000000000, 12.00000000000000000 ) ) ;
#1442 = ORIENTED_EDGE ( 'NONE', *, *, #36, .F. ) ;
#1443 = AXIS2_PLACEMENT_3D ( 'NONE', #1865, #1492, #925 ) ;
#1444 = AXIS2_PLACEMENT_3D ( 'NONE', #1376, #979, #576 ) ;
#1445 = CARTESIAN_POINT ( 'NONE',  ( -26.50000000000000000, 0.000000000000000000, -1.000000000000000000 ) ) ;
#1446 = EDGE_LOOP ( 'NONE', ( #376, #328 ) ) ;
#1447 = CARTESIAN_POINT ( 'NONE',  ( -20.43832970144000072, 18.73832970144400178, 16.00000000000000000 ) ) ;
#1448 = EDGE_CURVE ( 'NONE', #1007, #827, #2119, .T. ) ;
#1449 = CARTESIAN_POINT ( 'NONE',  ( 3.744186046512000043, -22.69319437296000075, 4.000000000000000000 ) ) ;
#1450 = DIRECTION ( 'NONE',  ( 0.9866606249115165150, -0.1627906976740855216, 0.000000000000000000 ) ) ;
#1451 = AXIS2_PLACEMENT_3D ( 'NONE', #1045, #1805, #110 ) ;
#1452 = DIRECTION ( 'NONE',  ( 1.000000000000000000, 0.000000000000000000, 0.000000000000000000 ) ) ;
#1453 = ORIENTED_EDGE ( 'NONE', *, *, #1264, .T. ) ;
#1454 = ADVANCED_FACE ( 'NONE', ( #641 ), #1379, .F. ) ;
#1455 = LINE ( 'NONE', #457, #1401 ) ;
#1456 = EDGE_CURVE ( 'NONE', #291, #249, #418, .T. ) ;
#1457 = ORIENTED_EDGE ( 'NONE', *, *, #1147, .F. ) ;
#1458 = CARTESIAN_POINT ( 'NONE',  ( -5.303300858898999159, 5.303300858898999159, 16.00000000000000000 ) ) ;
#1459 = ORIENTED_EDGE ( 'NONE', *, *, #1084, .F. ) ;
#1460 = VECTOR ( 'NONE', #984, 1000.000000000000000 ) ;
#1461 = CARTESIAN_POINT ( 'NONE',  ( 2.000000000000000000, 21.21320343559600019, 12.00000000000000000 ) ) ;
#1462 = DIRECTION ( 'NONE',  ( 0.000000000000000000, 0.000000000000000000, 1.000000000000000000 ) ) ;
#1463 = CARTESIAN_POINT ( 'NONE',  ( 10.50000000000000000, 0.000000000000000000, 11.00000000000000000 ) ) ;
#1464 = LINE ( 'NONE', #310, #2191 ) ;
#1465 = EDGE_CURVE ( 'NONE', #474, #2253, #1232, .T. ) ;
#1466 = VECTOR ( 'NONE', #889, 1000.000000000000000 ) ;
#1467 = CARTESIAN_POINT ( 'NONE',  ( 5.303300858898999159, -5.303300858898999159, 0.000000000000000000 ) ) ;
#1468 = ORIENTED_EDGE ( 'NONE', *, *, #1819, .F. ) ;
#1469 = CARTESIAN_POINT ( 'NONE',  ( -12.00000000000000000, 2.000000000000000000, 12.00000000000000000 ) ) ;
#1470 = ORIENTED_EDGE ( 'NONE', *, *, #756, .F. ) ;
#1471 = CARTESIAN_POINT ( 'NONE',  ( 3.079999999999999627, 10.56000000000000050, 4.000000000000000000 ) ) ;
#1472 = VERTEX_POINT ( 'NONE', #1767 ) ;
#1473 = AXIS2_PLACEMENT_3D ( 'NONE', #2230, #525, #1853 ) ;
#1474 = DIRECTION ( 'NONE',  ( 0.000000000000000000, 0.000000000000000000, 1.000000000000000000 ) ) ;
#1475 = PLANE ( 'NONE',  #1443 ) ;
#1476 = DIRECTION ( 'NONE',  ( 1.000000000000000000, 0.000000000000000000, 0.000000000000000000 ) ) ;
#1477 = CARTESIAN_POINT ( 'NONE',  ( 10.56000000000000050, -3.079999999999999627, 12.00000000000000000 ) ) ;
#1478 = DIRECTION ( 'NONE',  ( 0.000000000000000000, 0.000000000000000000, -1.000000000000000000 ) ) ;
#1479 = ORIENTED_EDGE ( 'NONE', *, *, #1587, .T. ) ;
#1480 = AXIS2_PLACEMENT_3D ( 'NONE', #1391, #433, #1568 ) ;
#1481 = DIRECTION ( 'NONE',  ( 0.000000000000000000, 0.000000000000000000, 1.000000000000000000 ) ) ;
#1482 = EDGE_LOOP ( 'NONE', ( #1635, #1470, #1825, #1468, #557, #834, #472, #1015 ) ) ;
#1483 = EDGE_CURVE ( 'NONE', #520, #368, #1277, .T. ) ;
#1484 = FACE_BOUND ( 'NONE', #1126, .T. ) ;
#1485 = EDGE_LOOP ( 'NONE', ( #1355, #738 ) ) ;
#1486 = CIRCLE ( 'NONE', #2090, 1.700000000000000178 ) ;
#1487 = AXIS2_PLACEMENT_3D ( 'NONE', #1759, #1973, #270 ) ;
#1488 = DIRECTION ( 'NONE',  ( 1.000000000000000000, 0.000000000000000000, 0.000000000000000000 ) ) ;
#1489 = FACE_BOUND ( 'NONE', #1897, .T. ) ;
#1490 = AXIS2_PLACEMENT_3D ( 'NONE', #720, #877, #515 ) ;
#1491 = DIRECTION ( 'NONE',  ( 1.000000000000000000, 0.000000000000000000, 0.000000000000000000 ) ) ;
#1492 = DIRECTION ( 'NONE',  ( 0.000000000000000000, 0.000000000000000000, 1.000000000000000000 ) ) ;
#1493 = CARTESIAN_POINT ( 'NONE',  ( 3.500000000000000000, -21.21320343559000321, 12.00000000000000000 ) ) ;
#1494 = ORIENTED_EDGE ( 'NONE', *, *, #455, .F. ) ;
#1495 = DIRECTION ( 'NONE',  ( 0.000000000000000000, 0.000000000000000000, 1.000000000000000000 ) ) ;
#1496 = VERTEX_POINT ( 'NONE', #2120 ) ;
#1497 = VECTOR ( 'NONE', #1175, 1000.000000000000000 ) ;
#1498 = ADVANCED_FACE ( 'NONE', ( #777 ), #1173, .F. ) ;
#1499 = DIRECTION ( 'NONE',  ( 1.000000000000000000, 0.000000000000000000, 0.000000000000000000 ) ) ;
#1500 = EDGE_LOOP ( 'NONE', ( #1669, #123, #1768, #543, #2108, #442, #2327, #1252 ) ) ;
#1501 = FACE_OUTER_BOUND ( 'NONE', #1906, .T. ) ;
#1502 = DIRECTION ( 'NONE',  ( 0.000000000000000000, 0.000000000000000000, 1.000000000000000000 ) ) ;
#1503 = CARTESIAN_POINT ( 'NONE',  ( 18.73832970144400178, 18.73832970144400178, 0.000000000000000000 ) ) ;
#1504 = ORIENTED_EDGE ( 'NONE', *, *, #2391, .T. ) ;
#1505 = CARTESIAN_POINT ( 'NONE',  ( 0.000000000000000000, 0.000000000000000000, -2.000000000000000000 ) ) ;
#1506 = EDGE_LOOP ( 'NONE', ( #2315, #358, #587, #2429 ) ) ;
#1507 = ADVANCED_FACE ( 'NONE', ( #992 ), #220, .F. ) ;
#1508 = DIRECTION ( 'NONE',  ( 0.000000000000000000, 0.000000000000000000, 1.000000000000000000 ) ) ;
#1509 = ORIENTED_EDGE ( 'NONE', *, *, #2095, .T. ) ;
#1510 = CARTESIAN_POINT ( 'NONE',  ( 0.000000000000000000, 0.000000000000000000, 0.000000000000000000 ) ) ;
#1511 = EDGE_CURVE ( 'NONE', #1648, #1658, #214, .T. ) ;
#1512 = LINE ( 'NONE', #1873, #1816 ) ;
#1513 = EDGE_CURVE ( 'NONE', #2414, #1496, #1557, .T. ) ;
#1514 = AXIS2_PLACEMENT_3D ( 'NONE', #1964, #640, #2243 ) ;
#1515 = CARTESIAN_POINT ( 'NONE',  ( -5.303300858898999159, 5.303300858898999159, 16.00000000000000000 ) ) ;
#1516 = DIRECTION ( 'NONE',  ( 1.000000000000000000, 0.000000000000000000, 0.000000000000000000 ) ) ;
#1517 = ORIENTED_EDGE ( 'NONE', *, *, #29, .T. ) ;
#1518 = CARTESIAN_POINT ( 'NONE',  ( 0.000000000000000000, 0.000000000000000000, 12.00000000000000000 ) ) ;
#1519 = VERTEX_POINT ( 'NONE', #879 ) ;
#1520 = AXIS2_PLACEMENT_3D ( 'NONE', #820, #2110, #1720 ) ;
#1521 = CARTESIAN_POINT ( 'NONE',  ( 0.000000000000000000, 0.000000000000000000, -2.000000000000000000 ) ) ;
#1522 = EDGE_LOOP ( 'NONE', ( #1303, #943, #1533, #462 ) ) ;
#1523 = FACE_OUTER_BOUND ( 'NONE', #1749, .T. ) ;
#1524 = LINE ( 'NONE', #212, #1740 ) ;
#1525 = VECTOR ( 'NONE', #56, 1000.000000000000000 ) ;
#1526 = AXIS2_PLACEMENT_3D ( 'NONE', #1075, #307, #2176 ) ;
#1527 = EDGE_CURVE ( 'NONE', #2223, #2145, #1029, .T. ) ;
#1528 = CARTESIAN_POINT ( 'NONE',  ( -3.500000000000000000, -21.21320343559000321, 12.00000000000000000 ) ) ;
#1529 = AXIS2_PLACEMENT_3D ( 'NONE', #638, #1233, #842 ) ;
#1530 = VERTEX_POINT ( 'NONE', #1777 ) ;
#1531 = EDGE_CURVE ( 'NONE', #540, #690, #2019, .T. ) ;
#1532 = DIRECTION ( 'NONE',  ( 0.000000000000000000, -1.000000000000000000, 0.000000000000000000 ) ) ;
#1533 = ORIENTED_EDGE ( 'NONE', *, *, #470, .T. ) ;
#1534 = EDGE_CURVE ( 'NONE', #653, #356, #287, .T. ) ;
#1535 = EDGE_CURVE ( 'NONE', #1161, #824, #2379, .T. ) ;
#1536 = AXIS2_PLACEMENT_3D ( 'NONE', #2444, #909, #1306 ) ;
#1537 = CARTESIAN_POINT ( 'NONE',  ( 0.000000000000000000, 7.500000000000000000, -1.000000000000000000 ) ) ;
#1538 = EDGE_LOOP ( 'NONE', ( #1504, #646, #1200, #2400 ) ) ;
#1539 = DIRECTION ( 'NONE',  ( 1.000000000000000000, 0.000000000000000000, 0.000000000000000000 ) ) ;
#1540 = DIRECTION ( 'NONE',  ( 0.000000000000000000, 0.000000000000000000, 1.000000000000000000 ) ) ;
#1541 = CARTESIAN_POINT ( 'NONE',  ( -2.000000000000000000, -21.21320343559000321, 4.000000000000000000 ) ) ;
#1542 = ORIENTED_EDGE ( 'NONE', *, *, #760, .T. ) ;
#1543 = EDGE_CURVE ( 'NONE', #257, #197, #530, .T. ) ;
#1544 = VECTOR ( 'NONE', #1970, 1000.000000000000000 ) ;
#1545 = DIRECTION ( 'NONE',  ( 0.000000000000000000, -1.000000000000000000, 0.000000000000000000 ) ) ;
#1546 = ORIENTED_EDGE ( 'NONE', *, *, #341, .T. ) ;
#1547 = DIRECTION ( 'NONE',  ( 1.000000000000000000, 0.000000000000000000, 0.000000000000000000 ) ) ;
#1548 = ORIENTED_EDGE ( 'NONE', *, *, #117, .F. ) ;
#1549 = DIRECTION ( 'NONE',  ( 1.000000000000000000, 0.000000000000000000, 0.000000000000000000 ) ) ;
#1550 = CARTESIAN_POINT ( 'NONE',  ( -23.50000000000000000, 2.877919977996280320E-15, 0.000000000000000000 ) ) ;
#1551 = CARTESIAN_POINT ( 'NONE',  ( -3.500000000000000000, -12.00000000000000000, 4.000000000000000000 ) ) ;
#1552 = ORIENTED_EDGE ( 'NONE', *, *, #1008, .T. ) ;
#1553 = CIRCLE ( 'NONE', #1389, 1.700000000000000178 ) ;
#1554 = DIRECTION ( 'NONE',  ( 1.000000000000000000, 0.000000000000000000, 0.000000000000000000 ) ) ;
#1555 = VERTEX_POINT ( 'NONE', #1643 ) ;
#1556 = EDGE_CURVE ( 'NONE', #1266, #206, #1993, .T. ) ;
#1557 = LINE ( 'NONE', #2318, #1880 ) ;
#1558 = ORIENTED_EDGE ( 'NONE', *, *, #1383, .T. ) ;
#1559 = CARTESIAN_POINT ( 'NONE',  ( 5.303300858898999159, 5.303300858898999159, 16.00000000000000000 ) ) ;
#1560 = AXIS2_PLACEMENT_3D ( 'NONE', #1537, #591, #1342 ) ;
#1561 = DIRECTION ( 'NONE',  ( 1.000000000000000000, 0.000000000000000000, 0.000000000000000000 ) ) ;
#1562 = EDGE_LOOP ( 'NONE', ( #184, #2075, #1957, #1494 ) ) ;
#1563 = DIRECTION ( 'NONE',  ( 1.000000000000000000, 0.000000000000000000, 0.000000000000000000 ) ) ;
#1564 = EDGE_LOOP ( 'NONE', ( #592, #1578, #2116, #1181 ) ) ;
#1565 = AXIS2_PLACEMENT_3D ( 'NONE', #189, #1108, #941 ) ;
#1566 = DIRECTION ( 'NONE',  ( 0.000000000000000000, 0.000000000000000000, 1.000000000000000000 ) ) ;
#1567 = EDGE_LOOP ( 'NONE', ( #1608, #409, #1916, #2451 ) ) ;
#1568 = DIRECTION ( 'NONE',  ( 1.000000000000000000, 0.000000000000000000, 0.000000000000000000 ) ) ;
#1569 = ORIENTED_EDGE ( 'NONE', *, *, #1267, .T. ) ;
#1570 = EDGE_CURVE ( 'NONE', #650, #1325, #2241, .T. ) ;
#1571 = VECTOR ( 'NONE', #1407, 1000.000000000000000 ) ;
#1572 = AXIS2_PLACEMENT_3D ( 'NONE', #1141, #199, #39 ) ;
#1573 = CARTESIAN_POINT ( 'NONE',  ( 20.43832970144400107, -18.73832970144000143, -1.000000000000000000 ) ) ;
#1574 = EDGE_LOOP ( 'NONE', ( #2262, #1952, #303, #8 ) ) ;
#1575 = FACE_OUTER_BOUND ( 'NONE', #1673, .T. ) ;
#1576 = EDGE_LOOP ( 'NONE', ( #1414, #1042, #2226, #1701 ) ) ;
#1577 = CARTESIAN_POINT ( 'NONE',  ( -3.744186046512000043, -22.69319437296000075, 12.00000000000000000 ) ) ;
#1578 = ORIENTED_EDGE ( 'NONE', *, *, #1611, .T. ) ;
#1579 = PLANE ( 'NONE',  #1750 ) ;
#1580 = FACE_BOUND ( 'NONE', #2426, .T. ) ;
#1581 = ORIENTED_EDGE ( 'NONE', *, *, #401, .T. ) ;
#1582 = ADVANCED_FACE ( 'NONE', ( #129 ), #1017, .F. ) ;
#1583 = DIRECTION ( 'NONE',  ( 0.000000000000000000, 0.000000000000000000, 1.000000000000000000 ) ) ;
#1584 = EDGE_CURVE ( 'NONE', #1658, #1555, #698, .T. ) ;
#1585 = VERTEX_POINT ( 'NONE', #95 ) ;
#1586 = CYLINDRICAL_SURFACE ( 'NONE', #1204, 1.500000000000000000 ) ;
#1587 = EDGE_CURVE ( 'NONE', #930, #2313, #1455, .T. ) ;
#1588 = ORIENTED_EDGE ( 'NONE', *, *, #1592, .F. ) ;
#1589 = AXIS2_PLACEMENT_3D ( 'NONE', #928, #1641, #1262 ) ;
#1590 = CARTESIAN_POINT ( 'NONE',  ( 1.500000000000000000, 7.500000000000000000, 0.000000000000000000 ) ) ;
#1591 = ORIENTED_EDGE ( 'NONE', *, *, #1699, .F. ) ;
#1592 = EDGE_CURVE ( 'NONE', #96, #170, #471, .T. ) ;
#1593 = FACE_BOUND ( 'NONE', #1500, .T. ) ;
#1594 = DIRECTION ( 'NONE',  ( 0.000000000000000000, 0.000000000000000000, 1.000000000000000000 ) ) ;
#1595 = ORIENTED_EDGE ( 'NONE', *, *, #1584, .T. ) ;
#1596 = CARTESIAN_POINT ( 'NONE',  ( -1.500000000000000000, 7.500000000000000000, 16.00000000000000000 ) ) ;
#1597 = ORIENTED_EDGE ( 'NONE', *, *, #828, .F. ) ;
#1598 = VECTOR ( 'NONE', #276, 1000.000000000000000 ) ;
#1599 = DIRECTION ( 'NONE',  ( 0.000000000000000000, 0.000000000000000000, 1.000000000000000000 ) ) ;
#1600 = PRESENTATION_STYLE_ASSIGNMENT (( #1025 ) ) ;
#1601 = ADVANCED_FACE ( 'NONE', ( #1428 ), #1607, .T. ) ;
#1602 = CARTESIAN_POINT ( 'NONE',  ( 21.21320343559600019, 3.500000000000000000, 4.000000000000000000 ) ) ;
#1603 = VERTEX_POINT ( 'NONE', #652 ) ;
#1604 = CIRCLE ( 'NONE', #847, 10.50000000000000000 ) ;
#1605 = AXIS2_PLACEMENT_3D ( 'NONE', #1515, #1131, #2279 ) ;
#1606 = DIRECTION ( 'NONE',  ( 0.000000000000000000, 0.000000000000000000, 1.000000000000000000 ) ) ;
#1607 = PLANE ( 'NONE',  #927 ) ;
#1608 = ORIENTED_EDGE ( 'NONE', *, *, #571, .F. ) ;
#1609 = CIRCLE ( 'NONE', #104, 1.250000000000000222 ) ;
#1610 = ADVANCED_FACE ( 'NONE', ( #2195 ), #2209, .T. ) ;
#1611 = EDGE_CURVE ( 'NONE', #2023, #1871, #1236, .T. ) ;
#1612 = DIRECTION ( 'NONE',  ( 0.000000000000000000, -1.000000000000000000, 0.000000000000000000 ) ) ;
#1613 = ORIENTED_EDGE ( 'NONE', *, *, #1769, .T. ) ;
#1614 = DIRECTION ( 'NONE',  ( 0.000000000000000000, 0.000000000000000000, 1.000000000000000000 ) ) ;
#1615 = CARTESIAN_POINT ( 'NONE',  ( -12.00000000000000000, 3.500000000000000000, 4.000000000000000000 ) ) ;
#1616 = COLOUR_RGB ( '',0.7921568627450980005, 0.8196078431372548767, 0.9333333333333333481 ) ;
#1617 = CARTESIAN_POINT ( 'NONE',  ( -10.56000000000000050, -3.079999999999999627, 12.00000000000000000 ) ) ;
#1618 = VERTEX_POINT ( 'NONE', #2184 ) ;
#1619 = ADVANCED_FACE ( 'NONE', ( #481 ), #1226, .F. ) ;
#1620 = FACE_OUTER_BOUND ( 'NONE', #43, .T. ) ;
#1621 = DIRECTION ( 'NONE',  ( 0.000000000000000000, 0.000000000000000000, 1.000000000000000000 ) ) ;
#1622 = EDGE_LOOP ( 'NONE', ( #1360, #1628 ) ) ;
#1623 = CARTESIAN_POINT ( 'NONE',  ( 1.500000000000000000, 7.500000000000000000, 16.00000000000000000 ) ) ;
#1624 = ORIENTED_EDGE ( 'NONE', *, *, #761, .F. ) ;
#1625 = CARTESIAN_POINT ( 'NONE',  ( 6.553300858898999159, -5.303300858898999159, 16.00000000000000000 ) ) ;
#1626 = FACE_OUTER_BOUND ( 'NONE', #1707, .T. ) ;
#1627 = DIRECTION ( 'NONE',  ( 0.000000000000000000, 0.000000000000000000, 1.000000000000000000 ) ) ;
#1628 = ORIENTED_EDGE ( 'NONE', *, *, #2367, .F. ) ;
#1629 = FACE_BOUND ( 'NONE', #2221, .T. ) ;
#1630 = DIRECTION ( 'NONE',  ( 0.000000000000000000, 0.000000000000000000, 1.000000000000000000 ) ) ;
#1631 = ORIENTED_EDGE ( 'NONE', *, *, #2109, .T. ) ;
#1632 = CIRCLE ( 'NONE', #601, 1.250000000000000222 ) ;
#1633 = EDGE_CURVE ( 'NONE', #699, #1856, #108, .T. ) ;
#1634 = CARTESIAN_POINT ( 'NONE',  ( -12.00000000000000000, -2.000000000000000000, 12.00000000000000000 ) ) ;
#1635 = ORIENTED_EDGE ( 'NONE', *, *, #160, .T. ) ;
#1636 = DIRECTION ( 'NONE',  ( 1.000000000000000000, 0.000000000000000000, 0.000000000000000000 ) ) ;
#1637 = DIRECTION ( 'NONE',  ( 0.000000000000000000, 0.000000000000000000, 1.000000000000000000 ) ) ;
#1638 = FACE_OUTER_BOUND ( 'NONE', #3, .T. ) ;
#1639 = DIRECTION ( 'NONE',  ( 0.000000000000000000, 0.000000000000000000, 1.000000000000000000 ) ) ;
#1640 = EDGE_CURVE ( 'NONE', #2066, #1242, #302, .T. ) ;
#1641 = DIRECTION ( 'NONE',  ( 0.000000000000000000, 0.000000000000000000, 1.000000000000000000 ) ) ;
#1642 = VERTEX_POINT ( 'NONE', #1708 ) ;
#1643 = CARTESIAN_POINT ( 'NONE',  ( -4.053300858898999159, -5.303300858898999159, 16.00000000000000000 ) ) ;
#1644 = ORIENTED_EDGE ( 'NONE', *, *, #2446, .T. ) ;
#1645 = AXIS2_PLACEMENT_3D ( 'NONE', #803, #2336, #1563 ) ;
#1646 = AXIS2_PLACEMENT_3D ( 'NONE', #46, #1327, #1554 ) ;
#1647 = DIRECTION ( 'NONE',  ( 1.000000000000000000, 0.000000000000000000, 0.000000000000000000 ) ) ;
#1648 = VERTEX_POINT ( 'NONE', #180 ) ;
#1649 = ADVANCED_FACE ( 'NONE', ( #712 ), #1893, .F. ) ;
#1650 = CARTESIAN_POINT ( 'NONE',  ( -4.053300858898999159, 5.303300858898999159, 16.00000000000000000 ) ) ;
#1651 = PLANE ( 'NONE',  #816 ) ;
#1652 = ORIENTED_EDGE ( 'NONE', *, *, #2057, .T. ) ;
#1653 = DIRECTION ( 'NONE',  ( 0.000000000000000000, 0.000000000000000000, 1.000000000000000000 ) ) ;
#1654 = DIRECTION ( 'NONE',  ( 0.000000000000000000, 0.000000000000000000, 1.000000000000000000 ) ) ;
#1655 = CIRCLE ( 'NONE', #70, 1.250000000000000222 ) ;
#1656 = ORIENTED_EDGE ( 'NONE', *, *, #1611, .F. ) ;
#1657 = CARTESIAN_POINT ( 'NONE',  ( 18.73832970144400178, 18.73832970144400178, -1.000000000000000000 ) ) ;
#1658 = VERTEX_POINT ( 'NONE', #1125 ) ;
#1659 = FACE_BOUND ( 'NONE', #2196, .T. ) ;
#1660 = ORIENTED_EDGE ( 'NONE', *, *, #2317, .F. ) ;
#1661 = EDGE_CURVE ( 'NONE', #2152, #368, #1293, .T. ) ;
#1662 = AXIS2_PLACEMENT_3D ( 'NONE', #2227, #1231, #682 ) ;
#1663 = LINE ( 'NONE', #100, #157 ) ;
#1664 = DIRECTION ( 'NONE',  ( 0.000000000000000000, 0.000000000000000000, 1.000000000000000000 ) ) ;
#1665 =( LENGTH_UNIT ( ) NAMED_UNIT ( * ) SI_UNIT ( .MILLI., .METRE. ) );
#1666 = EDGE_CURVE ( 'NONE', #2145, #1871, #1762, .T. ) ;
#1667 = CIRCLE ( 'NONE', #2303, 1.250000000000000222 ) ;
#1668 = CARTESIAN_POINT ( 'NONE',  ( -22.69319437296000075, -3.744186046512000043, 12.00000000000000000 ) ) ;
#1669 = ORIENTED_EDGE ( 'NONE', *, *, #1243, .F. ) ;
#1670 = DIRECTION ( 'NONE',  ( 1.000000000000000000, 0.000000000000000000, 0.000000000000000000 ) ) ;
#1671 = EDGE_LOOP ( 'NONE', ( #383, #1959, #1733, #1685 ) ) ;
#1672 = DIRECTION ( 'NONE',  ( 1.000000000000000000, 0.000000000000000000, 0.000000000000000000 ) ) ;
#1673 = EDGE_LOOP ( 'NONE', ( #2390, #1996, #49, #1377 ) ) ;
#1674 = PRODUCT_DEFINITION_FORMATION_WITH_SPECIFIED_SOURCE ( 'ANY', '', #1976, .NOT_KNOWN. ) ;
#1675 = DIRECTION ( 'NONE',  ( 1.000000000000000000, 0.000000000000000000, 0.000000000000000000 ) ) ;
#1676 = CARTESIAN_POINT ( 'NONE',  ( 0.000000000000000000, 0.000000000000000000, 4.000000000000000000 ) ) ;
#1677 = CARTESIAN_POINT ( 'NONE',  ( -10.50000000000000000, 1.285879139104720831E-15, -1.000000000000000000 ) ) ;
#1678 = DIRECTION ( 'NONE',  ( 1.000000000000000000, 0.000000000000000000, 0.000000000000000000 ) ) ;
#1679 = EDGE_LOOP ( 'NONE', ( #990, #764 ) ) ;
#1680 = ADVANCED_FACE ( 'NONE', ( #931 ), #749, .T. ) ;
#1681 = AXIS2_PLACEMENT_3D ( 'NONE', #11, #369, #1857 ) ;
#1682 = LINE ( 'NONE', #1111, #773 ) ;
#1683 = ORIENTED_EDGE ( 'NONE', *, *, #2359, .F. ) ;
#1684 = FACE_BOUND ( 'NONE', #1144, .T. ) ;
#1685 = ORIENTED_EDGE ( 'NONE', *, *, #838, .T. ) ;
#1686 = CIRCLE ( 'NONE', #1238, 1.500000000000001332 ) ;
#1687 = AXIS2_PLACEMENT_3D ( 'NONE', #1729, #2107, #1190 ) ;
#1688 = CIRCLE ( 'NONE', #1645, 30.00000000000000000 ) ;
#1689 = LINE ( 'NONE', #2091, #1902 ) ;
#1690 = DIRECTION ( 'NONE',  ( 0.000000000000000000, 0.000000000000000000, 1.000000000000000000 ) ) ;
#1691 = CARTESIAN_POINT ( 'NONE',  ( 26.50000000000000000, 0.000000000000000000, 0.000000000000000000 ) ) ;
#1692 = ORIENTED_EDGE ( 'NONE', *, *, #2109, .F. ) ;
#1693 = ADVANCED_FACE ( 'NONE', ( #1136 ), #2046, .F. ) ;
#1694 = AXIS2_PLACEMENT_3D ( 'NONE', #1817, #318, #2188 ) ;
#1695 = EDGE_CURVE ( 'NONE', #1375, #1909, #2416, .T. ) ;
#1696 = DIRECTION ( 'NONE',  ( 0.000000000000000000, 0.000000000000000000, 1.000000000000000000 ) ) ;
#1697 = CIRCLE ( 'NONE', #626, 1.500000000000000000 ) ;
#1698 = ORIENTED_EDGE ( 'NONE', *, *, #213, .T. ) ;
#1699 = EDGE_CURVE ( 'NONE', #55, #1086, #2126, .T. ) ;
#1700 = CARTESIAN_POINT ( 'NONE',  ( 0.000000000000000000, 0.000000000000000000, 12.00000000000000000 ) ) ;
#1701 = ORIENTED_EDGE ( 'NONE', *, *, #2232, .F. ) ;
#1702 = CARTESIAN_POINT ( 'NONE',  ( -21.21320343559000321, -2.000000000000000000, 12.00000000000000000 ) ) ;
#1703 = CARTESIAN_POINT ( 'NONE',  ( 17.03832970144400250, 18.73832970144400178, 16.00000000000000000 ) ) ;
#1704 = VECTOR ( 'NONE', #1636, 1000.000000000000000 ) ;
#1705 = CARTESIAN_POINT ( 'NONE',  ( -18.73832970144000143, 18.73832970144400178, 0.000000000000000000 ) ) ;
#1706 = CARTESIAN_POINT ( 'NONE',  ( 23.50000000000000000, 0.000000000000000000, 12.00000000000000000 ) ) ;
#1707 = EDGE_LOOP ( 'NONE', ( #563, #2445, #919, #1882 ) ) ;
#1708 = CARTESIAN_POINT ( 'NONE',  ( 3.744186046512000043, 22.69319437296400110, 12.00000000000000000 ) ) ;
#1709 = ORIENTED_EDGE ( 'NONE', *, *, #1456, .T. ) ;
#1710 = CARTESIAN_POINT ( 'NONE',  ( 21.21320343559600019, -2.000000000000000000, 12.00000000000000000 ) ) ;
#1711 = VERTEX_POINT ( 'NONE', #517 ) ;
#1712 = LINE ( 'NONE', #1273, #1101 ) ;
#1713 = ADVANCED_FACE ( 'NONE', ( #378 ), #763, .F. ) ;
#1714 = CARTESIAN_POINT ( 'NONE',  ( -28.00000000000000000, 1.836970198721028208E-16, 0.000000000000000000 ) ) ;
#1715 = DIRECTION ( 'NONE',  ( 0.000000000000000000, 0.000000000000000000, 1.000000000000000000 ) ) ;
#1716 = ORIENTED_EDGE ( 'NONE', *, *, #1950, .F. ) ;
#1717 = EDGE_CURVE ( 'NONE', #2131, #906, #1486, .T. ) ;
#1718 = DIRECTION ( 'NONE',  ( 1.000000000000000000, 0.000000000000000000, 0.000000000000000000 ) ) ;
#1719 = ORIENTED_EDGE ( 'NONE', *, *, #1584, .F. ) ;
#1720 = DIRECTION ( 'NONE',  ( 1.000000000000000000, 0.000000000000000000, 0.000000000000000000 ) ) ;
#1721 = ORIENTED_EDGE ( 'NONE', *, *, #1534, .T. ) ;
#1722 = DIRECTION ( 'NONE',  ( 0.000000000000000000, 0.000000000000000000, 1.000000000000000000 ) ) ;
#1723 = CARTESIAN_POINT ( 'NONE',  ( 18.73832970144400178, 18.73832970144400178, -1.000000000000000000 ) ) ;
#1724 = EDGE_CURVE ( 'NONE', #1948, #520, #1098, .T. ) ;
#1725 = VECTOR ( 'NONE', #893, 1000.000000000000000 ) ;
#1726 = CYLINDRICAL_SURFACE ( 'NONE', #380, 1.700000000000000178 ) ;
#1727 = CIRCLE ( 'NONE', #1047, 1.500000000000000000 ) ;
#1728 = VERTEX_POINT ( 'NONE', #1855 ) ;
#1729 = CARTESIAN_POINT ( 'NONE',  ( 0.000000000000000000, 0.000000000000000000, -1.000000000000000000 ) ) ;
#1730 = EDGE_LOOP ( 'NONE', ( #2142, #1269 ) ) ;
#1731 = AXIS2_PLACEMENT_3D ( 'NONE', #882, #2009, #1792 ) ;
#1732 = CARTESIAN_POINT ( 'NONE',  ( 12.00000000000000000, 2.000000000000000000, 12.00000000000000000 ) ) ;
#1733 = ORIENTED_EDGE ( 'NONE', *, *, #748, .T. ) ;
#1734 = DIRECTION ( 'NONE',  ( 0.000000000000000000, 0.000000000000000000, 1.000000000000000000 ) ) ;
#1735 =( GEOMETRIC_REPRESENTATION_CONTEXT ( 3 ) GLOBAL_UNCERTAINTY_ASSIGNED_CONTEXT ( ( #1068 ) ) GLOBAL_UNIT_ASSIGNED_CONTEXT ( ( #1411, #2178, #862 ) ) REPRESENTATION_CONTEXT ( 'NONE', 'WORKASPACE' ) );
#1736 = CARTESIAN_POINT ( 'NONE',  ( -6.553300858898999159, 5.303300858898999159, -1.000000000000000000 ) ) ;
#1737 = DIRECTION ( 'NONE',  ( 1.000000000000000000, 0.000000000000000000, 0.000000000000000000 ) ) ;
#1738 = EDGE_LOOP ( 'NONE', ( #142, #1509, #532, #1683, #2088, #1815, #804, #76 ) ) ;
#1739 = EDGE_CURVE ( 'NONE', #1418, #96, #537, .T. ) ;
#1740 = VECTOR ( 'NONE', #533, 1000.000000000000000 ) ;
#1741 = DIRECTION ( 'NONE',  ( 0.000000000000000000, 0.000000000000000000, 1.000000000000000000 ) ) ;
#1742 = ORIENTED_EDGE ( 'NONE', *, *, #1135, .T. ) ;
#1743 = DIRECTION ( 'NONE',  ( 0.000000000000000000, 0.000000000000000000, 1.000000000000000000 ) ) ;
#1744 = ORIENTED_EDGE ( 'NONE', *, *, #435, .T. ) ;
#1745 = DIRECTION ( 'NONE',  ( 0.000000000000000000, 1.000000000000000000, 0.000000000000000000 ) ) ;
#1746 = CARTESIAN_POINT ( 'NONE',  ( 0.000000000000000000, 7.500000000000000000, -1.000000000000000000 ) ) ;
#1747 = ORIENTED_EDGE ( 'NONE', *, *, #575, .T. ) ;
#1748 = FACE_OUTER_BOUND ( 'NONE', #1112, .T. ) ;
#1749 = EDGE_LOOP ( 'NONE', ( #306, #752, #1229, #2198 ) ) ;
#1750 = AXIS2_PLACEMENT_3D ( 'NONE', #490, #1235, #2342 ) ;
#1751 = DIRECTION ( 'NONE',  ( 0.000000000000000000, 0.000000000000000000, 1.000000000000000000 ) ) ;
#1752 = ORIENTED_EDGE ( 'NONE', *, *, #1326, .T. ) ;
#1753 = ADVANCED_FACE ( 'NONE', ( #905 ), #2428, .F. ) ;
#1754 = PLANE ( 'NONE',  #1480 ) ;
#1755 = VERTEX_POINT ( 'NONE', #723 ) ;
#1756 = CIRCLE ( 'NONE', #1127, 1.250000000000000222 ) ;
#1757 = DIRECTION ( 'NONE',  ( 0.000000000000000000, 0.000000000000000000, 1.000000000000000000 ) ) ;
#1758 = ORIENTED_EDGE ( 'NONE', *, *, #1465, .F. ) ;
#1759 = CARTESIAN_POINT ( 'NONE',  ( -2.000000000000000000, -24.00000000000000000, -2.000000000000000000 ) ) ;
#1760 = VERTEX_POINT ( 'NONE', #1881 ) ;
#1761 = AXIS2_PLACEMENT_3D ( 'NONE', #323, #125, #1833 ) ;
#1762 = CIRCLE ( 'NONE', #1800, 23.50000000000000000 ) ;
#1763 = DIRECTION ( 'NONE',  ( 0.000000000000000000, 0.000000000000000000, 1.000000000000000000 ) ) ;
#1764 = ORIENTED_EDGE ( 'NONE', *, *, #811, .T. ) ;
#1765 = EDGE_CURVE ( 'NONE', #1642, #699, #616, .T. ) ;
#1766 = CARTESIAN_POINT ( 'NONE',  ( 23.50000000000000000, 0.000000000000000000, 0.000000000000000000 ) ) ;
#1767 = CARTESIAN_POINT ( 'NONE',  ( 4.053300858898999159, -5.303300858898999159, 16.00000000000000000 ) ) ;
#1768 = ORIENTED_EDGE ( 'NONE', *, *, #957, .T. ) ;
#1769 = EDGE_CURVE ( 'NONE', #788, #2131, #1682, .T. ) ;
#1770 = CARTESIAN_POINT ( 'NONE',  ( -21.21320343559000321, -2.000000000000000000, 4.000000000000000000 ) ) ;
#1771 = DIRECTION ( 'NONE',  ( 0.000000000000000000, 0.000000000000000000, 1.000000000000000000 ) ) ;
#1772 = ORIENTED_EDGE ( 'NONE', *, *, #401, .F. ) ;
#1773 = DIRECTION ( 'NONE',  ( 0.000000000000000000, 1.000000000000000000, 0.000000000000000000 ) ) ;
#1774 = EDGE_LOOP ( 'NONE', ( #1457, #1080 ) ) ;
#1775 = CIRCLE ( 'NONE', #709, 23.50000000000000000 ) ;
#1776 = FACE_BOUND ( 'NONE', #2231, .T. ) ;
#1777 = CARTESIAN_POINT ( 'NONE',  ( -10.56000000000000050, -3.079999999999999627, 4.000000000000000000 ) ) ;
#1778 = EDGE_LOOP ( 'NONE', ( #279, #2292, #60, #724 ) ) ;
#1779 = VECTOR ( 'NONE', #1036, 1000.000000000000000 ) ;
#1780 = DIRECTION ( 'NONE',  ( 0.000000000000000000, -1.000000000000000000, 0.000000000000000000 ) ) ;
#1781 = ORIENTED_EDGE ( 'NONE', *, *, #192, .T. ) ;
#1782 = EDGE_CURVE ( 'NONE', #1728, #170, #1886, .T. ) ;
#1783 = CARTESIAN_POINT ( 'NONE',  ( -6.553300858898999159, -5.303300858898999159, -1.000000000000000000 ) ) ;
#1784 = FACE_OUTER_BOUND ( 'NONE', #1058, .T. ) ;
#1785 = AXIS2_PLACEMENT_3D ( 'NONE', #2029, #1654, #1678 ) ;
#1786 = DIRECTION ( 'NONE',  ( 0.9599999999999999645, 0.2800000000000000822, 0.000000000000000000 ) ) ;
#1787 = ORIENTED_EDGE ( 'NONE', *, *, #1416, .F. ) ;
#1788 = ADVANCED_FACE ( 'NONE', ( #404 ), #1951, .F. ) ;
#1789 = DIRECTION ( 'NONE',  ( 0.000000000000000000, -1.000000000000000000, 0.000000000000000000 ) ) ;
#1790 = DIRECTION ( 'NONE',  ( 0.000000000000000000, 0.000000000000000000, 1.000000000000000000 ) ) ;
#1791 = ORIENTED_EDGE ( 'NONE', *, *, #1826, .T. ) ;
#1792 = DIRECTION ( 'NONE',  ( 1.000000000000000000, 0.000000000000000000, 0.000000000000000000 ) ) ;
#1793 = EDGE_LOOP ( 'NONE', ( #2403, #778, #167, #482 ) ) ;
#1794 = CIRCLE ( 'NONE', #1681, 30.00000000000000000 ) ;
#1795 = ADVANCED_FACE ( 'NONE', ( #1905 ), #2282, .T. ) ;
#1796 = CYLINDRICAL_SURFACE ( 'NONE', #2399, 1.500000000000001332 ) ;
#1797 = CARTESIAN_POINT ( 'NONE',  ( -3.000000000000000000, 3.673940397442059868E-16, 0.000000000000000000 ) ) ;
#1798 = ORIENTED_EDGE ( 'NONE', *, *, #2440, .F. ) ;
#1799 = VECTOR ( 'NONE', #6, 1000.000000000000000 ) ;
#1800 = AXIS2_PLACEMENT_3D ( 'NONE', #1279, #2084, #1670 ) ;
#1801 = CARTESIAN_POINT ( 'NONE',  ( 0.000000000000000000, 0.000000000000000000, 16.00000000000000000 ) ) ;
#1802 = DIRECTION ( 'NONE',  ( 0.000000000000000000, 0.000000000000000000, 1.000000000000000000 ) ) ;
#1803 = ORIENTED_EDGE ( 'NONE', *, *, #947, .T. ) ;
#1804 = AXIS2_PLACEMENT_3D ( 'NONE', #2192, #2001, #1439 ) ;
#1805 = DIRECTION ( 'NONE',  ( 0.000000000000000000, 0.000000000000000000, 1.000000000000000000 ) ) ;
#1806 = ORIENTED_EDGE ( 'NONE', *, *, #1067, .T. ) ;
#1807 = AXIS2_PLACEMENT_3D ( 'NONE', #1700, #1114, #556 ) ;
#1808 = DIRECTION ( 'NONE',  ( 0.1627906976740855216, 0.9866606249115165150, 0.000000000000000000 ) ) ;
#1809 = CIRCLE ( 'NONE', #2136, 1.500000000000000000 ) ;
#1810 = DIRECTION ( 'NONE',  ( 0.000000000000000000, 0.000000000000000000, 1.000000000000000000 ) ) ;
#1811 = VERTEX_POINT ( 'NONE', #2098 ) ;
#1812 = EDGE_CURVE ( 'NONE', #2372, #2264, #695, .T. ) ;
#1813 = DIRECTION ( 'NONE',  ( 1.000000000000000000, 0.000000000000000000, 0.000000000000000000 ) ) ;
#1814 = DIRECTION ( 'NONE',  ( 0.000000000000000000, 0.000000000000000000, 1.000000000000000000 ) ) ;
#1815 = ORIENTED_EDGE ( 'NONE', *, *, #1346, .F. ) ;
#1816 = VECTOR ( 'NONE', #200, 1000.000000000000000 ) ;
#1817 = CARTESIAN_POINT ( 'NONE',  ( 0.000000000000000000, 0.000000000000000000, 0.000000000000000000 ) ) ;
#1818 = ORIENTED_EDGE ( 'NONE', *, *, #1203, .T. ) ;
#1819 = EDGE_CURVE ( 'NONE', #688, #1755, #2401, .T. ) ;
#1820 = CARTESIAN_POINT ( 'NONE',  ( 26.50000000000000000, 0.000000000000000000, -1.000000000000000000 ) ) ;
#1821 = CARTESIAN_POINT ( 'NONE',  ( -2.000000000000000000, 12.00000000000000000, 12.00000000000000000 ) ) ;
#1822 = DIRECTION ( 'NONE',  ( 0.000000000000000000, 0.000000000000000000, 1.000000000000000000 ) ) ;
#1823 = DIRECTION ( 'NONE',  ( 0.000000000000000000, 0.000000000000000000, 1.000000000000000000 ) ) ;
#1824 = LINE ( 'NONE', #488, #2364 ) ;
#1825 = ORIENTED_EDGE ( 'NONE', *, *, #1010, .T. ) ;
#1826 = EDGE_CURVE ( 'NONE', #1755, #2264, #240, .T. ) ;
#1827 = DIRECTION ( 'NONE',  ( 0.000000000000000000, 0.000000000000000000, 1.000000000000000000 ) ) ;
#1828 = ORIENTED_EDGE ( 'NONE', *, *, #2418, .F. ) ;
#1829 = CIRCLE ( 'NONE', #13, 3.000000000000000000 ) ;
#1830 = CARTESIAN_POINT ( 'NONE',  ( -10.56000000000000050, 3.079999999999999627, 4.000000000000000000 ) ) ;
#1831 = ORIENTED_EDGE ( 'NONE', *, *, #1876, .F. ) ;
#1832 = PLANE ( 'NONE',  #1526 ) ;
#1833 = DIRECTION ( 'NONE',  ( 1.000000000000000000, 0.000000000000000000, 0.000000000000000000 ) ) ;
#1834 = AXIS2_PLACEMENT_3D ( 'NONE', #242, #37, #1547 ) ;
#1835 = CYLINDRICAL_SURFACE ( 'NONE', #1864, 1.499999999999999778 ) ;
#1836 = CARTESIAN_POINT ( 'NONE',  ( -22.69319437296000075, -3.744186046512000043, 4.000000000000000000 ) ) ;
#1837 = CARTESIAN_POINT ( 'NONE',  ( 10.50000000000000000, 0.000000000000000000, 4.000000000000000000 ) ) ;
#1838 = ORIENTED_EDGE ( 'NONE', *, *, #1513, .T. ) ;
#1839 = EDGE_CURVE ( 'NONE', #266, #313, #1938, .T. ) ;
#1840 = DIRECTION ( 'NONE',  ( 1.000000000000000000, 0.000000000000000000, 0.000000000000000000 ) ) ;
#1841 = ORIENTED_EDGE ( 'NONE', *, *, #1243, .T. ) ;
#1842 = VECTOR ( 'NONE', #2007, 1000.000000000000000 ) ;
#1843 = VECTOR ( 'NONE', #952, 1000.000000000000000 ) ;
#1844 = AXIS2_PLACEMENT_3D ( 'NONE', #853, #684, #1978 ) ;
#1845 = CARTESIAN_POINT ( 'NONE',  ( 12.00000000000000000, -3.500000000000000000, 12.00000000000000000 ) ) ;
#1846 = ORIENTED_EDGE ( 'NONE', *, *, #2141, .T. ) ;
#1847 = EDGE_CURVE ( 'NONE', #420, #2358, #794, .T. ) ;
#1848 = FACE_OUTER_BOUND ( 'NONE', #1217, .T. ) ;
#1849 = FACE_BOUND ( 'NONE', #1622, .T. ) ;
#1850 = CARTESIAN_POINT ( 'NONE',  ( 12.00000000000000000, 2.000000000000000000, 4.000000000000000000 ) ) ;
#1851 = CARTESIAN_POINT ( 'NONE',  ( -12.00000000000000000, -2.000000000000000000, 4.000000000000000000 ) ) ;
#1852 = AXIS2_PLACEMENT_3D ( 'NONE', #1296, #2065, #751 ) ;
#1853 = DIRECTION ( 'NONE',  ( 1.000000000000000000, 0.000000000000000000, 0.000000000000000000 ) ) ;
#1854 = EDGE_LOOP ( 'NONE', ( #1429, #2155, #810, #66 ) ) ;
#1855 = CARTESIAN_POINT ( 'NONE',  ( -3.744186046512000043, 22.69319437296400110, 12.00000000000000000 ) ) ;
#1856 = VERTEX_POINT ( 'NONE', #968 ) ;
#1857 = DIRECTION ( 'NONE',  ( 1.000000000000000000, 0.000000000000000000, 0.000000000000000000 ) ) ;
#1858 = ORIENTED_EDGE ( 'NONE', *, *, #2080, .F. ) ;
#1859 = VECTOR ( 'NONE', #1540, 1000.000000000000000 ) ;
#1860 = FACE_OUTER_BOUND ( 'NONE', #229, .T. ) ;
#1861 = ADVANCED_FACE ( 'NONE', ( #1170 ), #805, .T. ) ;
#1862 = FACE_OUTER_BOUND ( 'NONE', #2405, .T. ) ;
#1863 = SHAPE_DEFINITION_REPRESENTATION ( #2177, #1124 ) ;
#1864 = AXIS2_PLACEMENT_3D ( 'NONE', #1988, #90, #1450 ) ;
#1865 = CARTESIAN_POINT ( 'NONE',  ( 0.000000000000000000, 0.000000000000000000, 16.00000000000000000 ) ) ;
#1866 = CYLINDRICAL_SURFACE ( 'NONE', #1270, 10.50000000000000000 ) ;
#1867 = ORIENTED_EDGE ( 'NONE', *, *, #192, .F. ) ;
#1868 = DIRECTION ( 'NONE',  ( 0.000000000000000000, 0.000000000000000000, 1.000000000000000000 ) ) ;
#1869 = EDGE_LOOP ( 'NONE', ( #2185, #625 ) ) ;
#1870 = CARTESIAN_POINT ( 'NONE',  ( 0.000000000000000000, 0.000000000000000000, 12.00000000000000000 ) ) ;
#1871 = VERTEX_POINT ( 'NONE', #2304 ) ;
#1872 = AXIS2_PLACEMENT_3D ( 'NONE', #732, #552, #891 ) ;
#1873 = CARTESIAN_POINT ( 'NONE',  ( -12.00000000000000000, 2.000000000000000000, 12.00000000000000000 ) ) ;
#1874 = FACE_BOUND ( 'NONE', #1234, .T. ) ;
#1875 = DIRECTION ( 'NONE',  ( 1.000000000000000000, 0.000000000000000000, 0.000000000000000000 ) ) ;
#1876 = EDGE_CURVE ( 'NONE', #2352, #597, #1283, .T. ) ;
#1877 = CARTESIAN_POINT ( 'NONE',  ( -3.079999999999999627, 10.56000000000000050, 12.00000000000000000 ) ) ;
#1878 = DIRECTION ( 'NONE',  ( 0.000000000000000000, 0.000000000000000000, 1.000000000000000000 ) ) ;
#1879 = VERTEX_POINT ( 'NONE', #611 ) ;
#1880 = VECTOR ( 'NONE', #1253, 1000.000000000000000 ) ;
#1881 = CARTESIAN_POINT ( 'NONE',  ( 20.43832970144400107, -18.73832970144000143, 0.000000000000000000 ) ) ;
#1882 = ORIENTED_EDGE ( 'NONE', *, *, #1543, .F. ) ;
#1883 = PLANE ( 'NONE',  #1536 ) ;
#1884 = ORIENTED_EDGE ( 'NONE', *, *, #2335, .F. ) ;
#1885 = AXIS2_PLACEMENT_3D ( 'NONE', #1676, #683, #2423 ) ;
#1886 = CIRCLE ( 'NONE', #890, 1.500000000000001332 ) ;
#1887 = DIRECTION ( 'NONE',  ( 0.000000000000000000, 0.000000000000000000, 1.000000000000000000 ) ) ;
#1888 = CARTESIAN_POINT ( 'NONE',  ( 0.000000000000000000, 0.000000000000000000, 12.00000000000000000 ) ) ;
#1889 = FACE_BOUND ( 'NONE', #1955, .T. ) ;
#1890 = ORIENTED_EDGE ( 'NONE', *, *, #2440, .T. ) ;
#1891 = CIRCLE ( 'NONE', #1968, 1.250000000000000222 ) ;
#1892 = AXIS2_PLACEMENT_3D ( 'NONE', #1943, #50, #137 ) ;
#1893 = PLANE ( 'NONE',  #102 ) ;
#1894 = ORIENTED_EDGE ( 'NONE', *, *, #2293, .F. ) ;
#1895 = EDGE_CURVE ( 'NONE', #1963, #1496, #459, .T. ) ;
#1896 = CARTESIAN_POINT ( 'NONE',  ( -20.43832970144000072, -18.73832970144000143, 0.000000000000000000 ) ) ;
#1897 = EDGE_LOOP ( 'NONE', ( #495, #1937 ) ) ;
#1898 = DIRECTION ( 'NONE',  ( 1.000000000000000000, 0.000000000000000000, 0.000000000000000000 ) ) ;
#1899 = EDGE_CURVE ( 'NONE', #837, #78, #1960, .T. ) ;
#1900 = DIRECTION ( 'NONE',  ( 0.000000000000000000, 0.000000000000000000, 1.000000000000000000 ) ) ;
#1901 = EDGE_CURVE ( 'NONE', #837, #1603, #1148, .T. ) ;
#1902 = VECTOR ( 'NONE', #2239, 1000.000000000000000 ) ;
#1903 = LINE ( 'NONE', #1541, #1843 ) ;
#1904 = EDGE_LOOP ( 'NONE', ( #1931, #987, #1110, #871 ) ) ;
#1905 = FACE_OUTER_BOUND ( 'NONE', #932, .T. ) ;
#1906 = EDGE_LOOP ( 'NONE', ( #600, #892, #504, #1073 ) ) ;
#1907 = EDGE_CURVE ( 'NONE', #254, #2085, #2165, .T. ) ;
#1908 = DIRECTION ( 'NONE',  ( 0.000000000000000000, 0.000000000000000000, 1.000000000000000000 ) ) ;
#1909 = VERTEX_POINT ( 'NONE', #250 ) ;
#1910 = DIRECTION ( 'NONE',  ( 0.000000000000000000, 0.000000000000000000, 1.000000000000000000 ) ) ;
#1911 = VECTOR ( 'NONE', #1606, 1000.000000000000000 ) ;
#1912 = CARTESIAN_POINT ( 'NONE',  ( -18.73832970144000143, 18.73832970144400178, 16.00000000000000000 ) ) ;
#1913 = CARTESIAN_POINT ( 'NONE',  ( -10.56000000000000050, -3.079999999999999627, 4.000000000000000000 ) ) ;
#1914 = VERTEX_POINT ( 'NONE', #955 ) ;
#1915 = CARTESIAN_POINT ( 'NONE',  ( -21.21320343559000321, 3.500000000000000000, 12.00000000000000000 ) ) ;
#1916 = ORIENTED_EDGE ( 'NONE', *, *, #2186, .T. ) ;
#1917 = VECTOR ( 'NONE', #1621, 1000.000000000000000 ) ;
#1918 = CARTESIAN_POINT ( 'NONE',  ( -3.744186046512000043, 22.69319437296400110, 4.000000000000000000 ) ) ;
#1919 = ORIENTED_EDGE ( 'NONE', *, *, #400, .F. ) ;
#1920 = FACE_OUTER_BOUND ( 'NONE', #1294, .T. ) ;
#1921 = DIRECTION ( 'NONE',  ( 1.000000000000000000, 0.000000000000000000, 0.000000000000000000 ) ) ;
#1922 = EDGE_CURVE ( 'NONE', #2010, #2020, #1087, .T. ) ;
#1923 = AXIS2_PLACEMENT_3D ( 'NONE', #565, #1481, #2063 ) ;
#1924 = AXIS2_PLACEMENT_3D ( 'NONE', #2383, #293, #150 ) ;
#1925 = CARTESIAN_POINT ( 'NONE',  ( 3.500000000000000000, 21.21320343559600019, 4.000000000000000000 ) ) ;
#1926 = CIRCLE ( 'NONE', #1406, 23.50000000000000000 ) ;
#1927 = ORIENTED_EDGE ( 'NONE', *, *, #1535, .T. ) ;
#1928 = DIRECTION ( 'NONE',  ( 0.000000000000000000, -1.000000000000000000, 0.000000000000000000 ) ) ;
#1929 = ORIENTED_EDGE ( 'NONE', *, *, #1876, .T. ) ;
#1930 = CARTESIAN_POINT ( 'NONE',  ( -5.303300858898999159, 5.303300858898999159, -1.000000000000000000 ) ) ;
#1931 = ORIENTED_EDGE ( 'NONE', *, *, #2415, .T. ) ;
#1932 = CYLINDRICAL_SURFACE ( 'NONE', #1251, 1.500000000000000444 ) ;
#1933 = PRESENTATION_LAYER_ASSIGNMENT (  '', '', ( #547 ) ) ;
#1934 = LINE ( 'NONE', #1573, #477 ) ;
#1935 = EDGE_CURVE ( 'NONE', #1388, #2346, #1604, .T. ) ;
#1936 = LINE ( 'NONE', #1023, #1363 ) ;
#1937 = ORIENTED_EDGE ( 'NONE', *, *, #976, .F. ) ;
#1938 = LINE ( 'NONE', #775, #1961 ) ;
#1939 = ORIENTED_EDGE ( 'NONE', *, *, #497, .T. ) ;
#1940 = PRODUCT_DEFINITION_CONTEXT ( 'detailed design', #204, 'design' ) ;
#1941 = LINE ( 'NONE', #2147, #1438 ) ;
#1942 = ORIENTED_EDGE ( 'NONE', *, *, #346, .T. ) ;
#1943 = CARTESIAN_POINT ( 'NONE',  ( -12.00000000000000000, 3.500000000000000000, 12.00000000000000000 ) ) ;
#1944 = CARTESIAN_POINT ( 'NONE',  ( -3.500000000000000000, -12.00000000000000000, 12.00000000000000000 ) ) ;
#1945 = ORIENTED_EDGE ( 'NONE', *, *, #607, .T. ) ;
#1946 = EDGE_CURVE ( 'NONE', #577, #2358, #2249, .T. ) ;
#1947 = FACE_OUTER_BOUND ( 'NONE', #1904, .T. ) ;
#1948 = VERTEX_POINT ( 'NONE', #1351 ) ;
#1949 = AXIS2_PLACEMENT_3D ( 'NONE', #1981, #675, #1028 ) ;
#1950 = EDGE_CURVE ( 'NONE', #454, #154, #431, .T. ) ;
#1951 = CYLINDRICAL_SURFACE ( 'NONE', #1687, 23.00000000000000000 ) ;
#1952 = ORIENTED_EDGE ( 'NONE', *, *, #2038, .F. ) ;
#1953 = EDGE_CURVE ( 'NONE', #2134, #1971, #463, .T. ) ;
#1954 = CARTESIAN_POINT ( 'NONE',  ( 2.000000000000000000, -21.21320343559000321, 4.000000000000000000 ) ) ;
#1955 = EDGE_LOOP ( 'NONE', ( #741, #86 ) ) ;
#1956 = CARTESIAN_POINT ( 'NONE',  ( 6.553300858898999159, 5.303300858898999159, -1.000000000000000000 ) ) ;
#1957 = ORIENTED_EDGE ( 'NONE', *, *, #1465, .T. ) ;
#1958 = CYLINDRICAL_SURFACE ( 'NONE', #423, 1.700000000000000178 ) ;
#1959 = ORIENTED_EDGE ( 'NONE', *, *, #2219, .F. ) ;
#1960 = CIRCLE ( 'NONE', #1362, 1.500000000000001332 ) ;
#1961 = VECTOR ( 'NONE', #1751, 1000.000000000000000 ) ;
#1962 = DIRECTION ( 'NONE',  ( 0.000000000000000000, 0.000000000000000000, 1.000000000000000000 ) ) ;
#1963 = VERTEX_POINT ( 'NONE', #1617 ) ;
#1964 = CARTESIAN_POINT ( 'NONE',  ( 0.000000000000000000, 0.000000000000000000, 12.00000000000000000 ) ) ;
#1965 = EDGE_CURVE ( 'NONE', #2223, #2023, #1926, .T. ) ;
#1966 = DIRECTION ( 'NONE',  ( 1.000000000000000000, 0.000000000000000000, 0.000000000000000000 ) ) ;
#1967 = VERTEX_POINT ( 'NONE', #2179 ) ;
#1968 = AXIS2_PLACEMENT_3D ( 'NONE', #1458, #1057, #2404 ) ;
#1969 = VECTOR ( 'NONE', #1664, 1000.000000000000000 ) ;
#1970 = DIRECTION ( 'NONE',  ( 0.000000000000000000, 0.000000000000000000, 1.000000000000000000 ) ) ;
#1971 = VERTEX_POINT ( 'NONE', #1026 ) ;
#1972 = ADVANCED_FACE ( 'NONE', ( #649 ), #2351, .F. ) ;
#1973 = DIRECTION ( 'NONE',  ( 1.000000000000000000, 0.000000000000000000, 0.000000000000000000 ) ) ;
#1974 = EDGE_CURVE ( 'NONE', #78, #1365, #1223, .T. ) ;
#1975 = ADVANCED_FACE ( 'NONE', ( #2386 ), #299, .T. ) ;
#1976 = PRODUCT ( 'W3_ROBOT_6AXIS_RevA', 'W3_ROBOT_6AXIS_RevA', '', ( #863 ) ) ;
#1977 = DIRECTION ( 'NONE',  ( 0.000000000000000000, 0.000000000000000000, 1.000000000000000000 ) ) ;
#1978 = DIRECTION ( 'NONE',  ( 1.000000000000000000, 0.000000000000000000, 0.000000000000000000 ) ) ;
#1979 = VERTEX_POINT ( 'NONE', #284 ) ;
#1980 = AXIS2_PLACEMENT_3D ( 'NONE', #2432, #359, #559 ) ;
#1981 = CARTESIAN_POINT ( 'NONE',  ( 5.303300858898999159, 5.303300858898999159, 0.000000000000000000 ) ) ;
#1982 = CARTESIAN_POINT ( 'NONE',  ( 0.000000000000000000, 0.000000000000000000, -2.000000000000000000 ) ) ;
#1983 = VERTEX_POINT ( 'NONE', #1250 ) ;
#1984 = EDGE_CURVE ( 'NONE', #1914, #930, #340, .T. ) ;
#1985 = DIRECTION ( 'NONE',  ( 0.000000000000000000, 0.000000000000000000, 1.000000000000000000 ) ) ;
#1986 = EDGE_LOOP ( 'NONE', ( #1315, #2421 ) ) ;
#1987 = CARTESIAN_POINT ( 'NONE',  ( 3.079999999999999627, -10.56000000000000050, 4.000000000000000000 ) ) ;
#1988 = CARTESIAN_POINT ( 'NONE',  ( 21.21320343559600019, -3.500000000000000000, 4.000000000000000000 ) ) ;
#1989 = AXIS2_PLACEMENT_3D ( 'NONE', #1247, #1274, #2242 ) ;
#1990 = CARTESIAN_POINT ( 'NONE',  ( 0.000000000000000000, 0.000000000000000000, -1.000000000000000000 ) ) ;
#1991 = ORIENTED_EDGE ( 'NONE', *, *, #2169, .T. ) ;
#1992 = CARTESIAN_POINT ( 'NONE',  ( 3.500000000000000000, -12.00000000000000000, 12.00000000000000000 ) ) ;
#1993 = LINE ( 'NONE', #2171, #1917 ) ;
#1994 = VERTEX_POINT ( 'NONE', #1797 ) ;
#1995 = CARTESIAN_POINT ( 'NONE',  ( 17.03832970144400250, 18.73832970144400178, -1.000000000000000000 ) ) ;
#1996 = ORIENTED_EDGE ( 'NONE', *, *, #1592, .T. ) ;
#1997 = AXIS2_PLACEMENT_3D ( 'NONE', #72, #613, #445 ) ;
#1998 = LINE ( 'NONE', #851, #1704 ) ;
#1999 = ADVANCED_FACE ( 'NONE', ( #1201 ), #1051, .F. ) ;
#2000 = DIRECTION ( 'NONE',  ( 0.000000000000000000, -1.000000000000000000, 0.000000000000000000 ) ) ;
#2001 = DIRECTION ( 'NONE',  ( 0.000000000000000000, 0.000000000000000000, 1.000000000000000000 ) ) ;
#2002 = ORIENTED_EDGE ( 'NONE', *, *, #513, .T. ) ;
#2003 = AXIS2_PLACEMENT_3D ( 'NONE', #162, #2396, #2410 ) ;
#2004 = AXIS2_PLACEMENT_3D ( 'NONE', #1915, #218, #1545 ) ;
#2005 = AXIS2_PLACEMENT_3D ( 'NONE', #645, #2360, #2312 ) ;
#2006 = LINE ( 'NONE', #2368, #2427 ) ;
#2007 = DIRECTION ( 'NONE',  ( 0.000000000000000000, -1.000000000000000000, 0.000000000000000000 ) ) ;
#2008 = ORIENTED_EDGE ( 'NONE', *, *, #1513, .F. ) ;
#2009 = DIRECTION ( 'NONE',  ( 0.000000000000000000, 0.000000000000000000, 1.000000000000000000 ) ) ;
#2010 = VERTEX_POINT ( 'NONE', #817 ) ;
#2011 = CIRCLE ( 'NONE', #2331, 1.250000000000000222 ) ;
#2012 = CARTESIAN_POINT ( 'NONE',  ( 0.000000000000000000, 0.000000000000000000, 12.00000000000000000 ) ) ;
#2013 = FACE_BOUND ( 'NONE', #1730, .T. ) ;
#2014 = DIRECTION ( 'NONE',  ( 0.000000000000000000, 0.000000000000000000, 1.000000000000000000 ) ) ;
#2015 = CARTESIAN_POINT ( 'NONE',  ( 0.000000000000000000, 0.000000000000000000, 4.000000000000000000 ) ) ;
#2016 = EDGE_CURVE ( 'NONE', #249, #634, #735, .T. ) ;
#2017 = DIRECTION ( 'NONE',  ( 1.000000000000000000, 0.000000000000000000, 0.000000000000000000 ) ) ;
#2018 = ORIENTED_EDGE ( 'NONE', *, *, #407, .T. ) ;
#2019 = LINE ( 'NONE', #265, #1081 ) ;
#2020 = VERTEX_POINT ( 'NONE', #312 ) ;
#2021 = CIRCLE ( 'NONE', #79, 3.000000000000000000 ) ;
#2022 = LINE ( 'NONE', #1830, #2330 ) ;
#2023 = VERTEX_POINT ( 'NONE', #80 ) ;
#2024 = DIRECTION ( 'NONE',  ( 0.000000000000000000, 0.000000000000000000, 1.000000000000000000 ) ) ;
#2025 = CARTESIAN_POINT ( 'NONE',  ( -6.553300858898999159, 5.303300858898999159, 0.000000000000000000 ) ) ;
#2026 = DIRECTION ( 'NONE',  ( 0.000000000000000000, 0.000000000000000000, 1.000000000000000000 ) ) ;
#2027 = DIRECTION ( 'NONE',  ( 1.000000000000000000, 0.000000000000000000, 0.000000000000000000 ) ) ;
#2028 = ADVANCED_FACE ( 'NONE', ( #1065 ), #105, .F. ) ;
#2029 = CARTESIAN_POINT ( 'NONE',  ( 0.000000000000000000, 0.000000000000000000, 4.000000000000000000 ) ) ;
#2030 = EDGE_LOOP ( 'NONE', ( #147, #2302, #1440, #109 ) ) ;
#2031 = EDGE_CURVE ( 'NONE', #827, #2085, #1425, .T. ) ;
#2032 = CIRCLE ( 'NONE', #1872, 1.499999999999999556 ) ;
#2033 = CARTESIAN_POINT ( 'NONE',  ( 0.000000000000000000, 0.000000000000000000, 0.000000000000000000 ) ) ;
#2034 = ORIENTED_EDGE ( 'NONE', *, *, #2031, .F. ) ;
#2035 = EDGE_CURVE ( 'NONE', #2237, #251, #1824, .T. ) ;
#2036 = CARTESIAN_POINT ( 'NONE',  ( -12.00000000000000000, 2.000000000000000000, 4.000000000000000000 ) ) ;
#2037 = ORIENTED_EDGE ( 'NONE', *, *, #148, .T. ) ;
#2038 = EDGE_CURVE ( 'NONE', #1760, #788, #2051, .T. ) ;
#2039 = CARTESIAN_POINT ( 'NONE',  ( -2.000000000000000000, -21.21320343559000321, 12.00000000000000000 ) ) ;
#2040 = FACE_BOUND ( 'NONE', #1336, .T. ) ;
#2041 = VECTOR ( 'NONE', #491, 1000.000000000000000 ) ;
#2042 = DIRECTION ( 'NONE',  ( 0.000000000000000000, -1.000000000000000000, 0.000000000000000000 ) ) ;
#2043 = CARTESIAN_POINT ( 'NONE',  ( 0.000000000000000000, 0.000000000000000000, 12.00000000000000000 ) ) ;
#2044 = CARTESIAN_POINT ( 'NONE',  ( -4.053300858898999159, 5.303300858898999159, 0.000000000000000000 ) ) ;
#2045 = VERTEX_POINT ( 'NONE', #1577 ) ;
#2046 = CYLINDRICAL_SURFACE ( 'NONE', #1005, 1.700000000000000178 ) ;
#2047 = ORIENTED_EDGE ( 'NONE', *, *, #1340, .T. ) ;
#2048 = VECTOR ( 'NONE', #554, 1000.000000000000000 ) ;
#2049 = AXIS2_PLACEMENT_3D ( 'NONE', #237, #609, #2140 ) ;
#2050 = ADVANCED_FACE ( 'NONE', ( #2340 ), #1387, .F. ) ;
#2051 = CIRCLE ( 'NONE', #1529, 1.700000000000000178 ) ;
#2052 = DIRECTION ( 'NONE',  ( 0.000000000000000000, 0.000000000000000000, 1.000000000000000000 ) ) ;
#2053 = ORIENTED_EDGE ( 'NONE', *, *, #89, .T. ) ;
#2054 = DIRECTION ( 'NONE',  ( 0.000000000000000000, 0.000000000000000000, 1.000000000000000000 ) ) ;
#2055 = FACE_BOUND ( 'NONE', #815, .T. ) ;
#2056 = CARTESIAN_POINT ( 'NONE',  ( -5.303300858898999159, -5.303300858898999159, 16.00000000000000000 ) ) ;
#2057 = EDGE_CURVE ( 'NONE', #112, #2237, #2154, .T. ) ;
#2058 = AXIS2_PLACEMENT_3D ( 'NONE', #255, #812, #1780 ) ;
#2059 = CARTESIAN_POINT ( 'NONE',  ( -21.21320343559000321, 2.000000000000000000, 12.00000000000000000 ) ) ;
#2060 = DIRECTION ( 'NONE',  ( 0.000000000000000000, 0.000000000000000000, 1.000000000000000000 ) ) ;
#2061 = AXIS2_PLACEMENT_3D ( 'NONE', #1077, #583, #1539 ) ;
#2062 = EDGE_LOOP ( 'NONE', ( #2260, #221, #2064, #639 ) ) ;
#2063 = DIRECTION ( 'NONE',  ( 0.000000000000000000, -1.000000000000000000, 0.000000000000000000 ) ) ;
#2064 = ORIENTED_EDGE ( 'NONE', *, *, #321, .T. ) ;
#2065 = DIRECTION ( 'NONE',  ( 0.000000000000000000, 0.000000000000000000, 1.000000000000000000 ) ) ;
#2066 = VERTEX_POINT ( 'NONE', #1590 ) ;
#2067 = EDGE_CURVE ( 'NONE', #1971, #1909, #2365, .T. ) ;
#2068 = AXIS2_PLACEMENT_3D ( 'NONE', #496, #2024, #521 ) ;
#2069 = DIRECTION ( 'NONE',  ( 1.000000000000000000, 0.000000000000000000, 0.000000000000000000 ) ) ;
#2070 = FACE_BOUND ( 'NONE', #922, .T. ) ;
#2071 = CYLINDRICAL_SURFACE ( 'NONE', #849, 11.00000000000000000 ) ;
#2072 = CARTESIAN_POINT ( 'NONE',  ( -5.303300858898999159, 5.303300858898999159, -1.000000000000000000 ) ) ;
#2073 = ORIENTED_EDGE ( 'NONE', *, *, #1120, .F. ) ;
#2074 = DIRECTION ( 'NONE',  ( 0.000000000000000000, -1.000000000000000000, 0.000000000000000000 ) ) ;
#2075 = ORIENTED_EDGE ( 'NONE', *, *, #544, .T. ) ;
#2076 = DIRECTION ( 'NONE',  ( 1.000000000000000000, 0.000000000000000000, 0.000000000000000000 ) ) ;
#2077 = VERTEX_POINT ( 'NONE', #153 ) ;
#2078 = AXIS2_PLACEMENT_3D ( 'NONE', #1691, #2060, #2413 ) ;
#2079 = CARTESIAN_POINT ( 'NONE',  ( 2.000000000000000000, 12.00000000000000000, 4.000000000000000000 ) ) ;
#2080 = EDGE_CURVE ( 'NONE', #526, #420, #1727, .T. ) ;
#2081 = CARTESIAN_POINT ( 'NONE',  ( -22.69319437296000075, 3.744186046512000043, 4.000000000000000000 ) ) ;
#2082 = DIRECTION ( 'NONE',  ( 1.000000000000000000, 0.000000000000000000, 0.000000000000000000 ) ) ;
#2083 = ORIENTED_EDGE ( 'NONE', *, *, #505, .T. ) ;
#2084 = DIRECTION ( 'NONE',  ( 0.000000000000000000, 0.000000000000000000, 1.000000000000000000 ) ) ;
#2085 = VERTEX_POINT ( 'NONE', #562 ) ;
#2086 = EDGE_CURVE ( 'NONE', #1472, #690, #1609, .T. ) ;
#2087 = CARTESIAN_POINT ( 'NONE',  ( 12.00000000000000000, -2.000000000000000000, 4.000000000000000000 ) ) ;
#2088 = ORIENTED_EDGE ( 'NONE', *, *, #1812, .T. ) ;
#2089 = DIRECTION ( 'NONE',  ( 0.000000000000000000, 0.000000000000000000, 1.000000000000000000 ) ) ;
#2090 = AXIS2_PLACEMENT_3D ( 'NONE', #527, #1082, #1840 ) ;
#2091 = CARTESIAN_POINT ( 'NONE',  ( -2.000000000000000000, -12.00000000000000000, 4.000000000000000000 ) ) ;
#2092 = DIRECTION ( 'NONE',  ( 0.000000000000000000, 0.000000000000000000, 1.000000000000000000 ) ) ;
#2093 = FACE_BOUND ( 'NONE', #1129, .T. ) ;
#2094 = ORIENTED_EDGE ( 'NONE', *, *, #329, .T. ) ;
#2095 = EDGE_CURVE ( 'NONE', #249, #251, #1208, .T. ) ;
#2096 = VECTOR ( 'NONE', #1316, 1000.000000000000000 ) ;
#2097 = AXIS2_PLACEMENT_3D ( 'NONE', #235, #14, #410 ) ;
#2098 = CARTESIAN_POINT ( 'NONE',  ( 23.50000000000000000, 0.000000000000000000, 4.000000000000000000 ) ) ;
#2099 = ORIENTED_EDGE ( 'NONE', *, *, #770, .F. ) ;
#2100 = DIRECTION ( 'NONE',  ( 1.000000000000000000, 0.000000000000000000, 0.000000000000000000 ) ) ;
#2101 = ORIENTED_EDGE ( 'NONE', *, *, #636, .F. ) ;
#2102 = CARTESIAN_POINT ( 'NONE',  ( 10.56000000000000050, 3.079999999999999627, 4.000000000000000000 ) ) ;
#2103 = CARTESIAN_POINT ( 'NONE',  ( 0.000000000000000000, 0.000000000000000000, -1.000000000000000000 ) ) ;
#2104 = DIRECTION ( 'NONE',  ( 1.000000000000000000, 0.000000000000000000, 0.000000000000000000 ) ) ;
#2105 = ORIENTED_EDGE ( 'NONE', *, *, #1147, .T. ) ;
#2106 = CIRCLE ( 'NONE', #1341, 23.50000000000000000 ) ;
#2107 = DIRECTION ( 'NONE',  ( 0.000000000000000000, 0.000000000000000000, 1.000000000000000000 ) ) ;
#2108 = ORIENTED_EDGE ( 'NONE', *, *, #855, .T. ) ;
#2109 = EDGE_CURVE ( 'NONE', #1156, #266, #298, .T. ) ;
#2110 = DIRECTION ( 'NONE',  ( 0.000000000000000000, 0.000000000000000000, 1.000000000000000000 ) ) ;
#2111 = VERTEX_POINT ( 'NONE', #2044 ) ;
#2112 = DIRECTION ( 'NONE',  ( 1.000000000000000000, 0.000000000000000000, 0.000000000000000000 ) ) ;
#2113 = VECTOR ( 'NONE', #758, 1000.000000000000000 ) ;
#2114 = CARTESIAN_POINT ( 'NONE',  ( -10.56000000000000050, 3.079999999999999627, 12.00000000000000000 ) ) ;
#2115 = CARTESIAN_POINT ( 'NONE',  ( 12.00000000000000000, 3.500000000000000000, 12.00000000000000000 ) ) ;
#2116 = ORIENTED_EDGE ( 'NONE', *, *, #976, .T. ) ;
#2117 = CARTESIAN_POINT ( 'NONE',  ( -2.000000000000000000, -12.00000000000000000, 4.000000000000000000 ) ) ;
#2118 = VERTEX_POINT ( 'NONE', #1837 ) ;
#2119 = CIRCLE ( 'NONE', #1520, 30.00000000000000000 ) ;
#2120 = CARTESIAN_POINT ( 'NONE',  ( -12.00000000000000000, -2.000000000000000000, 12.00000000000000000 ) ) ;
#2121 = ORIENTED_EDGE ( 'NONE', *, *, #1695, .T. ) ;
#2122 = CYLINDRICAL_SURFACE ( 'NONE', #387, 10.50000000000000000 ) ;
#2123 = ADVANCED_FACE ( 'NONE', ( #1079 ), #2398, .F. ) ;
#2124 = DIRECTION ( 'NONE',  ( 1.000000000000000000, 0.000000000000000000, 0.000000000000000000 ) ) ;
#2125 = CIRCLE ( 'NONE', #1361, 1.500000000000001332 ) ;
#2126 = CIRCLE ( 'NONE', #654, 23.50000000000000000 ) ;
#2127 = CIRCLE ( 'NONE', #618, 11.00000000000000000 ) ;
#2128 = CARTESIAN_POINT ( 'NONE',  ( 22.69319437296400110, -3.744186046512000043, 12.00000000000000000 ) ) ;
#2129 = ORIENTED_EDGE ( 'NONE', *, *, #2265, .T. ) ;
#2130 = CARTESIAN_POINT ( 'NONE',  ( -12.00000000000000000, -3.500000000000000000, 12.00000000000000000 ) ) ;
#2131 = VERTEX_POINT ( 'NONE', #2450 ) ;
#2132 = AXIS2_PLACEMENT_3D ( 'NONE', #473, #1032, #133 ) ;
#2133 = DIRECTION ( 'NONE',  ( 0.000000000000000000, 0.000000000000000000, 1.000000000000000000 ) ) ;
#2134 = VERTEX_POINT ( 'NONE', #1302 ) ;
#2135 = DIRECTION ( 'NONE',  ( 1.000000000000000000, 0.000000000000000000, 0.000000000000000000 ) ) ;
#2136 = AXIS2_PLACEMENT_3D ( 'NONE', #1153, #1333, #767 ) ;
#2137 = DIRECTION ( 'NONE',  ( 0.000000000000000000, 0.000000000000000000, 1.000000000000000000 ) ) ;
#2138 = ADVANCED_FACE ( 'NONE', ( #140 ), #1312, .F. ) ;
#2139 = ORIENTED_EDGE ( 'NONE', *, *, #1535, .F. ) ;
#2140 = DIRECTION ( 'NONE',  ( -0.1627906976740855216, 0.9866606249115165150, 0.000000000000000000 ) ) ;
#2141 = EDGE_CURVE ( 'NONE', #1856, #1052, #2032, .T. ) ;
#2142 = ORIENTED_EDGE ( 'NONE', *, *, #838, .F. ) ;
#2143 = AXIS2_PLACEMENT_3D ( 'NONE', #161, #16, #1488 ) ;
#2144 = CARTESIAN_POINT ( 'NONE',  ( 12.00000000000000000, 3.500000000000000000, 4.000000000000000000 ) ) ;
#2145 = VERTEX_POINT ( 'NONE', #710 ) ;
#2146 = UNCERTAINTY_MEASURE_WITH_UNIT (LENGTH_MEASURE( 1.000000000000000082E-05 ), #1665, 'distance_accuracy_value', 'NONE');
#2147 = CARTESIAN_POINT ( 'NONE',  ( -17.03832970144000214, 18.73832970144400178, -1.000000000000000000 ) ) ;
#2148 = ORIENTED_EDGE ( 'NONE', *, *, #2339, .T. ) ;
#2149 = CYLINDRICAL_SURFACE ( 'NONE', #1100, 30.00000000000000000 ) ;
#2150 = ORIENTED_EDGE ( 'NONE', *, *, #1531, .T. ) ;
#2151 = DIRECTION ( 'NONE',  ( 1.000000000000000000, 0.000000000000000000, 0.000000000000000000 ) ) ;
#2152 = VERTEX_POINT ( 'NONE', #364 ) ;
#2153 = EDGE_CURVE ( 'NONE', #1983, #946, #1430, .T. ) ;
#2154 = LINE ( 'NONE', #453, #424 ) ;
#2155 = ORIENTED_EDGE ( 'NONE', *, *, #2409, .F. ) ;
#2156 = EDGE_CURVE ( 'NONE', #1603, #1365, #447, .T. ) ;
#2157 = CARTESIAN_POINT ( 'NONE',  ( 18.73832970144400178, -18.73832970144000143, -1.000000000000000000 ) ) ;
#2158 = DIRECTION ( 'NONE',  ( 1.000000000000000000, 0.000000000000000000, 0.000000000000000000 ) ) ;
#2159 = ORIENTED_EDGE ( 'NONE', *, *, #1666, .T. ) ;
#2160 = EDGE_CURVE ( 'NONE', #1948, #197, #406, .T. ) ;
#2161 = CARTESIAN_POINT ( 'NONE',  ( -23.50000000000000000, 2.877919977996280320E-15, 0.000000000000000000 ) ) ;
#2162 = ORIENTED_EDGE ( 'NONE', *, *, #2080, .T. ) ;
#2163 = DIRECTION ( 'NONE',  ( -0.9866606249115165150, 0.1627906976740855216, 0.000000000000000000 ) ) ;
#2164 = DIRECTION ( 'NONE',  ( 1.000000000000000000, 0.000000000000000000, 0.000000000000000000 ) ) ;
#2165 = CIRCLE ( 'NONE', #296, 30.00000000000000000 ) ;
#2166 = VECTOR ( 'NONE', #2425, 1000.000000000000000 ) ;
#2167 = CARTESIAN_POINT ( 'NONE',  ( 0.000000000000000000, 0.000000000000000000, 12.00000000000000000 ) ) ;
#2168 = ORIENTED_EDGE ( 'NONE', *, *, #513, .F. ) ;
#2169 = EDGE_CURVE ( 'NONE', #930, #1914, #797, .T. ) ;
#2170 = FACE_OUTER_BOUND ( 'NONE', #1986, .T. ) ;
#2171 = CARTESIAN_POINT ( 'NONE',  ( 12.00000000000000000, -2.000000000000000000, 4.000000000000000000 ) ) ;
#2172 = ORIENTED_EDGE ( 'NONE', *, *, #252, .T. ) ;
#2173 = CARTESIAN_POINT ( 'NONE',  ( 20.43832970144400107, 18.73832970144400178, 16.00000000000000000 ) ) ;
#2174 = AXIS2_PLACEMENT_3D ( 'NONE', #1424, #960, #1898 ) ;
#2175 = ORIENTED_EDGE ( 'NONE', *, *, #881, .F. ) ;
#2176 = DIRECTION ( 'NONE',  ( 0.000000000000000000, 1.000000000000000000, 0.000000000000000000 ) ) ;
#2177 = PRODUCT_DEFINITION_SHAPE ( 'NONE', 'NONE',  #1064 ) ;
#2178 =( NAMED_UNIT ( * ) PLANE_ANGLE_UNIT ( ) SI_UNIT ( $, .RADIAN. ) );
#2179 = CARTESIAN_POINT ( 'NONE',  ( -1.500000000000000000, 7.500000000000000000, 0.000000000000000000 ) ) ;
#2180 = VERTEX_POINT ( 'NONE', #696 ) ;
#2181 = EDGE_CURVE ( 'NONE', #540, #1179, #1632, .T. ) ;
#2182 = CIRCLE ( 'NONE', #1337, 1.500000000000000000 ) ;
#2183 = CARTESIAN_POINT ( 'NONE',  ( -18.73832970144000143, 18.73832970144400178, -1.000000000000000000 ) ) ;
#2184 = CARTESIAN_POINT ( 'NONE',  ( 20.43832970144400107, 18.73832970144400178, 0.000000000000000000 ) ) ;
#2185 = ORIENTED_EDGE ( 'NONE', *, *, #1699, .T. ) ;
#2186 = EDGE_CURVE ( 'NONE', #786, #1214, #719, .T. ) ;
#2187 = AXIS2_PLACEMENT_3D ( 'NONE', #476, #1822, #2218 ) ;
#2188 = DIRECTION ( 'NONE',  ( 1.000000000000000000, 0.000000000000000000, 0.000000000000000000 ) ) ;
#2189 = CARTESIAN_POINT ( 'NONE',  ( 3.500000000000000000, 21.21320343559600019, 4.000000000000000000 ) ) ;
#2190 = SURFACE_SIDE_STYLE ('',( #295 ) ) ;
#2191 = VECTOR ( 'NONE', #524, 1000.000000000000000 ) ;
#2192 = CARTESIAN_POINT ( 'NONE',  ( 26.50000000000000000, 0.000000000000000000, 0.000000000000000000 ) ) ;
#2193 = ORIENTED_EDGE ( 'NONE', *, *, #1839, .F. ) ;
#2194 = DIRECTION ( 'NONE',  ( 0.000000000000000000, 0.000000000000000000, 1.000000000000000000 ) ) ;
#2195 = FACE_OUTER_BOUND ( 'NONE', #434, .T. ) ;
#2196 = EDGE_LOOP ( 'NONE', ( #878, #2308 ) ) ;
#2197 = CARTESIAN_POINT ( 'NONE',  ( 0.000000000000000000, 0.000000000000000000, -1.000000000000000000 ) ) ;
#2198 = ORIENTED_EDGE ( 'NONE', *, *, #1010, .F. ) ;
#2199 = ADVANCED_FACE ( 'NONE', ( #1275 ), #1866, .T. ) ;
#2200 = AXIS2_PLACEMENT_3D ( 'NONE', #1069, #1827, #857 ) ;
#2201 = DIRECTION ( 'NONE',  ( 0.000000000000000000, 0.000000000000000000, 1.000000000000000000 ) ) ;
#2202 = CARTESIAN_POINT ( 'NONE',  ( 4.053300858898999159, 5.303300858898999159, 16.00000000000000000 ) ) ;
#2203 = CARTESIAN_POINT ( 'NONE',  ( -12.00000000000000000, 2.000000000000000000, 4.000000000000000000 ) ) ;
#2204 = DIRECTION ( 'NONE',  ( 0.000000000000000000, 0.000000000000000000, 1.000000000000000000 ) ) ;
#2205 = CARTESIAN_POINT ( 'NONE',  ( 30.00000000000000000, 0.000000000000000000, 0.000000000000000000 ) ) ;
#2206 = ORIENTED_EDGE ( 'NONE', *, *, #1819, .T. ) ;
#2207 = CIRCLE ( 'NONE', #294, 1.500000000000000000 ) ;
#2208 = AXIS2_PLACEMENT_3D ( 'NONE', #845, #1594, #2402 ) ;
#2209 = CYLINDRICAL_SURFACE ( 'NONE', #966, 11.00000000000000000 ) ;
#2210 = VERTEX_POINT ( 'NONE', #1668 ) ;
#2211 = LINE ( 'NONE', #278, #1138 ) ;
#2212 = ORIENTED_EDGE ( 'NONE', *, *, #65, .T. ) ;
#2213 = CIRCLE ( 'NONE', #1807, 23.00000000000000000 ) ;
#2214 = VECTOR ( 'NONE', #1637, 1000.000000000000000 ) ;
#2215 = EDGE_CURVE ( 'NONE', #1007, #254, #2436, .T. ) ;
#2216 = LINE ( 'NONE', #671, #1001 ) ;
#2217 = CARTESIAN_POINT ( 'NONE',  ( 0.000000000000000000, 0.000000000000000000, 16.00000000000000000 ) ) ;
#2218 = DIRECTION ( 'NONE',  ( 0.000000000000000000, -1.000000000000000000, 0.000000000000000000 ) ) ;
#2219 = EDGE_CURVE ( 'NONE', #1618, #395, #1553, .T. ) ;
#2220 = DIRECTION ( 'NONE',  ( 0.000000000000000000, 0.000000000000000000, 1.000000000000000000 ) ) ;
#2221 = EDGE_LOOP ( 'NONE', ( #1070, #998, #1764, #1276, #1171, #2319, #1597, #451 ) ) ;
#2222 = DIRECTION ( 'NONE',  ( 1.000000000000000000, 0.000000000000000000, 0.000000000000000000 ) ) ;
#2223 = VERTEX_POINT ( 'NONE', #1706 ) ;
#2224 = CIRCLE ( 'NONE', #1146, 23.00000000000000000 ) ;
#2225 = DIRECTION ( 'NONE',  ( 0.000000000000000000, 0.000000000000000000, -1.000000000000000000 ) ) ;
#2226 = ORIENTED_EDGE ( 'NONE', *, *, #1163, .F. ) ;
#2227 = CARTESIAN_POINT ( 'NONE',  ( 26.50000000000000000, 0.000000000000000000, 16.00000000000000000 ) ) ;
#2228 = FACE_BOUND ( 'NONE', #674, .T. ) ;
#2229 = CARTESIAN_POINT ( 'NONE',  ( 2.000000000000000000, -12.00000000000000000, 4.000000000000000000 ) ) ;
#2230 = CARTESIAN_POINT ( 'NONE',  ( 18.73832970144400178, 18.73832970144400178, 16.00000000000000000 ) ) ;
#2231 = EDGE_LOOP ( 'NONE', ( #260, #159 ) ) ;
#2232 = EDGE_CURVE ( 'NONE', #2370, #2210, #7, .T. ) ;
#2233 = AXIS2_PLACEMENT_3D ( 'NONE', #844, #856, #456 ) ;
#2234 = DIRECTION ( 'NONE',  ( 0.000000000000000000, 0.000000000000000000, 1.000000000000000000 ) ) ;
#2235 = VERTEX_POINT ( 'NONE', #2280 ) ;
#2236 = CARTESIAN_POINT ( 'NONE',  ( 5.303300858898999159, 5.303300858898999159, -1.000000000000000000 ) ) ;
#2237 = VERTEX_POINT ( 'NONE', #573 ) ;
#2238 = ADVANCED_FACE ( 'NONE', ( #2093, #389, #942, #1889, #832, #1776, #2170 ), #1579, .F. ) ;
#2239 = DIRECTION ( 'NONE',  ( 0.000000000000000000, -1.000000000000000000, 0.000000000000000000 ) ) ;
#2240 = DIRECTION ( 'NONE',  ( 1.000000000000000000, 0.000000000000000000, 0.000000000000000000 ) ) ;
#2241 = CIRCLE ( 'NONE', #1395, 10.50000000000000000 ) ;
#2242 = DIRECTION ( 'NONE',  ( 1.000000000000000000, 0.000000000000000000, 0.000000000000000000 ) ) ;
#2243 = DIRECTION ( 'NONE',  ( 1.000000000000000000, 0.000000000000000000, 0.000000000000000000 ) ) ;
#2244 = DIRECTION ( 'NONE',  ( 0.000000000000000000, -1.000000000000000000, 0.000000000000000000 ) ) ;
#2245 = ORIENTED_EDGE ( 'NONE', *, *, #1907, .F. ) ;
#2246 = ADVANCED_FACE ( 'NONE', ( #1403, #1629, #686, #1415, #1620, #1593 ), #93, .T. ) ;
#2247 = DIRECTION ( 'NONE',  ( 0.000000000000000000, -1.000000000000000000, 0.000000000000000000 ) ) ;
#2248 = ORIENTED_EDGE ( 'NONE', *, *, #2169, .F. ) ;
#2249 = CIRCLE ( 'NONE', #2004, 1.500000000000000000 ) ;
#2250 = VECTOR ( 'NONE', #374, 1000.000000000000000 ) ;
#2251 = VECTOR ( 'NONE', #1810, 1000.000000000000000 ) ;
#2252 = CARTESIAN_POINT ( 'NONE',  ( 0.000000000000000000, 0.000000000000000000, 4.000000000000000000 ) ) ;
#2253 = VERTEX_POINT ( 'NONE', #264 ) ;
#2254 = CARTESIAN_POINT ( 'NONE',  ( 21.21320343559600019, 3.500000000000000000, 12.00000000000000000 ) ) ;
#2255 = DIRECTION ( 'NONE',  ( 0.000000000000000000, 0.000000000000000000, 1.000000000000000000 ) ) ;
#2256 = CARTESIAN_POINT ( 'NONE',  ( -18.73832970144000143, -18.73832970144000143, 0.000000000000000000 ) ) ;
#2257 = CARTESIAN_POINT ( 'NONE',  ( 22.69319437296400110, -3.744186046512000043, 4.000000000000000000 ) ) ;
#2258 = CARTESIAN_POINT ( 'NONE',  ( -30.00000000000000000, 3.673940397442059178E-15, 0.000000000000000000 ) ) ;
#2259 = CIRCLE ( 'NONE', #111, 11.00000000000000000 ) ;
#2260 = ORIENTED_EDGE ( 'NONE', *, *, #2306, .F. ) ;
#2261 = CARTESIAN_POINT ( 'NONE',  ( -3.500000000000000000, 21.21320343559600019, 12.00000000000000000 ) ) ;
#2262 = ORIENTED_EDGE ( 'NONE', *, *, #1769, .F. ) ;
#2263 = CYLINDRICAL_SURFACE ( 'NONE', #1357, 1.250000000000000222 ) ;
#2264 = VERTEX_POINT ( 'NONE', #1477 ) ;
#2265 = EDGE_CURVE ( 'NONE', #55, #1811, #2377, .T. ) ;
#2266 = CARTESIAN_POINT ( 'NONE',  ( 0.000000000000000000, 0.000000000000000000, 4.000000000000000000 ) ) ;
#2267 = DIRECTION ( 'NONE',  ( 1.000000000000000000, 0.000000000000000000, 0.000000000000000000 ) ) ;
#2268 = DIRECTION ( 'NONE',  ( 0.000000000000000000, -1.000000000000000000, 0.000000000000000000 ) ) ;
#2269 = ORIENTED_EDGE ( 'NONE', *, *, #855, .F. ) ;
#2270 = ADVANCED_FACE ( 'NONE', ( #352 ), #2353, .F. ) ;
#2271 = CARTESIAN_POINT ( 'NONE',  ( -3.079999999999999627, 10.56000000000000050, 4.000000000000000000 ) ) ;
#2272 = EDGE_LOOP ( 'NONE', ( #1099, #1867, #1030, #2105 ) ) ;
#2273 = DIRECTION ( 'NONE',  ( 0.000000000000000000, 0.000000000000000000, 1.000000000000000000 ) ) ;
#2274 = ORIENTED_EDGE ( 'NONE', *, *, #2290, .T. ) ;
#2275 = AXIS2_PLACEMENT_3D ( 'NONE', #2043, #1653, #1063 ) ;
#2276 = CARTESIAN_POINT ( 'NONE',  ( 0.000000000000000000, 0.000000000000000000, 12.00000000000000000 ) ) ;
#2277 = DIRECTION ( 'NONE',  ( 0.000000000000000000, -1.000000000000000000, 0.000000000000000000 ) ) ;
#2278 = EDGE_CURVE ( 'NONE', #112, #1394, #651, .T. ) ;
#2279 = DIRECTION ( 'NONE',  ( 1.000000000000000000, 0.000000000000000000, 0.000000000000000000 ) ) ;
#2280 = CARTESIAN_POINT ( 'NONE',  ( -2.000000000000000000, -21.21320343559000321, 4.000000000000000000 ) ) ;
#2281 = ORIENTED_EDGE ( 'NONE', *, *, #29, .F. ) ;
#2282 = PLANE ( 'NONE',  #1444 ) ;
#2283 = ORIENTED_EDGE ( 'NONE', *, *, #1922, .T. ) ;
#2284 = DIRECTION ( 'NONE',  ( 1.000000000000000000, 0.000000000000000000, 0.000000000000000000 ) ) ;
#2285 = ORIENTED_EDGE ( 'NONE', *, *, #1570, .T. ) ;
#2286 = VECTOR ( 'NONE', #868, 1000.000000000000000 ) ;
#2287 = DIRECTION ( 'NONE',  ( 0.000000000000000000, 0.000000000000000000, 1.000000000000000000 ) ) ;
#2288 = CIRCLE ( 'NONE', #224, 23.50000000000000000 ) ;
#2289 = DIRECTION ( 'NONE',  ( 1.000000000000000000, 0.000000000000000000, 0.000000000000000000 ) ) ;
#2290 = EDGE_CURVE ( 'NONE', #526, #577, #2006, .T. ) ;
#2291 = FACE_OUTER_BOUND ( 'NONE', #234, .T. ) ;
#2292 = ORIENTED_EDGE ( 'NONE', *, *, #58, .F. ) ;
#2293 = EDGE_CURVE ( 'NONE', #1914, #865, #819, .T. ) ;
#2294 = DIRECTION ( 'NONE',  ( 0.000000000000000000, 0.000000000000000000, 1.000000000000000000 ) ) ;
#2295 = EDGE_LOOP ( 'NONE', ( #81, #965, #1595, #1742 ) ) ;
#2296 = FACE_OUTER_BOUND ( 'NONE', #830, .T. ) ;
#2297 = ORIENTED_EDGE ( 'NONE', *, *, #914, .F. ) ;
#2298 = CARTESIAN_POINT ( 'NONE',  ( -3.500000000000000000, 12.00000000000000000, 4.000000000000000000 ) ) ;
#2299 = LINE ( 'NONE', #1197, #902 ) ;
#2300 = AXIS2_PLACEMENT_3D ( 'NONE', #1944, #1583, #425 ) ;
#2301 = DIRECTION ( 'NONE',  ( 0.000000000000000000, 0.000000000000000000, 1.000000000000000000 ) ) ;
#2302 = ORIENTED_EDGE ( 'NONE', *, *, #320, .T. ) ;
#2303 = AXIS2_PLACEMENT_3D ( 'NONE', #1062, #2014, #672 ) ;
#2304 = CARTESIAN_POINT ( 'NONE',  ( -23.50000000000000000, 2.877919977996280320E-15, 16.00000000000000000 ) ) ;
#2305 = ORIENTED_EDGE ( 'NONE', *, *, #1309, .F. ) ;
#2306 = EDGE_CURVE ( 'NONE', #266, #1156, #1118, .T. ) ;
#2307 = CYLINDRICAL_SURFACE ( 'NONE', #1997, 23.50000000000000000 ) ;
#2308 = ORIENTED_EDGE ( 'NONE', *, *, #2153, .T. ) ;
#2309 = CARTESIAN_POINT ( 'NONE',  ( -3.744186046512000043, -22.69319437296000075, 4.000000000000000000 ) ) ;
#2310 = CIRCLE ( 'NONE', #2233, 1.499999999999999556 ) ;
#2311 = CARTESIAN_POINT ( 'NONE',  ( 3.000000000000000000, 0.000000000000000000, 0.000000000000000000 ) ) ;
#2312 = DIRECTION ( 'NONE',  ( 1.000000000000000000, 0.000000000000000000, 0.000000000000000000 ) ) ;
#2313 = VERTEX_POINT ( 'NONE', #1427 ) ;
#2314 = DIRECTION ( 'NONE',  ( 0.000000000000000000, 0.000000000000000000, 1.000000000000000000 ) ) ;
#2315 = ORIENTED_EDGE ( 'NONE', *, *, #1556, .F. ) ;
#2316 = AXIS2_PLACEMENT_3D ( 'NONE', #2343, #1908, #1354 ) ;
#2317 = EDGE_CURVE ( 'NONE', #906, #2131, #1074, .T. ) ;
#2318 = CARTESIAN_POINT ( 'NONE',  ( -12.00000000000000000, -2.000000000000000000, 4.000000000000000000 ) ) ;
#2319 = ORIENTED_EDGE ( 'NONE', *, *, #267, .F. ) ;
#2320 = DIRECTION ( 'NONE',  ( 1.000000000000000000, 0.000000000000000000, 0.000000000000000000 ) ) ;
#2321 = CARTESIAN_POINT ( 'NONE',  ( 0.000000000000000000, 0.000000000000000000, 16.00000000000000000 ) ) ;
#2322 = ORIENTED_EDGE ( 'NONE', *, *, #346, .F. ) ;
#2323 = CIRCLE ( 'NONE', #63, 1.700000000000000178 ) ;
#2324 = VECTOR ( 'NONE', #1206, 1000.000000000000000 ) ;
#2325 = CIRCLE ( 'NONE', #1924, 1.500000000000000000 ) ;
#2326 = CARTESIAN_POINT ( 'NONE',  ( 18.73832970144400178, 18.73832970144400178, 0.000000000000000000 ) ) ;
#2327 = ORIENTED_EDGE ( 'NONE', *, *, #825, .T. ) ;
#2328 = CARTESIAN_POINT ( 'NONE',  ( 0.000000000000000000, 0.000000000000000000, -1.000000000000000000 ) ) ;
#2329 = ORIENTED_EDGE ( 'NONE', *, *, #1483, .T. ) ;
#2330 = VECTOR ( 'NONE', #859, 1000.000000000000000 ) ;
#2331 = AXIS2_PLACEMENT_3D ( 'NONE', #350, #1286, #1106 ) ;
#2332 = CARTESIAN_POINT ( 'NONE',  ( 0.000000000000000000, 0.000000000000000000, 0.000000000000000000 ) ) ;
#2333 = VERTEX_POINT ( 'NONE', #275 ) ;
#2334 = LINE ( 'NONE', #1371, #428 ) ;
#2335 = EDGE_CURVE ( 'NONE', #454, #2333, #681, .T. ) ;
#2336 = DIRECTION ( 'NONE',  ( 0.000000000000000000, 0.000000000000000000, 1.000000000000000000 ) ) ;
#2337 = ORIENTED_EDGE ( 'NONE', *, *, #360, .F. ) ;
#2338 = AXIS2_PLACEMENT_3D ( 'NONE', #1090, #510, #705 ) ;
#2339 = EDGE_CURVE ( 'NONE', #824, #446, #2310, .T. ) ;
#2340 = FACE_OUTER_BOUND ( 'NONE', #1372, .T. ) ;
#2341 = VERTEX_POINT ( 'NONE', #1054 ) ;
#2342 = DIRECTION ( 'NONE',  ( 1.000000000000000000, 0.000000000000000000, 0.000000000000000000 ) ) ;
#2343 = CARTESIAN_POINT ( 'NONE',  ( -3.500000000000000000, 12.00000000000000000, 12.00000000000000000 ) ) ;
#2344 = ORIENTED_EDGE ( 'NONE', *, *, #2378, .F. ) ;
#2345 = CARTESIAN_POINT ( 'NONE',  ( -12.00000000000000000, -2.000000000000000000, 12.00000000000000000 ) ) ;
#2346 = VERTEX_POINT ( 'NONE', #1205 ) ;
#2347 = CIRCLE ( 'NONE', #564, 1.499999999999999556 ) ;
#2348 = ADVANCED_FACE ( 'NONE', ( #2388 ), #666, .F. ) ;
#2349 = FACE_OUTER_BOUND ( 'NONE', #1033, .T. ) ;
#2350 = EDGE_LOOP ( 'NONE', ( #1382, #2453 ) ) ;
#2351 = CYLINDRICAL_SURFACE ( 'NONE', #143, 23.00000000000000000 ) ;
#2352 = VERTEX_POINT ( 'NONE', #1225 ) ;
#2353 = CYLINDRICAL_SURFACE ( 'NONE', #954, 1.700000000000000178 ) ;
#2354 = AXIS2_PLACEMENT_3D ( 'NONE', #183, #2273, #2284 ) ;
#2355 = DIRECTION ( 'NONE',  ( 0.000000000000000000, 1.000000000000000000, 0.000000000000000000 ) ) ;
#2356 = ORIENTED_EDGE ( 'NONE', *, *, #588, .T. ) ;
#2357 = FACE_OUTER_BOUND ( 'NONE', #1778, .T. ) ;
#2358 = VERTEX_POINT ( 'NONE', #2059 ) ;
#2359 = EDGE_CURVE ( 'NONE', #2372, #2237, #2347, .T. ) ;
#2360 = DIRECTION ( 'NONE',  ( 0.000000000000000000, 0.000000000000000000, 1.000000000000000000 ) ) ;
#2361 = CARTESIAN_POINT ( 'NONE',  ( 21.21320343559600019, -3.500000000000000000, 12.00000000000000000 ) ) ;
#2362 = AXIS2_PLACEMENT_3D ( 'NONE', #2328, #2314, #785 ) ;
#2363 = AXIS2_PLACEMENT_3D ( 'NONE', #2326, #228, #64 ) ;
#2364 = VECTOR ( 'NONE', #91, 1000.000000000000000 ) ;
#2365 = LINE ( 'NONE', #127, #2166 ) ;
#2366 = ORIENTED_EDGE ( 'NONE', *, *, #483, .T. ) ;
#2367 = EDGE_CURVE ( 'NONE', #2020, #2010, #1829, .T. ) ;
#2368 = CARTESIAN_POINT ( 'NONE',  ( -22.69319437296000075, 3.744186046512000043, 4.000000000000000000 ) ) ;
#2369 = CARTESIAN_POINT ( 'NONE',  ( 2.000000000000000000, -24.00000000000000000, -2.000000000000000000 ) ) ;
#2370 = VERTEX_POINT ( 'NONE', #1836 ) ;
#2371 = LINE ( 'NONE', #1995, #506 ) ;
#2372 = VERTEX_POINT ( 'NONE', #337 ) ;
#2373 = CARTESIAN_POINT ( 'NONE',  ( -24.00000000000000000, -2.000000000000000000, -2.000000000000000000 ) ) ;
#2374 = DIRECTION ( 'NONE',  ( 0.000000000000000000, -1.000000000000000000, 0.000000000000000000 ) ) ;
#2375 = CARTESIAN_POINT ( 'NONE',  ( 2.000000000000000000, -24.00000000000000000, -2.000000000000000000 ) ) ;
#2376 = ORIENTED_EDGE ( 'NONE', *, *, #213, .F. ) ;
#2377 = LINE ( 'NONE', #1766, #1911 ) ;
#2378 = EDGE_CURVE ( 'NONE', #1879, #1555, #245, .T. ) ;
#2379 = LINE ( 'NONE', #315, #2041 ) ;
#2380 = EDGE_LOOP ( 'NONE', ( #1772, #637, #1803, #2322 ) ) ;
#2381 = LINE ( 'NONE', #870, #69 ) ;
#2382 = ORIENTED_EDGE ( 'NONE', *, *, #2378, .T. ) ;
#2383 = CARTESIAN_POINT ( 'NONE',  ( -21.21320343559000321, -3.500000000000000000, 4.000000000000000000 ) ) ;
#2384 = CARTESIAN_POINT ( 'NONE',  ( -3.079999999999999627, -10.56000000000000050, 12.00000000000000000 ) ) ;
#2385 = CIRCLE ( 'NONE', #1192, 1.500000000000001332 ) ;
#2386 = FACE_OUTER_BOUND ( 'NONE', #574, .T. ) ;
#2387 = ORIENTED_EDGE ( 'NONE', *, *, #1511, .F. ) ;
#2388 = FACE_OUTER_BOUND ( 'NONE', #897, .T. ) ;
#2389 = DIRECTION ( 'NONE',  ( 0.000000000000000000, 0.000000000000000000, 1.000000000000000000 ) ) ;
#2390 = ORIENTED_EDGE ( 'NONE', *, *, #1739, .T. ) ;
#2391 = EDGE_CURVE ( 'NONE', #2346, #1388, #872, .T. ) ;
#2392 = FACE_OUTER_BOUND ( 'NONE', #1339, .T. ) ;
#2393 = ORIENTED_EDGE ( 'NONE', *, *, #2409, .T. ) ;
#2394 = EDGE_CURVE ( 'NONE', #1811, #269, #326, .T. ) ;
#2395 = DIRECTION ( 'NONE',  ( 1.000000000000000000, 0.000000000000000000, 0.000000000000000000 ) ) ;
#2396 = DIRECTION ( 'NONE',  ( 0.000000000000000000, 0.000000000000000000, 1.000000000000000000 ) ) ;
#2397 = CYLINDRICAL_SURFACE ( 'NONE', #1024, 1.250000000000000222 ) ;
#2398 = CYLINDRICAL_SURFACE ( 'NONE', #620, 1.250000000000000222 ) ;
#2399 = AXIS2_PLACEMENT_3D ( 'NONE', #1820, #2201, #1060 ) ;
#2400 = ORIENTED_EDGE ( 'NONE', *, *, #121, .F. ) ;
#2401 = CIRCLE ( 'NONE', #1646, 11.00000000000000000 ) ;
#2402 = DIRECTION ( 'NONE',  ( 0.1627906976740855216, -0.9866606249115165150, 0.000000000000000000 ) ) ;
#2403 = ORIENTED_EDGE ( 'NONE', *, *, #314, .F. ) ;
#2404 = DIRECTION ( 'NONE',  ( 1.000000000000000000, 0.000000000000000000, 0.000000000000000000 ) ) ;
#2405 = EDGE_LOOP ( 'NONE', ( #343, #1806, #516, #1426 ) ) ;
#2406 = AXIS2_PLACEMENT_3D ( 'NONE', #2197, #122, #1072 ) ;
#2407 = AXIS2_PLACEMENT_3D ( 'NONE', #1510, #994, #2320 ) ;
#2408 = DIRECTION ( 'NONE',  ( 0.000000000000000000, 0.000000000000000000, 1.000000000000000000 ) ) ;
#2409 = EDGE_CURVE ( 'NONE', #956, #1313, #281, .T. ) ;
#2410 = DIRECTION ( 'NONE',  ( 1.000000000000000000, 0.000000000000000000, 0.000000000000000000 ) ) ;
#2411 = FILL_AREA_STYLE ('',( #465 ) ) ;
#2412 =( NAMED_UNIT ( * ) PLANE_ANGLE_UNIT ( ) SI_UNIT ( $, .RADIAN. ) );
#2413 = DIRECTION ( 'NONE',  ( 1.000000000000000000, 0.000000000000000000, 0.000000000000000000 ) ) ;
#2414 = VERTEX_POINT ( 'NONE', #1851 ) ;
#2415 = EDGE_CURVE ( 'NONE', #1083, #1642, #152, .T. ) ;
#2416 = LINE ( 'NONE', #1469, #1239 ) ;
#2417 = ORIENTED_EDGE ( 'NONE', *, *, #377, .F. ) ;
#2418 = EDGE_CURVE ( 'NONE', #2352, #446, #325, .T. ) ;
#2419 = AXIS2_PLACEMENT_3D ( 'NONE', #1723, #1474, #186 ) ;
#2420 = LINE ( 'NONE', #1471, #2096 ) ;
#2421 = ORIENTED_EDGE ( 'NONE', *, *, #736, .F. ) ;
#2422 = CARTESIAN_POINT ( 'NONE',  ( 0.000000000000000000, 0.000000000000000000, 0.000000000000000000 ) ) ;
#2423 = DIRECTION ( 'NONE',  ( 1.000000000000000000, 0.000000000000000000, 0.000000000000000000 ) ) ;
#2424 = EDGE_CURVE ( 'NONE', #1365, #1603, #2385, .T. ) ;
#2425 = DIRECTION ( 'NONE',  ( 0.000000000000000000, 0.000000000000000000, 1.000000000000000000 ) ) ;
#2426 = EDGE_LOOP ( 'NONE', ( #339, #1421 ) ) ;
#2427 = VECTOR ( 'NONE', #1390, 1000.000000000000000 ) ;
#2428 = CYLINDRICAL_SURFACE ( 'NONE', #258, 1.499999999999999778 ) ;
#2429 = ORIENTED_EDGE ( 'NONE', *, *, #1196, .F. ) ;
#2430 = CYLINDRICAL_SURFACE ( 'NONE', #739, 11.00000000000000000 ) ;
#2431 = ORIENTED_EDGE ( 'NONE', *, *, #1950, .T. ) ;
#2432 = CARTESIAN_POINT ( 'NONE',  ( -26.50000000000000000, 0.000000000000000000, -1.000000000000000000 ) ) ;
#2433 = CARTESIAN_POINT ( 'NONE',  ( -17.03832970144000214, 18.73832970144400178, 16.00000000000000000 ) ) ;
#2434 = AXIS2_PLACEMENT_3D ( 'NONE', #981, #1743, #798 ) ;
#2435 = DIRECTION ( 'NONE',  ( 0.000000000000000000, -1.000000000000000000, 0.000000000000000000 ) ) ;
#2436 = LINE ( 'NONE', #2258, #366 ) ;
#2437 = ORIENTED_EDGE ( 'NONE', *, *, #1965, .F. ) ;
#2438 = CARTESIAN_POINT ( 'NONE',  ( 1.500000000000000000, 7.500000000000000000, -1.000000000000000000 ) ) ;
#2439 = ORIENTED_EDGE ( 'NONE', *, *, #1965, .T. ) ;
#2440 = EDGE_CURVE ( 'NONE', #1137, #2414, #1464, .T. ) ;
#2441 = AXIS2_PLACEMENT_3D ( 'NONE', #2217, #1435, #912 ) ;
#2442 = AXIS2_PLACEMENT_3D ( 'NONE', #2130, #1566, #1532 ) ;
#2443 = AXIS2_PLACEMENT_3D ( 'NONE', #1493, #1478, #2268 ) ;
#2444 = CARTESIAN_POINT ( 'NONE',  ( 0.000000000000000000, 0.000000000000000000, 4.000000000000000000 ) ) ;
#2445 = ORIENTED_EDGE ( 'NONE', *, *, #267, .T. ) ;
#2446 = EDGE_CURVE ( 'NONE', #502, #634, #351, .T. ) ;
#2447 = CARTESIAN_POINT ( 'NONE',  ( 20.43832970144400107, -18.73832970144000143, 16.00000000000000000 ) ) ;
#2448 = CIRCLE ( 'NONE', #585, 1.500000000000000000 ) ;
#2449 = CARTESIAN_POINT ( 'NONE',  ( 22.69319437296400110, 3.744186046512000043, 4.000000000000000000 ) ) ;
#2450 = CARTESIAN_POINT ( 'NONE',  ( 17.03832970144400250, -18.73832970144000143, 16.00000000000000000 ) ) ;
#2451 = ORIENTED_EDGE ( 'NONE', *, *, #748, .F. ) ;
#2452 = CARTESIAN_POINT ( 'NONE',  ( -2.000000000000000000, 12.00000000000000000, 4.000000000000000000 ) ) ;
#2453 = ORIENTED_EDGE ( 'NONE', *, *, #636, .T. ) ;
ENDSEC;
END-ISO-10303-21;
